<document><no>3.1.1</no> <method>Start</method> <no>and</no> <method>Stop</method> <class>Diagnostics</class> <no>Use Case</no> 
<no>3.1.1.1</no> <no>Brief Description</no> 
<no>This</no> <no>use case</no> <no>provides</no> <no>the</no> <class>actor</class> <no>the</no> <no>means</no> <no>to</no> <association>start</association> <no>and</no> <association>stop</association> <class>diagnostic</class> <no>processing</no>.  <no>The</no> <class>actor</class> <no>in</no> <no>this</no> <no>case</no> <no>is</no> <no>the</no> <class>administrator user</class> (<no>see</no> <no>2.5.1</no>).   
<no>3.1.1.2</no> <no>Flow</no> <no>of</no> <no>Events</no> 
<no>The</no> <no>use case</no> <no>begins</no> <no>just</no> <no>prior</no> <no>to</no> <no>when</no> <no>the</no> <class>user</class> <no>launches</no> <no>the</no> <no>application</no>.  
<no>3.1.1.2.1</no> <no>Basic</no> <no>Flow</no> – <method>Start</method> <class>Diagnostics</class> 
<no>1</no>. <no>The</no> <class>user</class> <method>launches</method> <no>the</no> <method>tool</method> <no>by</no> <no>double-clicking</no> <no>the</no> <no>icon</no> <no>associated</no> <no>with</no> <no>the</no> <no>tool</no> <no>or</no> <no>typing</no> <no>the</no> <no>application</no><no>’s</no> <no>name</no>. 
<no>2.</no> <no>The</no> <method>tool</method> <no>momentarily</no> <method>displays</method> <no>a</no> <method>splash screen</method> <no>identifying</no> <no>the</no> <no>tool</no>, <no>identifying</no> <no>developing</no> <no>and</no> <no>sponsoring</no> <no>organizations</no> <no>as</no> <no>appropriate</no>, <no>and</no> <no>listing</no> <no>copyright</no> <no>information</no>. 
<no>3</no>. <no>The</no> <method>tool</method> <method>displays</method> <no>the</no> <class>main window</class> <no>of</no> <no>the</no> <no>tool</no>. 
<no>4</no>. <no>The</no> <class>user</class> <association>starts</association> <no>the</no> <class>diagnostic</class> <no>processing</no> <no>by</no> <no>selecting</no> <no>a</no> <no>menu</no> <no>item</no> <no>named</no> “<method>Start</method> <class>Diagnostics</class>” <no>from</no> <no>a</no> <no>drop</no> <no>down</no> <no>menu</no> <no>named</no> “<no>Status</no>”. 
<no>5</no>. <no>Include</no> (<no>Authenticate</no> <class>User</class>).  <no>If</no> <no>the</no> <class>user</class> <no>has</no> <no>the</no> <no>appropriate</no> <attribute>privilege</attribute> (<no>i.e</no>., <no>the</no> <class>user</class> <no>is</no> <no>the</no> <class>administrator user</class>) <no>the</no> <no>tool</no> <no>requests</no> <no>a</no> <no>confirmatory</no> <no>response</no> <no>from</no> <no>the</no> <class>user</class> <no>to</no> <association>start</association> <no>the</no> <class>diagnostic</class> <no>processing</no>. 
<no>6</no>. <no>If</no> <no>the</no> <class>user</class> <no>confirms</no> <no>the</no> <no>desire</no> <no>to</no> <method>start</method> <class>diagnostic</class> <no>processing</no>, <no>the</no> <no>tool</no> <no>starts</no> <no>the</no> <no>processing</no> <no>and</no> <no>displays</no> <no>an</no> <no>animated</no> <no>indication</no> <no>that</no> <class>diagnostic</class> <no>processing</no> <no>is</no> <no>active</no>.  
<no>7</no>. <no>If</no> <no>the</no> <class>user</class> <method>responds</method> <no>negatively</no> <no>to</no> <no>the</no> <method>confirmation</method>, <no>the</no> <no>tool</no> <no>does</no> <no>not</no> <no>start</no> <no>the</no> <class>diagnostic</class> <no>processing</no> <no>but</no> <no>the</no> <class>user</class> <no>remains</no> <no>authenticated</no>. 
<no>8</no>. <no>If</no> <no>the</no> <class>user</class> <no>does</no> <no>not</no> <no>have</no> <no>the</no> <no>appropriate</no> <no>privilege</no>, <no>the</no> <no>tool</no> <no>does</no> <no>not</no> <no>start</no> <no>the</no> <class>diagnostic</class> <no>processing</no>. 
<no>9</no>. <no>The</no> <class>user</class> <method>secures</method> <no>the</no> <no>tool</no> <no>by</no> <no>selecting</no> <no>a</no> <no>menu</no> <no>item</no> <no>named</no> “<no>Logout</no>” <no>from</no> <no>the</no> <no>drop</no> <no>down</no> <no>menu</no> <no>named</no> “<no>File</no>”. 
<no>10</no>.  <no>The</no> <method>tool</method> <method>returns</method> <no>the</no> <no>current</no> <class>user</class>’s <attribute>privileges</attribute> <no>to</no> <no>those</no> <no>of</no> <no>the</no> <no>general</no> <class>user</class>. 
<no>11</no>.  <no>If</no> <no>a</no> <no>period</no> <no>of</no> <no>15</no> <no>minutes</no> <no>elapses</no> <no>whereby</no> <no>the</no> <class>user</class> <no>does</no> <no>not</no> <no>secure</no> <no>the</no> <no>tool</no>, <no>the</no> <class>users</class> <attribute>privileges</attribute> <no>will</no> <no>automatically</no> <method>revert</method> <no>to</no> <no>those</no> <no>of</no> <no>a</no> <no>general</no> <class>user</class>.  
<no>3.1.1.2.2</no> <no>Alternative Flow</no> 
<no>3.1.1.2.2.1</no> <method>Stopping</method> <class>Diagnostic</class> <no>Processing</no>  
<no>1</no>. <no>The</no> <class>user</class> <no>can</no> <association>stop</association> <class>diagnostic</class> <no>processing</no> <no>at</no> <no>any</no> <no>time</no> <no>after</no> <no>the</no> <class>diagnostic</class> <no>processing</no> <no>has</no> <no>started</no> <no>by</no> <no>selecting</no> <no>the</no> “<method>Stop</method> <class>Diagnostics</class>” <no>menu</no> <no>item</no> <no>from</no> <no>the</no> <no>main</no> <no>menu</no> <no>entitled</no> “<no>Status</no>”. 
<no>2</no>. <no>If</no> <no>the</no> <class>user</class> <no>is</no> <no>not</no> <no>authenticated</no> <no>as</no> <no>the</no> <class>administrator user</class>, <no>include</no> (<no>Authenticate</no> <class>User</class>) <no>to</no> <method>validate</method> <attribute>privileges</attribute> <no>for</no> <method>stopping</method> <class>diagnostic</class> <no>processing</no>. <no>
3</no>. <no>If</no> <no>the</no> <class>user</class> <no>has</no> <no>the</no> <no>appropriate</no> <attribute>privilege</attribute>, <no>the</no> <method>tool</method> <no>requests</no> <method>confirmation</method> <no>to</no> <method>stop</method> <class>diagnostic</class> <no>processing</no>.   
<no>4</no>. <no>If</no> <no>the</no> <class>user</class> <method>responds</method> <no>positively</no> <no>to</no> <no>the</no> <no>confirmation</no>, <no>the</no> <no>tool</no> <method>stops</method> <class>diagnostic</class> <no>processing</no> <no>and</no> <no>indicates</no> <no>the</no> <no>stopped</no> <no>condition</no>.  <no>Otherwise</no> <no>the</no> <no>software</no> <no>performs</no> <no>no</no> <no>function</no> <no>but</no> <no>the</no> <class>user</class> <no>remains</no> <no>authenticated</no>. 
<no>5</no>. <no>If</no> <no>the</no> <class>user</class> <method>selects</method> <no>the</no> “<method>Exit</method>” <no>menu</no> <no>item</no> <no>from</no> <no>the</no> <no>main</no> <no>menu</no> <no>entitled</no> “<no>File</no>” <no>and</no> <no>the</no> <class>diagnostic</class> <no>processing</no> <no>is</no> <no>not</no> <no>active</no>, <no>the</no> <no>tool</no> <no>exits</no>. 
<no>6</no>. <no>If</no> <no>the</no> <class>user</class> <method>selects</method> “<method>Exit</method>” <no>and</no> <no>the</no> <class>diagnostic</class> <no>processing</no> <no>is</no> <no>active</no>, <no>include</no> (<no>Authenticate</no> <class>User</class>), <no>if</no> <no>the</no> <class>user</class> <no>is</no> <no>not</no> <no>already</no> <no>validated</no>, <no>to</no> <no>verify</no> <no>the</no> <class>user</class><no>’s</no> <no>privilege</no> <no>to</no> <no>stop</no> <class>diagnostic</class> <no>processing</no>. 
<no>7</no>. <no>If</no> <no>the</no> <class>user</class> <no>is</no> <no>permitted</no> <no>to</no> <association>stop</association> <class>diagnostic</class> <no>processing</no>, <no>the</no> <method>tool</method> <method>stops</method> <no>the</no> <method>processing</method> <no>and</no> <method>exits</method>.  <no>Otherwise</no>, <no>the</no> <no>software</no> <no>performs</no> <no>no</no> <no>function</no>.  
 
<no>3.1.1.3</no> <no>Special Requirements</no> 
<no>There</no> <no>are</no> <no>no</no> <no>special requirements</no> <no>for</no> <no>this</no> <no>use case</no>.  
<no>3.1.1.4</no> <no>Preconditions</no> 
<no>There</no> <no>are</no> <no>no</no> <no>preconditions</no> <no>for</no> <no>this</no> <no>use case</no>.  
<no>3.1.1.5</no> <no>Postconditions</no> 
<no>There</no> <no>are</no> <no>no</no> <no>postconditions</no> <no>for</no> <no>this</no> <no>use case</no>.  
<no>3.1.1.6</no> <no>Extension Points</no> 
<no>There</no> <no>are</no> <no>no</no> <no>extension points</no> <no>for</no> <no>this</no> <no>use case</no>.  

<no>3.1.2</no> <method>Browse</method> <no>Current</no> <class>Diagnostics</class> <no>Use Case</no> 
<no>3.1.2.1</no> <no>Brief Description</no> 
<no>This</no> <no>use case</no> <no>provides</no> <no>the</no> <class>actor</class> <no>the</no> <no>means</no> <no>to</no> <association>view</association> <no>current</no> <class>diagnostic</class> <no>results</no>.  <no>The</no> <class>actor</class> <no>in</no> <no>this</no> <no>case</no> <no>is</no> <no>the</no> <class>user</class> (<no>see</no> <no>2.5.1</no>).  
 
<no>3.1.2.2</no> <no>Flow</no> <no>of</no> <no>Events</no> 
<no>The</no> <no>use case</no> <no>begins</no> <no>with</no> <no>the</no> <method>tool</method> <method>executing</method> <no>and</no> <method>displaying</method> <no>a</no> <no>list</no> <no>of</no> <class>buildings</class> <no>under</no> <no>diagnosis</no> <no>on</no> <no>the</no> <no>main</no> (<no>initial</no>) <no>window</no>. 
<no>3.1.2.2.1</no> <no>Basic</no> <no>Flow</no> – <method>Browse</method> <no>Current</no> <class>Diagnostics</class> 
<no>1</no>. <no>The</no> <method>tool</method> <method>displays</method> <no>the</no> <method>main</method> (<no>initial</no>) <method>window</method>, <no>listing</no> <class>buildings</class> <no>under</no> <no>diagnosis</no>. 
<no>2</no>. <no>The</no> <class>user</class> <association>selects</association> <no>a</no> <class>building</class> <no>of</no> <no>interest</no>. 
<no>3</no>. <no>The</no> <method>tool</method> <method>displays</method> <no>the</no> <method>subsystems window</method>, <no>tiled</no> <no>on</no> <no>top</no> 
<no>the</no> <no>main</no> (<no>initial</no>) <no>window</no>. 
<no>4</no>. <no>The</no> <class>user</class> <method>selects</method> <no>a</no> <method>subsystem</method> <no>of</no> <no>interest</no>. 
<no>5</no>. <no>The</no> <method>tool</method> <method>displays</method> <no>the</no> <class>condition window</class>, <no>tiled</no> <no>on</no> <no>top</no> <no>the</no> <no>subsystems</no> <no>window</no>. 
<no>6</no>. <no>The</no> <class>user</class> <association>selects</association> <no>a</no> <class>diagnostic</class> <no>of</no> <no>interest</no>. 
<no>7</no>. <no>The</no> <method>tool</method> <method>displays</method> <no>the</no> <class>diagnostic</class> <no>information</no> <no>window</no> <no>for</no> <no>that</no> <class>diagnostic</class>. 
<no>3.1.2.2.2</no> <no>Alternative Flow</no> 
<no>1</no>. <no>At</no> <no>any</no> <no>window</no> <no>except</no> <no>the</no> <no>initial</no> <no>window</no>, <no>the</no> <class>user</class> <no>may</no> <no>click</no> <no>the</no> “<method>Back</method>” <no>button</no> <no>to</no> <no>dismiss</no> <no>the</no> <no>current</no> <no>window</no> <no>and</no> <no>re-establish</no> <no>the</no> <no>previous</no> <no>window</no> <no>as</no> <no>the</no> <no>current</no> <no>window</no>.  <no>The</no> <class>user</class> <no>may</no> <no>then</no> <no>make</no> <no>a</no> <no>new</no> <method>selection</method>. 
<no>2</no>. <no>The</no> <class>user</class> <no>may</no> <no>click</no> <no>a</no> <no>button</no> <no>labeled</no> “<association>Print</association>” <no>on</no> <no>the</no> <class>diagnostic</class> <no>information</no> <no>window</no> <no>to</no> <method>print</method> <no>an</no> <method>image</method> <no>of</no> <no>the</no> <no>window</no>. 
<no>3</no>. <no>The</no> <method>tool</method> <method>displays</method> <no>a</no> <no>window</no> <no>listing</no> <no>possible</no> <method>items</method> <no>to</no> <no>print</no> <no>including</no> <no>the</no> <class>diagnostic</class> <no>information</no> <no>window</no>. 
<no>4</no>. <no>The</no> <class>user</class> <association>selects</association> <no>the</no> <class>diagnostic</class> <no>information</no> <no>window</no> <no>and</no> <no>clicks</no> <no>the</no> “<method>OK</method>” <no>button</no> <no>to</no> <no>print</no> <no>the</no> <no>window</no>. 
 
<no>3.1.2.3</no> <no>Special Requirements</no> 
<no>There</no> <no>are</no> <no>no</no> <no>special requirements</no> <no>for</no> <no>this</no> <no>use case</no>. 
<no>3.1.2.4</no> <no>Preconditions</no> 
<no>There</no> <no>are</no> <no>no</no> <no>preconditions</no> <no>for</no> <no>this</no> <no>use case</no>.   
<no>3.1.2.5</no> <no>Postconditions</no> 
<no>The</no> <class>diagnostic</class> <no>processing</no> <no>will</no> <no>not</no> <no>cease</no> <no>or</no> <no>be</no> <no>negatively</no> <no>impacted</no> <no>during</no> <no>the</no> <no>activities</no> <no>of</no> <no>this</no> <no>use case</no>. 
<no>3.1.2.6</no> <no>Extension Points</no> 
<no>There</no> <no>are</no> <no>no</no> <no>extension points</no> <no>for</no> <no>this</no> <no>use case</no>.
  
<no>3.1.3</no> <method>Browse</method> <attribute>Historical</attribute> <class>Diagnostics</class> <no>Use Case</no> 
<no>3.1.3.1</no> <no>Brief Description</no> 
<no>This</no> <no>use case</no> provides <no>the</no> <class>actor</class> <no>the</no> means <no>to</no> <association>view</association> historical <class>diagnostic</class> results.  <no>The</no> <class>actor</class> <no>in</no> <no>this</no> <no>case</no> <no>is</no> <no>the</no> <class>user</class> (see <no>2.5.1</no>).  
<no>3.1.3.2</no> <no>Flow</no> <no>of</no> <no>Events</no> 
<no>The</no> <no>use case</no> <no>begins</no> <no>with</no> <no>the</no> <method>tool</method> <method>displaying</method> <no>the</no> <class>diagnostic</class> <no>information</no> <no>window</no>, <no>itself</no> <no>displaying</no> <no>a</no> <no>description</no> <no>of</no> <no>a</no> <class>diagnostic</class> <no>of</no> <no>interest</no>. 
 
<no>3.1.3.2.3</no> <no>Basic</no> <no>Flow</no> – <method>Browse</method> <attribute>Historical</attribute> <class>Diagnostics</class> 
<no>1</no>. <no>The</no> <class>user</class> <no>clicks</no> <no>the</no> “<method>History</method>” <no>button</no>. 
<no>2</no>. <no>The</no> <method>tool</method> <method>displays</method> <no>the</no> <class>diagnostic</class> <attribute>history</attribute> <no>window</no> <no>depicting</no> <no>the</no> <no>historical</no> <no>results</no> <no>of</no> <no>the</no> <no>selected</no> <no>condition</no> <no>of</no> <no>interest</no> <no>over</no> <no>the</no> <no>default</no> <no>viewing</no> <no>period</no> <no>in</no> <no>the</no> <no>form</no> <no>of</no> <no>a</no> <no>color</no> <no>map</no>.  <no>The</no> <method>window</method> <method>provides</method> <no>a</no> <method>scroll</method> <no>bar</no> <no>for</no> <no>scrolling</no> <no>through</no> <no>historical</no> <no>results</no> <no>if</no> <no>data</no> <no>are</no> <no>available</no> <no>prior</no> <no>to</no> <no>the</no> <no>default</no> <no>viewing</no> <no>period</no>.  <no>The</no> <no>default</no> <method>viewing</method> <method>period</method> <method>extends</method> <no>backward</no> <no>one</no> <no>week</no> <no>prior</no> <no>to</no> <no>the</no> <no>current</no> <no>date</no>.  <no>Sliding</no> <no>the</no> <no>scroll</no> <no>bar</no> <no>does</no> <no>not</no> <no>change</no> <no>the</no> <no>viewing</no> <no>period</no> <no>displayed</no>.  <no>The</no> <no>default</no> <no>time</no> <no>resolution</no> <no>for</no> <no>the</no> <no>window</no> <no>is</no> <no>one</no> <no>hour</no>. 
<no>3</no>. <no>The</no> <class>user</class> <method>slides</method> <no>the</no> <method>scroll</method> <no>bar</no> <no>backward</no> <no>or</no> <no>forward</no> <no>to</no> <no>view</no> <no>previous</no> <no>results</no> <no>up</no> <no>to</no> <no>the</no> <no>current</no> <no>time</no>. 
<no>4</no>. <no>The</no> <method>tool</method> <method>displays</method> <no>the</no> <method>results</method> <no>within</no> <no>a</no> <no>viewing</no> <no>period</no> <no>of</no> <no>one</no> <no>week</no>, <no>adding</no> <no>results</no> <no>to</no> <no>the</no> <no>beginning</no> <no>or</no> <no>ending</no> <no>of</no> <no>the</no> <no>period</no> <no>while</no> <no>dropping</no> <no>results</no> <no>of</no> <no>the</no> <no>opposite</no> <no>end</no>.  <no>The</no> <no>tool</no> <no>does</no> <no>not</no> <no>change</no> <no>the</no> <no>viewing</no> <no>period</no>. 
<no>5</no>. <no>The</no> <class>user</class> <no>may</no> <association>close</association> <no>the</no> <class>diagnostic</class> <attribute>history</attribute> <no>window</no> <no>by</no> <no>clicking</no> <no>the</no> “<no>Close</no>” <no>button</no>. 
<no>6</no>. <no>The</no> <method>tool</method> <method>dismisses</method> <no>the</no> <class>diagnostic</class> <attribute>history</attribute> <no>window</no> <no>and</no> <no>the</no> <class>diagnostic</class> <no>information</no> <no>window</no> <no>and</no> <no>makes</no> <no>the</no> <class>condition window</class> <no>the</no> <no>current</no> <no>window</no>.   
<no>3.1.3.2.4</no> <no>Alternative Flows</no> 
<no>3.1.3.2.4.1</no> <method>Changing</method> <no>the</no> <method>Viewing</method> <attribute>Period</attribute> 
<no>1</no>. <no>The</no> <class>user</class> <method>selects</method> <no>a</no> <no>new</no> <method>viewing</method> <attribute>period</attribute> <no>from</no> <no>a</no> <no>list</no> <no>of</no> <no>periods</no> <no>provided</no> <no>by</no> <no>the</no> <no>tool</no>. 
<no>2</no>. <no>The</no> <method>tool</method> <method>redisplays</method> <no>the</no> <method>historically</method> <method>data</method> <no>over</no> <no>the</no> <no>new</no> <no>viewing</no> <no>period</no>. 
<no>3.1.3.2.4.2</no> <method>Zooming</method> 
<no>1</no>. <no>The</no> <class>user</class> <method>selects</method> <no>a</no> <attribute>period</attribute> <no>of</no> <no>time</no> <no>within</no> <no>the</no> <no>displayed</no> 
<no>viewing</no> <no>period</no> <no>over</no> <no>which</no> <no>to</no> <no>expand</no> <no>or</no> <no>contract</no> <no>in</no> <no>time</no>. 
<no>2</no>. <no>The</no> <method>tool</method> <method>expands</method> <no>or</no> <method>contracts</method> <no>the</no> <no>selected</no> <attribute>period</attribute>.  <no>If</no> <no>expanding</no>, <no>the</no> <no>selected</no> <no>period</no> <no>becomes</no> <no>the</no> <no>new</no> <no>viewing</no> <no>period</no>.  <no>If</no> <no>contracting</no>, <no>the</no> <no>new</no> <no>viewing</no> <no>period</no> <no>becomes</no> <no>twice</no> <no>as</no> <no>long</no> <no>as</no> <no>the</no> <no>selected</no> <no>period</no> <no>and</no> <no>encloses</no> <no>it</no>. 
<no>3.1.3.2.4.3</no> <method>Displaying</method> <attribute>Historical</attribute> <class>Diagnostic</class> <no>Information</no> 
<no>1</no>. <no>The</no> <class>user</class> <method>double-clicks</method> <no>a</no> <no>cell</no> <no>in</no> <no>the</no> <no>history</no> <no>window</no>. 
<no>2</no>. <no>The</no> <method>tool</method> <method>dismisses</method> <no>the</no> <no>current</no> <class>diagnostic</class> <no>information</no> 
<no>window</no> <no>if</no> <no>displayed</no>.  <no>After</no> <no>a</no> <no>noticeable</no> <no>delay</no> <no>of</no> <no>approximately</no> <no>one</no> <no>second</no>, <no>the</no> <method>tool</method> <method>displays</method> <no>the</no> <class>diagnostic</class> <no>information</no> <no>window</no> <no>associated</no> <no>with</no> <no>the</no> <no>cell</no> <no>selected</no>. 
<no>3.1.3.2.4.4</no> <method>Browsing</method> <no>Arbitrary</no> <attribute>History</attribute> <no>Intervals</no>  
<no>1</no>. <no>The</no> <class>user</class> <method>specifies</method> <no>a</no> <attribute>start time</attribute> <no>and</no> <attribute>end time</attribute> <no>for</no> <no>an</no> <no>historical</no> <no>interval</no> <no>of</no> <no>interest</no> <no>using</no> <no>calendar</no> <no>controls</no>. 
<no>2</no>. <no>The</no> <method>tool</method> <method>displays</method> <attribute>historical</attribute> <no>results</no> <no>beginning</no> <no>with</no> <no>the</no> <no>first</no> <no>result</no> <no>on</no> <no>or</no> <no>after</no> <no>the</no> <no>specified</no> <no>start</no> <no>time</no> <no>up</no> <no>to</no> <no>the</no> <no>end</no> <no>time</no>.  <no>The</no> <no>view</no> <no>is</no> <no>confined</no> <no>to</no> <no>the</no> <no>previously</no> <no>selected</no> <no>viewing</no> <no>period</no>. 
<no>3.1.3.2.4.5</no> <no>General</no> <no>Alternative Flows</no>  
<no>1</no>. <no>At</no> <no>the</no> <class>diagnostic</class> <no>information</no> <no>window</no>, <no>the</no> <class>user</class> <no>may</no> <no>click</no> <no>the</no> “<method>Close</method>” <no>button</no> <no>to</no> <no>dismiss</no> <no>the</no> <no>window</no> <no>and</no> <no>make</no> <no>the</no> <class>condition window</class> <no>the</no> <no>current</no> <no>window</no> <no>if</no> <no>the</no> <class>diagnostic</class> <no>history</no> <no>window</no> <no>is</no> <no>not</no> <no>displayed</no>.  
<no>2</no>. <no>If</no> <no>the</no> <class>user</class> <no>attempts</no> <no>to</no> <association>close</association> <no>the</no> <class>diagnostic</class> <no>information</no> <no>window</no> <no>and</no> <no>the</no> <class>diagnostic</class> <attribute>history</attribute> <no>window</no> <no>is</no> <no>still</no> <method>displayed</method>, <no>the</no> <class>diagnostic</class> <no>information</no> <no>window</no> <no>is</no> <method>dismissed</method> <no>but</no> <no>the</no> <class>diagnostic</class> <no>history</no> <no>window</no> <no>remains</no>. 
<no>3</no>. <no>If</no> <no>the</no> <class>condition window</class> <no>is</no> <method>closed</method>, <no>then</no> <no>both</no> <no>the</no> <class>diagnostic</class> <no>information</no> <no>and</no> <class>diagnostic</class> <no>history</no> <no>windows</no> <no>are</no> <method>closed</method> <no>if</no> <no>open</no>. 
<no>4</no>. <no>If</no> <no>the</no> <class>user</class> <no>does</no> <no>not</no> <no>specify</no> <no>an</no> <no>end</no> <no>time</no> <no>for</no> <no>the</no> <no>history</no> <no>interval</no> <no>in</no> <no>3.1.3.2.4.1</no> <no>Browsing</no> <no>Arbitrary</no> <no>History</no> <no>Intervals</no> (<no>1</no>), <no>it</no> <no>defaults</no> <no>to</no> <no>the</no> <no>current</no> <no>time</no>.   
<no>3.1.3.3</no> <no>Special Requirements</no> 
<no>There</no> <no>are</no> <no>no</no> <no>special requirements</no> <no>for</no> <no>this</no> <no>use case</no>. 
<no>3.1.3.4</no> <no>Preconditions</no> 
<no>The</no> <class>diagnostic</class> <no>processing</no> <no>need</no> <no>not</no> <no>be</no> <no>active</no> <no>for</no> <no>this</no> <no>use case</no>.  <no>A</no> <class>diagnostic</class> <no>information</no> <no>window</no> <no>must</no> <no>be</no> <method>displayed</method> <no>for</no> <no>this</no> <no>use case</no> <no>to</no> <no>begin</no>. 
<no>3.1.3.5</no> <no>Postconditions</no> 
<no>The</no> <class>diagnostic</class> <no>processing</no> <no>will</no> <no>not</no> <no>cease</no> <no>or</no> <no>be</no> <no>negatively</no> <no>impacted</no> <no>during</no> <no>the</no> <no>activities</no> <no>of</no> <no>this</no> <no>use case</no>. 
<no>3.1.3.6</no> <no>Extension Points</no> 
<no>There</no> <no>are</no> <no>no</no> <no>extension points</no> <no>for</no> <no>this</no> <no>use case</no>.  

<no>3.1.4</no> <method>Configure</method> <class>Diagnostics</class> <no>Use Case</no> 
<no>3.1.4.1</no> <no>Brief Description</no> 
<no>This</no> <no>use case</no> <no>provides</no> <no>the</no> <class>actor</class> <no>the</no> <no>means</no> <no>to</no> <association>configure</association> <no>the</no> <class>diagnostic</class> <no>tool</no>.  <no>This</no> <no>includes</no> <method>defining</method> <no>the</no> <class>buildings</class> <no>containing</no> <no>systems</no> <no>to</no> <no>be</no> <no>diagnosed</no>, <no>defining</no> <no>the</no> <no>systems</no> <no>themselves</no>, <method>specifying</method> <method>equipment</method> <no>setpoints</no>, <method>selecting</method> <class>diagnostic</class> <method>sensitivity</method>, <no>and</no> <method>modifying</method> <method>fixed</method> <method>data</method>.  <no>The</no> <class>actor</class> <no>in</no> <no>this</no> <no>case</no> <no>is</no> <no>the</no> <class>administrator</class> <class>user</class> (<no>see</no> <no>2.5.1</no>).  
<no>3.1.4.2</no> <no>Flow</no> <no>of</no> <no>Events</no> 
<no>The</no> <class>diagnostic</class> <no>tool</no> <no>is</no> <method>executing</method> <no>prior</no> <no>to</no> <no>the</no> <no><no gateId="7301"/>processing</no> <no>of</no> <no>this</no> <no>use case</no> <no>and</no> <no>only</no> <no>the</no> <class>main window</class> <no>of</no> <no>the</no> <no>tool</no> <no>is</no> <method>displayed</method>. 
<no>3.1.4.2.5</no> <no>Basic</no> <no>Flow</no> – <no>Configure</no> <class>Diagnostics</class> 
<no>1</no>. <no>When</no><no gateId="7306"/> <no>presented</no> <no>with</no> <no>the</no> <class>main window</class>, <no>the</no> <class>user</class> <no>may</no> <no>select</no> <no>the</no> “<method>Configure</method> <class>Diagnostics</class>” <no>menu</no> <method>item</method> <no>from</no> <no>the</no> <no>menu</no> <no>entitled</no> “<no>File</no>”. 
<no>2</no>. <no>If</no> <no>the</no> <class>user</class> <no>has</no> <no>not</no> <no>already</no> <no>been</no> authenticated <no>as</no> <no>the</no> <class>administrator user</class>, <no>include</no> (<no>Authenticate</no> <class>User</class>). 
<no>3</no>. <no>If</no> <no>the</no> <class>user</class> <no>has</no> <no>the</no> <no>appropriate</no> <attribute>privilege</attribute>, <no>the</no> <method>tool</method> <method>displays</method> <no>the</no> <no>configuration</no> <no>window</no>.   
<no>4</no>. <no>The</no> <class>user</class> <no>may</no> <no>click</no> <no>the</no> “<method>Recall</method>” <no>button</no> <no>to</no> <no>read</no> <no><no gateId="7326"/>previously</no> <method>saved</method> <method>changes</method> <no>from</no> <no>a</no> <no>disk</no> <no>file</no> <no>or</no> <no>database</no>. 
<no>5</no>. <no>The</no> <method>tool</method> <method>populates</method> <no>the</no> <no>window</no> <no>with</no> <no>the</no> <no>data</no> <no>from</no> <no>the</no> <no>disk</no> <no>file</no>. 
<no>6</no>. <no>The</no> <class>user</class> <no>makes</no> <no>the</no> <no>desired</no> <method>changes</method> <no>to</no> <no>the</no> <class>configuration</class> <no>and</no> <no>can</no> <no>click</no> <no>the</no> <no>button</no> <no>labeled</no> “<method>Save</method>” <no>to</no> <no>save</no> <no>the</no> <no>changes</no>.  <no>Otherwise</no>, <no>the</no> <class>user</class> <no>can</no> <no>click</no> <no>the</no> <no>button</no> <no>labeled</no> “<method>Close</method>”. 
<no>7</no>. <no>If</no> <no>the</no> <class>user</class> <no>clicks</no> <no>the</no> <no>button</no> <no>labeled</no> “<method>Save</method>”, <no>the</no> <method>tool</method> <no>will</no> <no>request</no> <method>confirmation</method> <no>to</no> <method>save</method> <no>the</no> <no>changes</no>. 
<no>8</no>. <no>If</no> <no>the</no> <class>user</class> <method>confirms</method>, <no>the</no> <method>tool</method> <no>will</no> <method>request</method> <no>a</no> <attribute>name</attribute> <no>for</no> <no>the</no> <class>disk file</class> <no>in</no> <no>which</no> <no>to</no> <method>save</method> <no>the</no> <method>modified</method> <no>data</no> <no>to</no> <no>permanent</no> <no>storage</no>. 
<no>9</no>. <no>The</no> <class>user</class> <no>will</no> <method>enter</method> <no>a</no> <attribute>name</attribute> <no>for</no> <no>the</no> <class>file</class> <no>or</no> <method>cancel</method> <no>the</no> <method>operation</method>. 
<no>10</no>.  <no>If</no> <no>the</no> <class>user</class> <method>enters</method> <no>a</no> <attribute>name</attribute> <no>for</no> <no>the</no> <class>file</class>, <no>the</no> <method>tool</method> <no>will</no> <method>save</method> <no>the</no> <no>changes</no>.  <no>If</no> <no>the</no> <class>user</class> <method>cancels</method> <no>the</no> <no>operation</no>, <no>the</no> <no>tool</no> <no>will</no> <no>perform</no> <no>no</no> <no>function</no>. 
<no>11</no>.  <no>If</no> <no>the</no> <method>tool</method> <no>completes</no> <no>the</no> <method>save</method> <no>operation</no>, <no>the</no> <no>tool</no> <no>will</no> <no>ask</no> <no>the</no> <class>user</class> <no>if</no> <no>the</no> <method>changes</method> <no>are</no> <no>to</no> <no>be</no> <method>relayed</method> <no>to</no> <no>the</no> <class>diagnostic</class> <no>processing</no> <no>for</no> <no>immediate</no> <no>use</no>. 
<no>12</no>.  <no>If</no> <no>the</no> <class>user</class> <no>confirms</no> <no>the</no> <association>changes</association> <no>are</no> <no>to</no> <no>be</no> <association>relayed</association> <no>to</no> <no>the</no> <class>diagnostic</class> <no>processing</no>, <no>the</no> <no>tool</no> <no>relays</no> <no>the</no> <no>changes</no> <no>if</no> <no>the</no> <no>processing</no> <no>is</no> <no>currently</no> <no>active</no>.  <no>Otherwise</no>, <no>the</no> <no>tool</no> <no>does</no> <no>not</no> <no>relay</no> <no>the</no> <no>changes</no>. 
<no>13</no>.  <no>If</no> <no>the</no> <class>user</class> <no>clicks</no> <no>the</no> <no>button</no> <no>labeled</no> “<method>Close</method>”, <no>the</no> <method>tool</method> <no>will</no> <no>request</no> <method>confirmation</method> <no>for</no> <no>the</no> <method>close</method> <no>and</no> <no>the</no> <no>potential</no> <no>loss</no> <no>of</no> <no>any</no> <no>changes</no>.   
<no>14</no>.  <no>If</no> <no>the</no> <class>user</class> <no>confirms</no>, <no>the</no> <no>tool</no> <no>will</no> <method>dismiss</method> <no>the</no> <class>configuration</class> <no>window</no>, <no>ignoring</no> <no>any</no> <no>changes</no> <no>and</no> <no>returns</no> <no>the</no> <class>user</class> <no>to</no> <no>the</no> <class>main window</class>.  <no>If</no> <no>the</no> <class>user</class> <method>rejects</method> <no>the</no> <no>initial</no> <no>desire</no> <no>to</no> <method>close</method>, <no>the</no> <no>tool</no> <no>will</no> <no>perform</no> <no>no</no> <no>function</no>. 
<no>3.1.4.2.6</no> <no>Alternative Flows</no> 
<no>There</no> <no>are</no> <no>no</no> <no>alternative flows</no> <no>for</no> <no>this</no> <no>use case</no>. 
<no>3.1.4.3</no> <no>Special Requirements</no> 
<no>There</no> <no>are</no> <no>not</no> <no>special requirements</no> <no>for</no> <no>this</no> <no>use case</no>. 
<no>3.1.4.4</no> <no>Preconditions</no> 
<no>The</no> <class>main window</class> <no>of</no> <no>the</no> <no>tool</no> <no>must</no> <no>be</no> <no>the</no> <no>only</no> <no>window</no> <no>active</no> <no>for</no> <no>the</no> <no>tool</no> <no>prior</no> <no>to</no> <no>execution</no> <no>of</no> <no>this</no> <no>use case</no>. 
<no>3.1.4.5</no> <no>Postconditions</no> 
<no>Any</no> <no>changes</no> <no>made</no> <no>by</no> <no>the</no> <class>administrator user</class> <no>to</no> <no>the</no> <class>diagnostic</class> <no>tool</no> <no>will</no> <no>take</no> <no>affect</no> <no>immediately</no> <no>if</no> <no>requested</no> <no>by</no> <no>the</no> <class>user</class>. 
<no>3.1.4.6</no> <no>Extension Points</no> 
<no>There</no> <no>are</no> <no>no</no> <no>extension points</no> <no>for</no> <no>this</no> <no>use case</no>.  

<no>3.1.5</no> <method>Authenticate</method> <class>User</class> 
<no>3.1.5.1</no> <no>Brief Description</no> 
<no>This</no> <no>use case</no> <no>establishes</no> <no>the</no> <attribute>privileges</attribute> <no>of</no> <no>the</no> <class>user</class> <no>for</no> <no>certain</no> <no>functions</no> <no>of</no> <no>the</no> <no>tool</no>.    
<no>3.1.5.2</no> <no>Flow</no> <no>of</no> <no>Events</no> 
<no>This</no> <no>use case</no> <no>begins</no> <no>when</no> <no>another</no> <no>use case</no> <no>requires</no> <no>its</no> <no>instantiation</no>. 
<no>3.1.5.2.7</no> <no>Basic</no> <no>Flow</no> 
<no>1</no>. <no>The</no> <method>tool</method> <method>displays</method> <no>a</no> <no>window</no> <no>for</no> <no>entry</no> <no>of</no> <method>authenticating</method> <method>information</method>, <no>i.e</no>., <attribute>user name</attribute> <no>and</no> <attribute>password</attribute>, <no>to</no> <no>validate</no> <no>and</no> <no>establish</no> <no>the</no> <no>privileges</no> <no>of</no> <no>the</no> <class>user</class>. 
<no>2</no>. <no>The</no> <class>user</class> <method>enters</method> <no>their</no> <attribute>user name</attribute> <no>and</no> <attribute>password</attribute>. 
<no>3</no>. <no>The</no> <no>tool</no> <no>attempts</no> <no>to</no> <method>authenticate</method> <no>the</no> <class>user</class> <no>and</no> <no>indicates</no> <no>whether</no> <no>authentication</no> <no>has</no> <no>succeeded</no> <no>or</no> <no>not</no>. 
<no>4</no>. <no>If</no> <no>authentication</no> <no>is</no> <no>unsuccessful</no>, <no>the</no> <class>user</class> <no>is</no> <method>returned</method> <no>to</no> <no>the</no> <method>authentication</method> <no>window</no> <no>to</no> <method>reenter</method> <no>the</no> <no>information</no>.
<no>5</no>. <no>The</no> <method>tool</method> <method>permits</method> <no>three</no> <method>attempts</method> <no>at</no> <no>authentication</no> <no>before</no> <no>dismissing</no> <no>the</no> <no>authentication</no> <no>window</no> <no>and</no> <no>returning</no> <no>the</no> <class>user</class> <no>to</no> <no>the</no> <no>previous</no> <no>window</no>. 
<no>6</no>. <no>The</no> <class>user</class> <no>may</no> <method>cancel</method> <no>the</no> <method>authentication</method> <no>process</no> <no>at</no> <no>any</no> <no>time</no> <no>and</no> <no>return</no> <no>to</no> <no>the</no> <no>previous</no> <no>window</no>. 
<no>3.1.5.2.8</no> <no>Alternative Flows</no> 
<no>There</no> <no>are</no> <no>no</no> <no>alternative flows</no> <no>for</no> <no>this</no> <no>use case</no>. 
<no>3.1.5.2.9</no> <no>Special Requirements</no> 
<no>There</no> <no>are</no> <no>no</no> <no>special requirements</no> <no>for</no> <no>this</no> <no>use case</no>. 
<no>3.1.5.2.10</no> <no>Preconditions</no> 
<no>There</no> <no>are</no> <no>no</no> <no>preconditions</no> <no>for</no> <no>this</no> <no>use case</no>. 
<no>3.1.5.2.11</no> <no>Postconditions</no> 
<no>There</no> <no>are</no> <no>no</no> <no>postconditions</no> <no>for</no> <no>this</no> <no>use case</no>. 
<no>3.1.5.2.12</no> <no>Extension Points</no> 
<no>There</no> <no>are</no> <no>no</no> <no>extension points</no> <no>for</no> <no>this</no> <no>use case</no>.  </document>