<document><no>3.</no> <no>System</no> <no>Features</no> 
<no>System</no> <no>features</no> <no>are</no> <no>organized</no> <no>by</no> <no>use</no> <no>cases</no> <no>and</no> <no>functional</no> <no>hierarchy</no> <no>so</no> <no>that</no> <no>the</no> <no>main</no> <no>functions</no> <no>of</no> <no>the</no> <no>system</no> <no>will</no> <no>be</no> <no>understandable</no>.  
<no>3.1</no> <no>New</no> <class>Database</class> 
<no>This</no> <no>feature</no> <no>provides</no> <no>the</no> <no>ability</no> <no>to</no> <method>create</method> <no>a</no> <no>new</no> <class>database</class> <no>
3.1.1</no> <no>Description</no>  
 <no>It</no> <no>is</no> <no>the</no> <no>first</no> <no>thing</no> <no>a</no> <class>user</class> <no>must</no> <no>do</no> <no>to</no> <no>begin</no> <no>using</no> <no>KeePass</no>. <no>Its</no> <no>main</no> <no>function</no> <no>is</no> <no>the</no> <no>determination</no> <no>of</no> <no>the</no> <attribute>master password</attribute> <no>that</no> <no>will</no> <method>unlock</method> <no>the</no> <class>database</class> <no>from</no> <no>now</no> <no>on</no> 
<no>3.1.2</no> <no>Stimulus</no>/<no>Response</no> <no>Sequences</no> 
<no>Data</no> <no>Flow</no>  
<no>3.1.2.1</no> <no>Basic</no> <no>Data</no> <no>Flow</no>    
<no>1.</no> <class>User</class> <method>opens</method> <method>KeePass</method> <no>and</no> <association>select</association> <no>New</no><no>-&gt;</no><class>Database</class>   
<no>2.</no> <class>User</class> <method>writes</method> <no>his</no> <no>private</no> <attribute>Master Password</attribute> <no>and</no>/<no>or</no> <method>selects</method> <attribute>Key File</attribute>    
<no>3.</no> <class>User</class> <method>selects</method> <method>OK</method>     
<no>4.</no> <attribute>Master Password</attribute> <method>confirmation</method>: <no>the</no> <class>user</class> <method>retypes</method> <attribute>Master Password</attribute>    
<no>5.</no> <no>The</no> <no>main</no> <class>database</class> <no>window</no> <method>opens</method>    
<no>3.1.2.2</no> <no>Alternative</no> <no>Data</no> <no>Flows</no>    
<no>3.1.2.2.1</no> <no>Alternative</no> <no>Data</no> <no>Flow</no> <no>1</no>    
<no>3.</no>  <class>User</class> <method>selects</method> <method>Help</method>     
<no>4</no>. <no>The</no> <no>help</no> <no>file</no> <no>opens</no>    
<no>3.1.2.2.2</no> <no>Alternative</no> <no>Data</no> <no>Flow</no> <no>2</no>    
<no>3</no>. <class>User</class> <method>selects</method> <method>Cancel</method>    
<no>4</no>. <method>Exit</method> <no>from</no> <no>KeePass</no>     
<no>3.1.2.2.3</no> <no>Alternative</no> <no>Data</no> <no>Flow</no> <no>3</no>    
<no>2a</no>. <no>The</no> <class>user</class> <no>does</no> <no>not</no> <no>determines</no> <no>a</no> <attribute>Master Password</attribute>    
<no>2b</no>. <no>A</no> <no>message</no> <no>is</no> <no>appeared</no> <no>which</no> <method>prompts</method> <no>him</no> <no>to</no> <method>enter</method> <no>a</no> <attribute>password</attribute> <no>or</no> <attribute>key file</attribute>  
<no>3.1.3</no> <no>Functional</no> <no>Requirements</no> 
<no>REQ-1:</no>     <method>KeePass</method> <no>must</no> <no>be</no> <method>downloaded</method> <no>and</no> <method>installed</method>  
<no>REQ</no><no>-2:</no> <attribute>Master Password</attribute> <no>has</no> <no>no</no> <no>limits</no> <no>in</no> <no>length</no>. <no>A</no> <no>whole</no> <no>sentence</no> <no>can</no> <no>be</no> <no>used</no> <no>with</no> <no>more</no> <no>than</no> <no>100</no> <no>characters</no>. 

<no>3.2</no> <no>Open</no> <class>Database</class> 
<no>This</no> <no>feature</no> <no>allows</no> <no>the</no> <class>user</class> <no>to</no> <association>open</association> <no>an</no> <no>existing</no> <class>database</class>.  
 <no>3.2.1</no> <no>Description</no>   
<no>When</no> <no>choosing</no> <no>to</no> <no>open</no> <no>a</no> <class>database</class> <no>a</no> <class>user</class> <no>is</no> <method>transferred</method> <no>to</no> <no>his</no> <method>documents</method> <no>where</no> <no>he</no> <no>navigates</no> <no>to</no> <no>find</no> <no>the</no> <class>database</class> <no>he</no> <no>wants</no>. <no>When</no> <no>the</no> <class>database</class> <no>is</no> <method>found</method>, <no>the</no> <attribute>master password</attribute> <no>is</no> <no>wanted</no> <no>so</no> <no>that</no> <no>the</no> <class>database</class> <no>will</no> <no>be</no> <method>unlocked</method>. <no>Once</no> <no>this</no> <no>is</no> <no>done</no> <no>the</no> <class>user</class> <no>is</no> <no>free</no> <no>to</no> <method>access</method> <no>his</no> <method>data</method>.   
 
 <no>3.2.2</no>. <no>Stimulus</no>/<no>Response</no> <no>Sequences</no>       
  <no>Data</no> <no>Flow</no>   
<no>3.2.2.1</no> <no>Basic</no> <no>Data</no> <no>Flow</no>     
<no>1.</no> <class>User</class> <method>opens</method> <method>KeePass</method> <no>and</no> <no>select</no> <no>Open</no>-<no>&gt;</no><class>Database</class>    
<no>2</no>. <class>User</class> <method>navigates</method> <no>through</no> <no>his</no> <method>folders</method>    
<no>3</no>. <class>User</class> <method>selects</method> <no>a</no> <class>database</class>    
<no>4</no>. <class>User</class> <method>types</method> <attribute>Master Password</attribute>    
<no>5</no>. <no>The</no> <no>main</no> <class>database</class> <no>window</no> <no>opens</no>    
<no>3.2.2.2</no> <no>Alternative</no> <no>Data</no> <no>Flows</no>    
<no>3.2.2.2.1</no> <no>Alternative</no> <no>Data</no> <no>Flow</no> <no>1</no>    
<no>3a</no>. <class>User</class> <method>selects</method> <no>a</no> <method>type</method> <no>of</no> <method>folder</method> <no>non</no> <no>suitable</no> <no>for</no> <class>database</class>     
<no>3b</no>. <no>A</no> <no>message</no> “<method>file not found</method>” <method>appears</method>    
<no>3c</no>. <class>User</class> <method>selects</method> <no>another</no> <method>folder</method>    
<no>3.2.2.2.2</no> <no>Alternative</no> <no>Data</no> <no>Flow</no> <no>2</no>    
<no>4a</no>. <attribute>Master Password</attribute> <no>is</no> <no>wrong</no>    
<no>4b</no>. <no>A</no> <no>message</no> <method>“invalid/wrong key”</method> <method>appears</method>    
<no>4c</no>. <class>User</class> <method>types</method> <no>another</no> <method>master key</method>     
<no>3.2.2.2.3</no> <no>Alternative</no> <no>Data</no> <no>Flow</no> <no>3</no>    
<no>3.</no> <class>User</class> <no>chooses</no> <method>cancel</method>    
<no>4.</no> <method>Exit</method> <no>from</no> <no>KeePass</no>  
<no>3.2.3</no> <no>Functional</no> <no>Requirements</no> 
<no>REQ</no>-<no>3</no>:    <method>Folder</method> <no>selected</no> <no>must</no> <no>be</no> <no>of</no> <no>type</no> <no>the</no> <class>database</class> <no>can</no> <method>read</method> <no>and</no> <no>that</no> <no>is</no> “<no>name</no>”.<no>kdb</no>     

 
<no>3.3</no> <method>Save</method> <class>Database</class>          
<no>This</no> <no>feature</no> <no>allows</no> <no>the</no> <class>user</class> <no>to</no> <no>save</no> <no>any</no> <association>changes</association> <no>or</no> <association>updates</association> <no>he</no> <no>has</no> <no>performed</no> <no>to</no> <no>his</no> <class>database</class>.     
 <no>3.3.1</no> <no>Description</no>  
<no>When</no> <no>a</no> <class>database</class> <no>is</no> <method>opened</method>, <no>the</no> <class>user</class> <no>can</no> <method>access</method> <no>his</no> <method>passwords</method>, <method>organize</method> <no>them</no> <no>into</no> <no>new</no> <class>groups</class> <no>and</no> <class>subgroups</class>, <method>delete</method> <no>and</no> <method>add</method> <no>entries</no> <no>and</no> <no>so</no> <no>much</no> <no>more</no>. <no>But</no> <no>when</no> <no>it</no> <no>is</no> <no>time</no> <no>for</no> <no>the</no> <class>database</class> <no>to</no> <method>close</method> <no>or</no> <no>during</no> <no>his</no> <no>working</no> <no>on</no> <no>the</no> <class>database</class>, <no>he</no> <no>can</no> <method>save</method> <no>the</no> <method>changes</method> <no>made</no>.   
 <no>3.3.2</no>. <no>Stimulus</no>/<no>Response</no> <no>Sequences</no>       
  <no>Data</no> <no>Flow</no>   
<no>3.3.2.1</no> <no>Basic</no> <no>Data</no> <no>Flow</no>     
<no>1</no>. <class>User</class> <method>opens</method> <method>KeePass</method> <no>and</no> <method>changes</method> <no>his</no> <no>data</no>    
<no>2</no>. <class>User</class> <method>selects</method> <method>save</method> <class>database</class>    
<no>3.</no> <class>Database</class> <no>is</no> <method>saved</method>    
<no>4</no>. <class>User</class> <method>exits</method> <no>KeePass</no>    
<no>3.3.2.2</no> <no>Alternative</no> <no>Data</no> <no>Flows</no>    
<no>3.3.2.2.1</no> <no>Alternative</no> <no>Data</no> <no>Flow</no> <no>1</no>    
<no>2a</no>. <class>User</class> <method>selects</method> <method>save as</method>      
<no>2b</no>. <class>User</class> <method>gives</method> <no>a</no> <no>new</no> <class>database</class> <attribute>name</attribute>    
<no>2c</no>. <no>New</no> <class>database</class> <no>is</no> <method>saved</method> <no>and</no> <method>opens</method> <no>with</no> <no>the</no> <no>same</no> <attribute>master password</attribute>    
<no>3.3.2.2.2</no> <no>Alternative</no> <no>Data</no> <no>Flow</no> <no>2</no>    
<no>4.</no> <class>User</class> <method>continues</method> <method>working</method> <no>after</no> <no>he</no> <method>saves</method> <no>the</no> <class>database</class>     <no>3.3.2.2.3</no> <no>Alternative</no> <no>Data</no> <no>Flow</no> <no>3 </no>   
<no>2a</no>. <class>User</class> <no>wants</no> <no>to</no> <method>exit</method> <method>KeePass</method>    
<no>2b</no>. <no>A</no> <method>message</method> <no>is</no> <method>appeared</method> <no>asking</no> <no>if</no> <no>he</no> <no>wants</no> <no>to</no> <method>save</method> <no>the</no> <class>database</class>    
<no>2c</no>. <class>User</class> <method>selects</method> <method>yes</method> <no>and</no> <method>exits</method>, <no>or</no> <method>no</method> <no>and</no> <no>exits</no> <no>or</no> <method>cancel</method> <no>and</no> <association>return</association> <no>to</no> <class>database</class>     
<no>3.3.2.2.4</no> <no>Alternative</no> <no>Data</no> <no>Flow</no> <no>4 </no>   
<no>2a</no>. <class>Users</class> <association>minimizes</association> <no>the</no> <class>database</class>    
<no>2b</no>. <no>A</no> <no>message</no> <no>is</no> <no>appeared</no> <no>asking</no> <no>if</no> <no>he</no> <no>wants</no> <no>to</no> <method>save</method> <no>the</no> <class>database</class> <no>before</no> <no>locking</no> 
<no>3.3.3</no> <no>Functional</no> <no>Requirements</no> 
<no>REQ</no>-<no>4:</no>    <class>Databases</class> <no>must</no> <no>have</no> <no>different</no> <attribute>names</attribute> <no>or</no> <no>else</no> <no>the</no> <method>previews</method> <no>one</no> <no>will</no> <no>be</no> <method>replace</method> <no>if</no> <no>selected</no>  

 
<no>3.4</no> <method>Print</method> <class>Database</class> 
<no>This</no> <no>feature</no> <no>allows</no> <class>user</class> <no>to</no> <association>print</association> <no>a</no> <no>selection</no> <no>of</no> <association>data</association> <no>that</no> <no>are</no> <no>stored</no> <no>in</no> <no>the</no> <class>database</class>.   
<no>3.4.1</no> <no>Description</no>   
<no>While</no> <no>working</no> <no>on</no> <no>the</no> <class>database</class>, <no>the</no> <class>user</class> <no>has</no> <no>the</no> <no>option</no> <no>to</no> <association>print</association> <association>data</association> <no>from</no> <no>his</no> <class>database</class>. <no>This</no> <no>can</no> <no>be</no> <no>done</no> <no>by</no> <no>selecting</no> <no>print</no>. <no>When</no> <no>this</no> <no>happens</no>, <no>a</no> <no>list</no> <no>of</no> <no>data</no> <no>types</no> <no>that</no> <no>can</no> <no>be</no> <no>printed</no> <no>are</no> <no>shown</no> <no>and</no> <no>the</no> <class>user</class> <no>can</no> <method>select</method> <no>the</no> <method>data</method> <no>to</no> <no>be</no> <no>printed</no>. <no>More</no> <no>specifically</no> <no>fields</no> <no>that</no> <no>can</no> <no>be</no> <method>selected</method> <no>for</no> <no>printing</no> <no>are</no>: <attribute>Backup entries</attribute>, <no>which</no> <no>contain</no> <method>entries</method> <no>in</no> <no>the</no> <no>back</no> <no>up</no> <class>group</class>, <attribute>password groups</attribute>, <attribute>group tree</attribute>, <attribute>title</attribute>, <attribute>username</attribute>, <attribute>password</attribute>, <attribute>URL</attribute>, <attribute>notes</attribute>, <attribute>creation time</attribute>, <attribute>last access</attribute>, <attribute>last modification</attribute>, <attribute>expires</attribute>, <attribute>icon</attribute>, <attribute>UUID</attribute> <no>and</no> <attribute>attachment</attribute>.      
<no>3.4.2</no>. <no>Stimulus</no>/<no>Response</no> <no>Sequences</no>       
<no>Data</no> <no>Flow</no>   
<no>3.4.2.1</no> <no>Basic</no> <no>Data</no> <no>Flow</no>     
<no>1</no>. <class>User</class> <method>opens</method> <method>KeePass</method>     
<no>2.</no> <class>User</class> <method>selects</method> <method>print</method> <no>from</no> <no>file</no> <no>menu</no>    
<no>3.</no> <no>The</no> <no>list</no> <no>of</no> <no>options</no> <no>opens</no> <no>with</no> <no>checked</no> <no>the</no> <no>fields</no>: <attribute>password</attribute> <class>groups</class>, <attribute>title</attribute>, <class>user</class> <attribute>name</attribute>, <attribute>password</attribute>, <attribute>URL</attribute>, <attribute>notes</attribute>     
<no>4.</no> <class>User</class> <method>selects</method> <method>OK</method>    
<no>5.</no> <method>Data</method> <no>are</no> <method>print</method>    
<no>6.</no> <class>User</class> <method>returns</method> <no>on</no> <no>the</no> <no>main</no> window    
<no>3.4.2.2</no> <no>Alternative</no> <no>Data</no> <no>Flows</no>      
<no>3.4.2.2.1</no> <no>Alternative</no> <no>Data</no> <no>Flow</no> <no>1</no>    
<no>3a</no>. <class>User</class> <method>selects</method> <no>some</no> <no>more</no> <method>fields</method> <no>and</no>/<no>or</no> <method>unselects</method> <no>some</no> <no>others</no>.  <no>3.4.2.2.2</no> <no>Alternative</no> <no>Data</no> <no>Flow</no> 2    
<no>3a</no>. <class>User</class> <method>unselects</method> <no>all</no> <method>fields</method>    
<no>3b</no>. <no>An</no> <no>empty</no> <no>report</no> <no>is</no> <no>printed</no>      
<no>3.4.2.2.3</no> <no>Alternative</no> <no>Data</no> <no>Flow</no> 3    
<no>4.</no> <class>User</class> <method>selects</method> <method>Cancel</method>     
<no>5.</no> <class>User</class> <method>returns</method> <no>on</no> <no>the</no> <no>main</no> <no>window</no>     
<no>3.4.3</no> <no>Functional</no> <no>Requirements</no> 

<no>REQ</no>-5:    <no>There</no> <no>must</no> <no>be</no> <method>entries</method> <no>in</no> <no>the</no> <class>database</class> <no>in</no> <no>order</no> <no>for</no> <no>them</no> <no>to</no> <no>be</no> <method>printed</method>   
<no>3.5</no> <association>Search</association> <class>Database</class> 
<no>This</no> <no>feature</no> <no>allows</no> <class>user</class> <no>to</no> <association>search</association> <no>for</no> <association>keywords</association> <no>in</no> <no>his</no> <class>database</class>.  
<no>3.5.1</no> <no>Description</no>   
<no>There</no> <no>is</no> <no>the</no> <no>ability</no> <no>to</no> <method>search</method> <no>in</no> <no>the</no> <class>database</class> <no>for</no> <attribute>usernames</attribute>, <attribute>groups</attribute>, <attribute>passwords</attribute>, <attribute>URLs</attribute>, <attribute>notes</attribute> <no>and</no> <attribute>titles</attribute>. <no>This</no> <no>is</no> <no>very</no> <no>useful</no> <no>when</no> <no>the</no> <class>user</class> <no>needs</no> <no>to</no> <method>find</method> <no>out</no> <no>very</no> <no>quickly</no> <no>which</no> <attribute>password</attribute> <no>is</no> <no>required</no> <no>in</no> <no>one</no> <no>account</no> <no>or</no> <no>what</no> <attribute>username</attribute> <no>he</no> <no>has</no> <no>put</no> <no>on</no> <no>another</no> <no>account</no>. <no>It</no> <no>is</no> <no>not</no> <no>necessary</no> <no>to</no> <no>write</no> <no>in</no> <no>the</no> <no>search</no> <no>field</no> <no>all</no> <no>characters</no>. <no>By</no> <method>writing</method> <no>just</no> <no>one</no> <method>character</method> <no>the</no> <class>database</class> <no>will</no> <method>present</method> <no>all</no> <method>data</method> <no>which</no> <no>contains</no> <no>it</no> <no>or</no> <no>are</no> <no>related</no> <no>with</no> <no>it</no>.    
<no>3.5.2</no>. <no>Stimulus</no>/<no>Response</no> <no>Sequences</no>       
<no>Data</no> <no>Flow</no>  
<no>3.5.2.1</no> <no>Basic</no> <no>Data</no> <no>Flow</no>     
<no>1</no>. <class>User</class> <method>opens</method> <method>KeePass</method>     
<no>2</no>. <class>User</class> <method>types</method> <no>a</no> <attribute>password</attribute>, <attribute>user name</attribute>, <attribute>URL</attribute>, <attribute>word of notes</attribute>, <attribute>title</attribute> <no>or</no> <class>group</class> <no>that</no> <no>exist</no> <no>in</no> <no>the</no> <class>database</class>    
<no>3</no>. <no>The</no> <no>list</no> <no>of</no> <no>data</no> <no>related</no> <no>to</no> <no>search</no> <no>word</no> <no>are</no> <no>appeared</no> <no>in</no> <no>the</no> <no>main</no> <no>window</no>      
<no>3.5.2.2</no> <no>Alternative</no> <no>Data</no> <no>Flows</no>    
<no>3.5.2.2.1</no> <no>Alternative</no> <no>Data</no> <no>Flow</no> <no>1</no>    
<no>2.</no> <class>User</class> <method>types</method> <no>two</no> <no>or</no> <no>more</no> <no>words</no> <no>in</no> <no>the</no> <method>search</method> <method>field</method>      
<no>3.</no> <no>Nothing</no> <no>appears</no> <no>in</no> <no>the</no> <no>main</no> <no>window</no>      
<no>3.5.2.2.2</no> <no>Alternative</no> <no>Data</no> <no>Flow</no> <no>2</no>    
<no>2.</no> <class>User</class> <no>does</no> <no>not</no> <no>type</no> <no>anything</no>    
<no>3</no>. <no>Nothing</no> <no>appears</no> <no>in</no> <no>the</no> <no>main</no> <no>window</no>      
<no>3.5.2.2.3</no> <no>Alternative</no> <no>Data</no> <no>Flow</no> <no>3</no>    
<no>2a.</no> <class>User</class> <method>types</method> <method>part</method> <no>or</no> <no>even</no> <no>just</no> <no>one</no> <no>character</no> <no>of</no> <attribute>password</attribute>, <attribute>user name</attribute>, <attribute>URL</attribute>, <attribute>word of notes</attribute>, <attribute>title</attribute> <no>or</no> <class>group</class>    
 <no>3.5.2.2.4</no> <no>Alternative</no> <no>Data</no> <no>Flow</no> <no>4</no>    
<no>2</no>. <class>User</class> <no>types</no> <no>data</no> <no>not</no> <no>related</no> <no>with</no> <no>the</no> <class>database</class>    
<no>3</no>. <no>Nothing</no> <no>appears</no> <no>in</no> <no>the</no> <no>main</no> <no>window</no>   

<no>3.5.3</no> <no>Functional</no> <no>Requirements</no> 
<no>REQ</no>-6:    <no>All</no> <no>data</no> <no>related</no> <no>to</no> <no>the</no> <no>word</no> <no>must</no> <no>be</no> <no>shown</no>. <no>For</no> <no>example</no> <no>if</no> <class>user</class> <no>types</no> “<no>abc</no>” <no>and</no> <no>abc</no> <no>is</no> <no>part</no> <no>of</no> <no>a</no> <no>password</no> <no>and</no> <no>of</no> <no>a</no> <no>username</no>, <no>both</no> <no>entries</no> <no>must</no> <no>be</no> <no>shown</no> 
 
<no>3.6</no> <method>Add</method> <class>Group</class>/<class>Subgroup</class> 
<no>This</no> <no>feature</no> <no>is</no> <no>used</no> <no>to</no> <no>keep</no> <no>data</no> <no>organized</no> <no>in</no> <no>categories</no> <no>for</no> <no>easier</no> <no>access</no>.  
<no>3.6.1</no> <no>Description</no>  
<no>There</no> <no>is</no> <no>the</no> <no>ability</no> <no>to</no> <no>organize</no> <no>data</no> <no>into</no> <class>groups</class> <no>and</no> <class>subgroups</class>. <no>The</no> <class>user</class> <no>can</no> <association>create</association> <no>a</no> <no>new</no> <class>group</class> <no>or</no> <class>subgroups</class> <no>into</no> <no>an</no> <no>existing</no> <class>group</class>. <no>When</no> <no>creating</no> <no>a</no> <class>group</class>/<class>subgroup</class> <no>the</no> <class>user</class> <no>must</no> <method>select</method> <no>a</no> <attribute>name</attribute> <no>and</no> <no>then</no> <no>he</no> <no>can</no> <method>add</method> <method>entries</method> <no>into</no> <no>it</no>.  
<no>3.6.2</no>. <no>Stimulus</no>/<no>Response</no> <no>Sequences</no>       
<no>Data</no> <no>Flow</no>   
<no>3.6.2.1</no> <no>Basic</no> <no>Data</no> <no>Flow</no>     
<no>1</no>. <class>User</class> <method>opens</method> <method>KeePass</method> <no>and</no> <no>selects</no> <no>to</no> <association>add</association> <no>new</no> <class>group</class>/<class>subgroup</class>    
<no>2</no>. <class>User</class> <method>types</method> <no>a</no> <attribute>name</attribute> <no>and</no> <no>has</no> <no>the</no> <no>option</no> <no>to</no> <method>select</method> <no>an</no> <method>image</method>    
<no>3</no>. <class>User</class> <method>selects</method> <method>OK</method> 
<no>4</no>. <no>The</no> <class>group</class>/<class>subgroup</class> <no>is</no> <method>created</method>    
<no>5</no>. <no>The</no> <no>access</no> <method>returns</method> <no>to</no> <no>the</no> <class>database</class> <no>main</no> <no>window</no>      
<no>3.6.2.2</no> <no>Alternative</no> <no>Data</no> <no>Flows</no>    
<no>3.6.2.2.1</no> <no>Alternative</no> <no>Data</no> <no>Flow</no> <no>1</no>    
<no>2</no>. <class>User</class> <method>leaves</method> <no>the</no> <class>group</class>/<class>subgroup</class> <no>name</no> <no>field</no> <method>empty</method>      
<no>3</no>. <no>A</no> <method>message</method> <no>is</no> <method>appeared</method> “<no>Add</no> <no>a</no> <no>name</no> <no>for</no> <no>the</no> <class>group</class>/<class>subgroup</class>”  <no>3.6.2.2.2</no> <no>Alternative</no> <no>Data</no> <no>Flow</no> <no>2</no>    
<no>3</no>. <class>User</class> <method>selects</method> <method>Cancel</method>    
<no>4</no>. <no>The</no> <method>access</method> <method>returns</method> <no>to</no> <no>main</no> <no>window</no>      
<no>3.6.3</no> <no>Functional</no> <no>Requirements</no> 
<no>REQ</no>-<no>7</no>: <no>A</no> <no>name</no> <no>is</no> <no>required</no> <no>in</no> <no>order</no> <no>for</no> <no>the</no> <no>new</no> <class>group</class>/<class>subgroup</class> <no>to</no> <no>be</no> <no>created</no> 
<no>REQ</no>-<no>8</no>: <no>A</no> <class>subgroup</class> <no>cannot</no> <no>be</no> <no>created</no> <no>when</no> <no>no</no> <class>group</class> <no>is</no> <no>selected</no> 
<no>3.7</no> <method>Modify</method> <class>group</class>/<class>subgroup</class> 
<no>This</no> <no>feature</no> <no>allows</no> <class>user</class> <no>to</no> <method>change</method> <no>a</no> <attribute>name</attribute> <no>given</no> <no>to</no> <no>a</no> <class>group</class>/<class>subgroup</class>.    
 <no>3.7.1</no> <no>Description</no>  
<no>When</no> <class>user</class> <no>wants</no> <no>to</no> <method>change</method> <no>a</no> <class>group</class> <no>or</no> <class>subgroup</class>’s <attribute>name</attribute> <no>he</no> <no>has</no> <no>the</no> <no>ability</no> <no>to</no> <no>do</no> <no>that</no> <no>by</no> <method>modifying</method> <no>it</no>.  
<no>3.7.2</no>. <no>Stimulus</no>/<no>Response</no> <no>Sequences</no>       
<no>Data</no> <no>Flow</no>   
<no>3.7.2.1</no> <no>Basic</no> <no>Data</no> <no>Flow</no>     
<no>1</no>. <class>User</class> <method>opens</method> <method>KeePass</method> <no>and</no> <no>selects</no> <association>modify</association> <class>group</class>/<class>subgroup</class>    
<no>2.</no> <class>User</class> <association>types</association> <no>the</no> <no>new</no> <attribute>name</attribute> <no>and</no> <no>has</no> <no>the</no> <no>option</no> <no>to</no> <method>select</method> <no>an</no> <method>image</method>    
<no>3</no>. <class>User</class> <method>selects</method> <method>OK</method> 
<no>4</no>. <no>The</no> <class>group</class>/<class>subgroup</class> <method>changes</method> <attribute>name</attribute>    
<no>5</no>. <no>The</no> <method>access</method> <method>returns</method> <no>to</no> <no>the</no> <class>database</class> <no>main</no> <no>window</no>      
<no>3.7.2.2</no> <no>Alternative</no> <no>Data</no> <no>Flows</no>    
<no>3.7.2.2.1</no> <no>Alternative</no> <no>Data</no> <no>Flow</no> <no>1</no>    
<no>2.</no> <class>User</class> <association>leaves</association> <no>the</no> <class>group</class>/<class>subgroup</class> <attribute>name</attribute> <no>field</no> <attribute>empty</attribute>      
<no>3</no>. <no>A</no> <method>message</method> <no>is</no> <method>appeared</method> “<no>Add</no> <no>a</no> <no>name</no> <no>for</no> <no>the</no> <class>group</class>/<class>subgroup</class>”  <no>3.7.2.2.2</no> <no>Alternative</no> <no>Data</no> <no>Flow</no> <no>2</no>    
<no>3</no>. <class>User</class> <method>selects</method> <method>Cancel</method>    
<no>4</no>. <no>The</no> <class>group</class>/<class>subgroup</class>’s <attribute>name</attribute> <no>remains</no> <no>the</no> <no>same</no>    
<no>5</no>. <no>The</no> <method>access</method> <method>returns</method> <no>to</no> <no>main</no> <no>window</no>      
<no>3.7.3</no> <no>Functional</no> <no>Requirements</no> 
<no>REQ</no>-<no>9</no>:    <no>A</no> <attribute>name</attribute> <no>is</no> <no>required</no> <no>in</no> <no>order</no> <no>for</no> <no>the</no> <class>group</class>/<class>subgroup</class> <no>to</no> <no>be</no> <method>renamed</method>   
<no>3.8</no> <method>Delete</method> <class>Group</class>/<class>Subgroup</class> 
<no>This</no> <no>feature</no> <no>allows</no> <no>the</no> <class>user</class> <no>to</no> <association>delete</association> <no>a</no> <class>group</class>/<class>subgroup</class>.  
<no>3.8.1</no> <no>Description</no>  
<no>When</no> <no>a</no> <class>user</class> <no>wants</no> <no>to</no> <association>delete</association> <no>an</no> <no>existing</no> <class>group</class>/<class>subgroup</class> <no>he</no> <no>can</no> <no>do</no> <no>this</no> <no>by</no> <association>selecting</association> <association>Delete</association> <class>group</class>/<class>subgroup</class> <no>from</no> <no>the</no> <no>edit</no> <no>menu</no>. <no>In</no> <no>order</no> <no>for</no> <no>that</no> <no>to</no> <no>happen</no>, <no>he</no> <no>must</no> <no>have</no> <no>chosen</no> <no>first</no> <no>a</no> <class>group</class>/<class>subgroup</class>.  
  
<no>3.8.2</no>. <no>Stimulus</no>/<no>Response</no> <no>Sequences</no>       
<no>Data</no> <no>Flow</no>   
<no>3.8.2.1</no> <no>Basic</no> <no>Data</no> <no>Flow</no>     
<no>1</no>. <class>User</class> <method>opens</method> <method>KeePass</method> <no>and</no> <association>selects</association> <no>a</no> <class>group</class>/<class>subgroup</class>    
<no>2</no>. <class>User</class> <no>selects</no> <no>to</no> <association>delete</association> <no>the</no> <class>group</class>/<class>subgroup</class>    
<no>3.</no> <no>A</no> <method>message</method> <no>is</no> <method>appeared</method> <no>to</no> <no>confirm</no> <no>the</no> <no>delete</no> 
<no>4.</no> <class>User</class> <method>selects</method> <method>yes</method>    
<no>5</no>. <no>The</no> <class>group</class>/<class>subgroup</class> <no>is</no> <method>deleted</method>    
<no>6</no>. <no>The</no> <no>main</no> <no>window</no> <no>opens</no>    
<no>3.8.2.2</no> <no>Alternative</no> <no>Data</no> <no>Flows</no>    
<no>3.8.2.2.1</no> <no>Alternative</no> <no>Data</no> <no>Flow</no> <no>1</no>    
<no>4</no>. <class>User</class> <method>selects</method> <method>no</method>      
<no>5</no>. <no>The</no> <class>group</class>/<class>subgroup</class> <no>is</no> <no>not</no> <no>deleted</no>      
<no>3.8.3</no> <no>Functional</no> <no>Requirements</no> 
 <no>Not</no> <no>exists</no>. 
  
<no>3.9</no> <method>Find</method> <class>Group</class>/<class>Subgroup</class>  
<no>This</no> <no>feature</no> <no>allows</no> <class>user</class> <no>to</no> <method>find</method> <method>data</method> <no>into</no><no>a</no> <no>specific</no> <class>group</class>/<class>subgroup</class>.    
<no>3.9.1</no> <no>Description</no>   
<no>The</no> <class>user</class> <association>selects</association> <no>a</no> <class>group</class>/<class>subgroup</class> <no>and</no> <no>then</no> <no>he</no> <method>chooses</method> “<method>find </method><no>in</no> <no>this</no> <class>group</class>” <no>from</no> <no>file</no> <no>menu</no>. <no>Then</no> <no>a</no> <no>window</no> <no>appears</no> <no>which</no> <no>prompts</no> <no>the</no> <class>user</class> <no>to</no> <no>write</no> <no>a</no> <class>sequence</class> <no>of</no> <no>characters</no> (<no>letters</no> <no>and</no> <no>numbers</no>) <no>from</no> <no>one</no> <no>character</no> <no>to</no> <no>200</no> (<no>or</no> <no>more</no>). <no>After</no> <no>that</no> <no>a</no> <no>menu</no> <no>of</no> <no>options</no> <no>to</no> <no>choose</no> <no>from</no> <no>appears</no> <no>and</no> <no>the</no> <class>user</class> <no>can</no> <method>select</method> <no>to</no> <method>search</method> <no>for</no>: <attribute>title</attribute>, <attribute>user name</attribute>, <attribute>password</attribute>, <attribute>URL</attribute>, <attribute>notes</attribute>, <class>group</class> <attribute>name</attribute>. <no>Search</no> <method>results</method> <method>appear</method> <no>in</no> <no>the</no> <no>main</no> <no>window</no>.       
 <no>3.9.2</no>. <no>Stimulus</no>/<no>Response</no> <no>Sequences</no>       
<no>Data</no> <no>Flow</no>   
<no>3.9.2.1</no> <no>Basic</no> <no>Data</no> <no>Flow</no>     
<no>1</no>. <class>User</class> <method>opens</method> <method>KeePass</method> <no>and</no> <method>selects</method> <no>to</no> <method>find</method> <no>something</no> <no>in</no> <no>a</no> <no>selected</no> <class>group</class>/<class>subgroup</class>    
<no>2</no>. <class>User</class> <method>types</method> <no>the</no> <method>word</method> <no>to</no> <method>search</method> <no>for</no>    
<no>3</no>. <class>User</class> <method>selects</method> <no>the</no> <method>fields</method> <no>which</no> <no>will</no> <no>be</no> <no>searched</no> 
<no>4</no>. <class>User</class> <method>selects</method> <method>OK</method>    
<no>5</no>. <method>Results</method> <method>appears</method> <no>at</no> <no>the</no> <class>database</class> <no>main</no> <no>window</no>      
<no>3.9.2.2</no> <no>Alternative</no> <no>Data</no> <no>Flows</no>    
<no>3.9.2.2.1</no> <no>Alternative</no> <no>Data</no> <no>Flow</no> <no>1</no>    
<no>2a</no>. <class>User</class> <method>leaves</method> <no>the</no> <method>find</method> <method>field</method> <method>empty</method>      
<no>5</no>. <no>All</no> <no>data</no> <no>from</no> <no>the</no> <class>group</class>/<class>subgroup</class> <method>appear</method>      
<no>3.9.2.2.2</no> <no>Alternative</no> <no>Data</no> <no>Flow</no> <no>2</no>    
<no>3</no>. <class>User</class> <method>leaves</method> <no>all</no> <no>search</no> <no>in</no> <method>boxes</method> <method>unchecked</method>    
<no>5</no>. <no>Nothing</no> <no>appears</no> <no>in</no> <no>the</no> <no>main</no> <no>window</no>    
<no>3.9.2.2.3</no> <no>Alternative</no> <no>Data</no> <no>Flow</no> <no>3</no>    
<no>4</no>. <class>User</class> <method>selects</method> <method>cancel</method>    
<no>5</no>. <no>The</no> <no>main</no> <no>window</no> <no>appears</no>    
<no>3.9.2.2.4</no> <no>Alternative</no> <no>Data</no> <no>Flow</no> <no>4 </no>   
<no>2</no>. <class>User</class> <method>leaves</method> <no>the</no> <method>find</method> <method>field</method> <method>empty</method>    
<no>3</no>. <class>User</class> <method>leaves</method> <no>all</no> <no>search</no> <no>in</no> <method>boxes</method> <method>unchecked</method>    
<no>5</no>. <no>Nothing</no> <no>appears</no> <no>in</no> <no>the</no> <no>main</no> <no>window</no>     
<no>3.9.3</no> <no>Functional</no> <no>Requirements</no> 
<no>REQ</no>-<no>10</no>:    <no>In</no> <no>order</no> <no>to</no> <no>find</no> <no>something</no> <no>in</no> <no>a</no> <class>group</class> <no>a</no> <no>word</no> <no>must</no> <no>be</no> <no>placed</no> <no>in</no> <no>the</no> <no>find</no> <no>field</no> 
<no>3.10</no> <method>Add</method> <class>Entry</class> 
<no>This</no> <no>feature</no> <method>adds</method> <no>a</no> <no>new</no> <class>entry</class> <no>on</no> <no>the</no> <class>database</class>.  
<no>3.10.1</no> <no>Description</no>   
<no>The</no> <class>user</class> <no>can</no> <association>add</association> <no>a</no> <no>new</no> <class>entry</class> <no>on</no> <no>the</no> <class>database</class> <no>by</no> <no>clicking</no> <no>add</no> <class>entry</class> <no>on</no> <no>the</no> <no>main</no> <no>menu</no>. <no>When</no> <no>he</no> <no>does</no> <no>this</no>, <no>a</no> <no>window</no> <no>opens</no> <no>which</no> <no>is</no> <no>actually</no> <no>a</no> <no>form</no>. <no>In</no> <no>this</no> <no>form</no> <no>the</no> <class>user</class> <method>completes</method> <no>the</no> <method>fields</method> <no>he</no> <no>wants</no>. <no>He</no> <no>can</no> <no>fill</no> <no>in</no> <no>fields</no> <no>like</no>: <class>group</class> <no>where</no> <no>the</no> <class>entry</class> <no>will</no> <no>be</no> <no>added</no>, <attribute>title</attribute>, <class>user</class> <attribute>name</attribute>, <attribute>password</attribute>, <attribute>repeat password</attribute>, <attribute>URL</attribute>, <attribute>notes</attribute>, <attribute>expiration date</attribute> <no>and</no> <attribute>attachment file</attribute>. <no>Not</no> <no>all</no> <no>fields</no> <no>are</no> <no>required</no> <no>for</no> <no>an</no> <class>entry</class> <no>to</no> <no>be</no> <method>created</method>. <no>In</no> <no>fact</no> <no>an</no> <class>entry</class> <no>can</no> <no>be</no> <method>added</method> <no>with</no> <no>no</no> <no>fields</no> <no>at</no> <no>all</no>. <no>By</no> <no>selecting</no> <no>OK</no> <no>the</no> <class>entry</class> <no>is</no> <no>created</no> <no>in</no> <no>the</no> <class>group</class> <no>selected</no>.   
<no>3.10.2</no>. <no>Stimulus</no>/<no>Response</no> <no>Sequences</no>       
<no>Data</no> <no>Flow</no>   
<no>3.10.2.1</no> <no>Basic</no> <no>Data</no> <no>Flow</no>     
<no>1</no>. <class>User</class> <method>opens</method> <method>KeePass</method> <no>and</no> <no>selects</no> <no>to</no> <association>add</association> <no>an</no> <class>entry</class>    
<no>2.</no> <class>User</class> <method>fills</method> <no>in</no> <no>the</no> <method>form</method>, <no>as</no> <no>many</no> <no>fields</no> <no>as</no> <no>he</no> <no>wants</no>, <no>from</no> <no>1</no> <no>to</no> <no>9</no>   
<no>3</no>. <class>User</class> <method>selects</method> <method>OK</method>    
<no>5</no>. <no>The</no> <no>new</no> <class>entry</class> <no>is</no> <method>added</method> <no>in</no> <no>the</no> <no>selected</no> <class>group</class>      
<no>3.10.2.2</no> <no>Alternative</no> <no>Data</no> <no>Flows</no>    
<no>3.10.2.2.1</no> <no>Alternative</no> <no>Data</no> <no>Flow</no> <no>1</no>    
<no>2a</no>. <class>User</class> <method>fills</method> <no>in</no> <no>the</no> <attribute>password</attribute> <no>field</no>      
<no>2b</no>. <no>The</no> <attribute>repeat password</attribute> <no>field</no> <no>is</no> <no>not</no> <no>identical</no> <no>with</no> <no>the</no> <no>password</no> <no>field</no>    
<no>2c</no>. <no>A</no> <method>message</method> <method>appears</method> “<no>the</no> <no>repeated</no> <no>password</no> <no>must</no> <no>be</no> <no>identical</no> <no>with</no> <no>the</no> <no>password</no>      
<no>3.10.2.2.2</no> <no>Alternative</no> <no>Data</no> <no>Flow</no> <no>2</no>    
<no>2a</no>. <class>User</class> <method>leaves</method> <no>all</no> <no>fields</no> <method>empty</method>    
<no>3.10.2.2.3</no> <no>Alternative</no> <no>Data</no> <no>Flow</no> <no>3</no>    
<no>3</no>. <class>User</class> <method>selects</method> <method>help</method>    
<no>4</no>. <no>The</no> <method>help</method> <no>file</no> <no>or</no> <method>URL</method> <no>field</no> <no>features</no> <no>or</no> <method>Autotype</method> <no>is</no> <method>opened</method>    
<no>3.10.2.2.4</no> <no>Alternative</no> <no>Data</no> <no>Flow</no> <no>4</no>    
<no>3</no>. <class>User</class> <method>selects</method> <method>cancel</method>     
<no>4</no>. <no>The</no> <no>main</no> <no>window</no> <no>opens</no>      
<no>3.10.3</no> <no>Functional</no> <no>Requirements</no> 
<no>REQ</no><no>-</no><no>11</no>:    <no>An</no> <class>entry</class> <no>must</no> <no>belong</no> <no>to</no> <no>a</no> <class>group</class> <no>to</no> <no>be</no> <method>created</method>   
<no>REQ</no>-<no>12</no>:    <no>When</no> <no>the</no> <attribute>password</attribute> <no>field</no> <no>is</no> <method>completed</method> <no>the</no> <attribute>repeat password</attribute> <no>field</no> <no>must</no> <no>be</no> <method>completed</method> 
<no>REQ</no>-<no>13</no>:    <attribute>Password</attribute> <no>field</no> <no>and</no> <attribute>repeat password</attribute> <no>field</no> <no>must</no> <no>be</no> <no>identical</no>  
<no>3.11</no> <method>View</method>/<method>Edit</method> <class>Entry</class>  
<no>This</no> <no>feature</no> <no>allows</no> <no>the</no> <class>user</class> <no>to</no> <association>change</association> <no>or</no> <association>modify</association> <no>an</no> <no>existing</no> <class>entry</class>.   
<no>3.11.1</no> <no>Description</no>   
<no>The</no> <class>user</class> <no>can</no> <association>modify</association> <no>the</no> <no>context</no> <no>of</no> <no>an</no> <class>entry</class> <no>he</no> <no>already</no> <no>has</no> <no>added</no>. <no>This</no> <no>can</no> <no>be</no> <no>done</no> <no>by</no> <no>selecting</no> <method>view</method>/<method>edit</method> <class>entry</class>. <no>In</no> <no>order</no> <no>for</no> <no>that</no> <no>to</no> <no>happen</no>, <no>the</no> <class>user</class> <no>must</no> <association>select</association> <no>an</no> <class>entry</class> <no>first</no>. <no>When</no> <no>he</no> <no>does</no> <no>this</no>, <no>the</no> <no>form</no> <no>he</no> <no>filled</no> <no>in</no> <no>when</no> <no>he</no> <no>created</no> <no>or</no> <no>last</no> <no>modified</no> <no>the</no> <class>entry</class> <no>open</no>. <no>Then</no> <no>the</no> <class>user</class> <no>can</no> <association>change</association> <no>the</no> <class>group</class>, <attribute>title</attribute>, <attribute>user name</attribute>, <attribute>password</attribute>, <attribute>URL</attribute>, <attribute>notes</attribute>, <attribute>expiration date</attribute> <no>and</no> <attribute>attachment file</attribute>. <no>His</no> <no>changes</no> <no>are</no> <method>saved</method> <no>by</no> <no>clicking</no> <no>OK</no>.  
<no>3.11.2</no>. <no>Stimulus</no>/<no>Response</no> <no>Sequences</no>       
<no>Data</no> <no>Flow</no>   
<no>3.11.2.1</no> <no>Basic</no> <no>Data</no> <no>Flow</no>     
<no>1</no>. <class>User</class> <method>opens</method> <method>KeePass</method> <no>and</no> <no>selects</no> <no>to</no> <association>view</association>/<association>edit</association> <no>an</no> <no>existing</no> <class>entry</class> 
<no>2</no>. <class>User</class> <method>changes</method> <no>the</no> <method>fields</method> <no>he</no> <no>wants</no> <no>in</no> <no>the</no> <no>form</no>    
<no>3</no>. <class>User</class> <method>selects</method> <method>OK</method>    
<no>5</no>. <no>The</no> <no>modified</no> <class>entry</class> <no>is</no> <method>saved</method> <no>in</no> <no>the</no> <no>selected</no> <class>group</class>      
<no>3.11.2.2</no> <no>Alternative</no> <no>Data</no> <no>Flows</no>    
<no>3.11.2.2.1</no> <no>Alternative</no> <no>Data</no> <no>Flow</no> <no>1</no>    
<no>2a</no>. <class>User</class> <method>changes</method> <no>the</no> <attribute>password</attribute> <no>field</no>      
<no>2b</no>. <no>The</no> <attribute>repeat</attribute> <attribute>password</attribute> <no>field</no> <no>is</no> <no>not</no> <no>identical</no> <no>with</no> <no>the</no> <attribute>password</attribute> <no>field</no>    
<no>2c</no>. <no>A</no> <method>message</method> <method>appears</method> “<no>the</no> <no>repeated</no> <no>password</no> <no>must</no> <no>be</no> <no>identical</no> <no>with</no> <no>the</no> <no>password</no>    
<no>3.11.2.2.2</no> <no>Alternative</no> <no>Data</no> <no>Flow</no> <no>2</no>    
<no>3.</no> <class>User</class> <method>selects</method> <method>help</method>    
<no>4</no>. <no>The</no> <method>help file</method> <no>or</no> <method>URL</method> <no>field</no> <no>features</no> <no>or</no> <method>Autotype</method> <no>is</no> <method>opened</method>    
<no>3.11.2.2.3</no> <no>Alternative</no> <no>Data</no> <no>Flow</no> <no>3</no>    
<no>3</no>. <class>User</class> <method>selects</method> <method>cancel</method>     
<no>4</no>. <no>The</no> <no>main</no> <no>window</no> <no>opens</no> <no>and</no> <no>the</no> <no>selected</no> <class>entry</class> <no>is</no> <no>not</no> <no>modified</no>      
<no>3.11.3</no> <no>Functional</no> <no>Requirements</no> 
<no>REQ</no>-<no>14</no>:    <no>An</no> <class>entry</class> <no>must</no> <no>be</no> <method>selected</method> <no>to</no> <no>be</no> <no>viewed</no> <no>or</no> <no>modified</no>   <no>REQ</no><no>-</no><no>15</no>:    <no>When</no> <no>the</no> <attribute>password</attribute> <no>field</no> <no>is</no> <method>changed</method> <no>the</no> <attribute>repeat password</attribute> <no>field</no> <no>must</no> <no>be</no> <method>Changed</method> <no>and</no> <no>be</no> <no>identical</no> <no>with</no> <no>password</no> field 
<no>3.12</no> <method>Duplicate</method> <class>Entry</class> 
<no>This</no> <no>feature</no> <no>creates</no> <no>an</no> <no>exact</no> <no>copy</no> <no>of</no> <no>the</no> <no>selected</no> <class>entry</class> <no>in</no> <no>the</no> <no>same</no> <class>group</class>. 
 <no>3.12.1</no> <no>Description</no>   
<no>The</no> <class>user</class> <no>can</no> <association>create</association> <no>an</no> <no>exact</no> <association>copy</association> <no>of</no> <no>an</no> <class>entry</class>. <no>This</no> <no>can</no> <no>be</no> <no>done</no> <no>by</no> <method>selecting</method> <no>an</no> <class>entry</class> <no>and</no> <method>clicking</method> <method>duplicate</method> <class>entry</class>. <no>When</no> <no>this</no> <no>is</no> <no>done</no> <no>the</no> <no>new</no> <class>entry</class> <no>is</no> <method>added</method> <no>in</no> <no>the</no> <no>same</no> <class>group</class> <no>were</no> <no>the</no> <no>first</no> <no>was</no>.  
<no>3.12.2</no>. <no>Stimulus</no>/<no>Response</no> <no>Sequences</no>       
<no>Data</no> <no>Flow</no>   
<no>3.12.2.1</no> <no>Basic</no> <no>Data</no> <no>Flow</no>     
<no>1</no>. <class>User</class> <method>opens</method> <method>KeePass</method> <no>and</no> <association>selects</association> <no>an</no> <no>existing</no> <class>entry</class>    
<no>2</no>. <class>User</class> <association>duplicates</association> <class>entry</class>    
<no>3</no>. <no>The</no> <no>new</no> <class>entry</class> <no>is</no> <method>added</method> <no>below</no> <no>the</no> <no>first</no> <no>one</no>       
<no>3.12.2.2</no> <no>Alternative</no> <no>Data</no> <no>Flows</no>    
<no>Not</no> <no>exist</no> 
<no>3.12.3</no> <no>Functional</no> <no>Requirements</no> 
<no>REQ</no>-<no>16</no>:  <no>An</no> <class>entry</class> <no>must</no> <no>be</no> <method>selected</method> <no>before</no> <no>it</no> <no>is</no> <no>duplicated</no>  
<no>3.13</no> <method>Delete</method> <class>Entry</class> 
<no>This</no> <no>feature</no> <no>allows</no> <no>the</no> <class>user</class> <no>to</no> <association>delete</association> <no>an</no> <no>existing</no> <class>entry</class>  
<no>3.13.1</no> <no>Description</no>   
<no>The</no> <class>user</class> <no>can</no> <association>delete</association> <no>an</no> <no>existing</no> <class>entry</class> <no>by</no> <association>selecting</association> <no>it</no> <no>and</no> <no>then</no> <no>by</no> <no>clicking</no> <no>delete</no> <class>entry</class>. <no>When</no> <no>this</no> <no>is</no> <no>done</no> <no>a</no> <method>message</method> <method>appears</method> <no>and</no> <method>informs</method> <no>the</no> <class>user</class> <no>that</no> <no>if</no> <no>he</no> <association>deletes</association> <no>the</no> <class>entry</class> <no>he</no> <no>won’t</no> <no>be</no> <no>able</no> <no>to</no> <no>restore</no> <no>it</no> <no>back</no>.  
<no>3.13.2</no>. <no>Stimulus</no>/<no>Response</no> <no>Sequences</no>       
<no>Data</no> <no>Flow</no>   
<no>3.13.2.1</no> <no>Basic</no> <no>Data</no> <no>Flow</no>     
<no>1</no>. <class>User</class> <method>opens</method> <method>KeePass</method> <no>and</no> <no>selects</no> <no>to</no> <association>delete</association> <no>an</no> <no>existing</no> <class>entry</class> 
<no>2</no>. <no>A</no> <method>message</method> <method>appears</method> “<no>Are</no> <no>you</no> <no>sure</no> <no>you</no> <no>want</no> <no>to</no> <no>delete</no> <no>the</no> <no>selected</no> <class>entry</class>?”    
<no>3</no>. <class>User</class> <method>selects</method> <method>yes</method>    
<no>4</no>. <no>The</no> <no>deleted</no> <class>entry</class> <no>is</no> <no>permanently</no> <association>removed</association> <no>from</no> <no>the</no> <class>database</class> <no>3.13.2.2</no> <no>Alternative</no> <no>Data</no> <no>Flows</no>    
<no>3.13.2.2.1</no> <no>Alternative</no> <no>Data</no> <no>Flow</no> <no>1</no>    
<no>1a</no>. <class>User</class> <association>selects</association> <no>more</no> <no>than</no> <no>one</no> <class>entry</class>    
<no>3.13.2.2.2</no> <no>Alternative</no> <no>Data</no> <no>Flow</no> <no>2</no>    
<no>3a</no>. <class>User</class> <method>selects</method> <method>no</method>     
<no>4a</no>. <no>No</no> <class>entry</class> <no>is</no> <no>deleted</no> 
  
<no>3.13.3</no> <no>Functional</no> <no>Requirements</no> 
<no>REQ</no>-<no>17</no>:    <no>An</no> <class>entry</class> <no>must</no> <no>be</no> <method>selected</method> <no>to</no> <no>be</no> <method>deleted</method>   
<no>3.14</no> <method>Change</method> <method>Language</method> 
<no>This</no> <no>feature</no> <no>allows</no> <class>user</class> <no>to</no> <method>choose</method> <no>one</no> <no>of</no> <no>the</no> <method>language</method> <no>translations</no> <no>that</no> <no>are</no> <no>available</no> <no>in</no> <no>KeePass</no>  
<no>3.14.1</no> <no>Description</no>   
<no>The</no> <class>user</class> <no>can</no> <method>select</method> <no>between</no> <no>a</no> <no>number</no> <no>of</no> <method>translations</method> <no>that</no> <no>are</no> <no>available</no> <no>at</no> <no>KeePass</no> <no>website</no>. <no>There</no> <no>are</no> <no>available</no> <no>translations</no> <no>in</no> <no>Arabic</no>, <no>Brazilian</no>, <no>Bulgarian</no>, <no>Catalan</no>, <no>Chinese</no> (<no>Simplified</no> <no>and</no> <no>Traditional</no>), <no>Czech</no>, <no>Danish</no>, <no>Dutch</no>, <no>English</no>, <no>Estonian</no>, <no>Finnish</no>, <no>French</no>, <no>Galician</no>, <no>German</no>, <no>Greek</no>, <no>Hebrew</no>, <no>Hungarian</no>, <no>Italian</no>, <no>Japanese</no>, <no>Korean</no>, <no>Lithuanian</no>, <no>Macedonian</no>, <no>Malay</no>, <no>Norwegian</no>, <no>Polish</no>, <no>Portuguese</no>, <no>Romanian</no>, <no>Russian</no>, <no>Serbian</no>, <no>Slovak</no>, <no>Spanish</no>, <no>Swedish</no>, <no>Turkish</no> <no>and</no> <no>Ukrainian</no>.  <no>All</no> <no>the</no> <class>user</class> <no>has</no> <no>to</no> <no>do</no> <no>is</no> <no>to</no> <method>select</method> <no>change</no> <method>language</method> <no>from</no> <no>the</no> <no>view</no> <no>menu</no> <no>and</no> <no>then</no> <no>the</no> <no>language</no> <no>he</no> <no>wants</no>. <no>If</no> <no>he</no> <no>already</no> <no>has</no> <method>download</method> <method>languages</method> <method>packets</method> <no>he</no> <no>can</no> <no>choose</no> <no>one</no> <no>of</no> <no>them</no>. <no>If</no> <no>he</no> <no>wants</no> <no>another</no> <no>language</no> <no>pack</no> <no>he</no> <no>can</no> <no>select</no> <no>get</no> <no>more</no> <no>language</no>. <no>Doing</no> <no>this</no> <no>he</no> <no>will</no> <no>be</no> <no>transferred</no> <no>at</no> <no>KeePass</no> <no>website</no> <no>and</no> <no>choose</no> <no>the</no> <no>language</no> <no>he</no> <no>wants</no> <no>for</no> <no>downloading</no>.   
<no>3.14.2</no>. <no>Stimulus</no>/<no>Response</no> <no>Sequences</no>       
<no>Data</no> <no>Flow</no>   
<no>3.14.2.1</no> <no>Basic</no> <no>Data</no> <no>Flow</no>     
<no>1</no>. <class>User</class> <method>opens</method> <method>KeePass</method> <no>and</no> <no>selects</no> <no>to</no> <method>change</method> <method>language</method> <no>from</no> <no>the</no> <no>view</no> <no>menu</no>    
<no>2</no>. <no>The</no> <class>user</class> <method>selects</method> <no>a</no> <method>language</method> <no>to</no> <no>load</no> <no>from</no> <no>the</no> <no>list</no> <no>that</no> <no>appears</no>  
<no>3</no>. <no>A</no> <method>message</method> <method>appears</method> <no>that</no> <no>informs</no> <class>user</class> <no>that</no> <no>the</no> <method>installation</method> <no>has</no> <no>been</no> <method>done</method> <no>and</no> <no>in</no> <no>order</no> <no>for</no> <no>the</no> <no>changes</no> <no>to</no> <no>take</no> <no>place</no> <no>KeePass</no> <no>must</no> <no>be</no> <no>restarted</no> <no>
4.</no> <class>User</class> <method>selects</method> <method>yes</method> (<no>restart</no> <no>now</no>)    
<no>5</no>. <no>KeePass</no> <no>asks</no> <no>to</no> <no>save</no> <no>any</no> <method>changes</method> <no>that</no> <no>may</no> <no>have</no> <no>been</no> <method>made</method> <no>in</no> <no>the</no> <class>database</class> <no>and</no> <method>restarts</method>    
<no>6</no>. <class>User</class> <association>unlocks</association> <no>the</no> <class>database</class> <no>using</no> <no>the</no> <attribute>Master Password</attribute>    
<no>7</no>. <no>The</no> <class>database</class> <no>appears</no> <method>translated</method> <no>in</no> <no>the</no> <no>new</no> <no>language</no> 
<no>3.14.2.2</no> <no>Alternative</no> <no>Data</no> <no>Flows</no>    
<no>3.14.2.2.1</no> <no>Alternative</no> <no>Data</no> <no>Flow</no> <no>1</no>    
<no>2.</no> <class>User</class> <method>selects</method> <no>get</no> <no>more</no> <method>languages</method>    
<no>3</no>. <no>The</no> <no>browser</no> <no>opens</no> <no>in</no> <no>KeePass</no> <no>website</no> <no>were</no> <no>translations</no> <no>are</no> <no>located</no>  
<no>4</no>. <class>User</class> <method>selects</method> <no>a</no> <method>language</method> <no>he</no> <no>wants</no>    
<no>5</no>. <no>The</no> <method>language file</method> <method>downloads</method> <no>and</no> <no>can</no> <no>be</no> <method>found</method> <no>at</no> <no>the</no> <no>list</no> <no>with</no> <no>available</no> <no>languages</no> <no>in</no> <no>the</no> <no>language</no> <no>menu</no>    
<no>3.14.2.2.2</no> <no>Alternative</no> <no>Data</no> <no>Flow</no> 2    
<no>4</no>. <class>User</class> <no>selects</no> <no>no</no> (<no>restart</no> <no>later</no>)    
<no>5</no>. <no>No</no> <no>changes</no> <no>are</no> <no>appeared</no> <no>in</no> <no>the</no> <class>database</class> <no>until</no> <no>the</no> <no>next</no> <no>time</no> <no>KeePass</no> <no>restarts</no>     
<no>3.14.2.2.3</no> <no>Alternative</no> <no>Data</no> <no>Flow</no> <no>3</no>    
<no>2</no>. <class>User</class> <method>selects</method> <method>close</method>    
<no>3</no>. <no>No</no> <no>changes</no> <no>are</no> <no>made</no> <no>in</no> <no>the</no> <class>database</class> 
  
<no>3.14.3</no> <no>Functional</no> <no>Requirements</no> 
<no>REQ</no>-<no>18</no>: <no>An</no> <no>internet</no> <no>connection</no> <no>and</no> <no>a</no> <no>browser</no> <no>are</no> <no>required</no> <no>in</no> <no>order</no> <no>to</no> <no>download</no> <no>new</no> <no>language</no> <no>translations</no> 
<no>For</no> <no>the</no> <no>following</no> <no>features</no>, <no>use</no> <no>cases</no> <no>are</no> <no>not</no> <no>included</no> 
<no>3.15</no> <method>Auto-type</method> 
<no>This</no> <no>feature</no> <no>allows</no> <class>user</class> <no>to</no> <method>define</method> <no>a</no> <class>sequence</class> <no>of</no> <method>keypresses</method> <no>which</no> <no>KeePass</no> <no>will</no> <no>automatically</no> <no>perform</no>.                          
<no>3.15.1</no> <no>Description</no>  
 <no>The</no> <class>user</class> <method>defines</method> <no>the</no> <class>sequences</class> <no>which</no> <no>can</no> <no>be</no> <no>sent</no> <no>to</no> <no>any</no> <no>other</no> <no>open</no> <no>window</no> <no>like</no> <no>browsers</no> <no>or</no> <no>login</no> <no>accounts</no>. <no>By</no> <no>default</no> <no>the</no> <no>sent</no> <no>keystroke</no> <class>sequence</class> <no>is </no>{<no>USERNAME</no>}{<no>TAB</no>}{<no>PASSWORD</no>}{<no>ENTER</no>}. <no>There</no> <no>is</no> <no>the</no> <no>ability</no> <no>for</no> <no>the</no> <class>user</class> <no>to</no> <association>define</association> <no>his</no> <no>own</no> <association>auto-type</association> <class>sequence</class> <no>in</no> <no>the</no> <no>notes</no> <no>field</no> <no>of</no> <no>each</no> <class>entry</class>. <no>The</no> <class>sequence</class> <no>must</no> <no>be</no> <no>prefixed</no> <no>with</no> “<no>Auto-Type</no>” <no>and</no> <no>length</no> <no>of</no> <no>one</no> <no>line</no>. <no>If</no> <no>a</no> <class>sequence</class> <no>is</no> <no>more</no> <no>than</no> <no>a</no> <no>line</no> <no>it</no> <no>cannot</no> <no>be</no> <no>used</no> <no>and</no> <no>in</no> <no>case</no> <no>of</no> <no>two</no> <class>sequences</class> <no>in</no> <no>one</no> <no>note</no><no>’s </no><no>field</no> <no>only</no> <no>the</no> <no>first</no> <no>one</no> <no>is</no> <no>used</no>. <no>There</no> <no>are</no> <no>3</no> <no>methods</no> <no>to</no> <no>invoke</no> <no>auto-type</no>. 

• <no>The</no> <no>first</no> <no>method</no> <no>is</no> <no>to</no> <no>use</no> <no>the</no> <no>context</no> <no>menu</no> <no>command</no> <no>and</no> <method>perform</method> <method>auto-type</method> <no>while</no> <no>the</no> <class>entry</class> <no>is</no> <no>selected</no>. 
• <no>The</no> <no>second</no> <no>method</no> <no>is</no> <no>to</no> <no>select</no> <no>an</no> <class>entry</class> <no>and</no> <no>press</no> <no>Ctrl+V </no>• <no>The</no> <no>third</no> <no>method</no> <no>is</no> <no>to</no> <no>use</no> <no>the</no> <no>system-wide</no> <no>auto-type</no> <no>hot</no> <no>key</no> <no>so</no> <no>that</no> <no>KeePass</no> <no>can</no> <method>search</method> <no>all</no> <class>entries</class> <no>in</no> <no>the</no> <class>database</class> <no>for</no> <no>matching</no> <class>sequences</class>.   
<no>3.15.2</no> <no>Functional</no> <no>Requirements</no> 
<no>REQ</no>-<no>19</no>: <no>The</no> <no>prefix</no> “<no>Auto-Type</no>:” <no>is</no> <no>required</no> <no>in</no> <no>front</no> <no>of</no> <no>each</no> <class>sequence</class> 
<no>REQ</no>-<no>20</no>: <class>Sequence</class>’<no>s</no> <attribute>length</attribute> <no>must</no> <no>not</no> <no>be</no> more <no>than</no> <no>a</no> <no>line</no> (<no>59</no> <no>characters</no>) 
<no>REQ</no>-<no>21</no>: <no>if</no> <no>two</no> <no>auto-types</no> <no>are</no> <no>referred</no> <no>in</no> <no>one</no> <no>note</no> <no>field</no>, <no>only</no> <no>the</no> <no>first</no> <no>is</no> <no>used</no> 
 
<no>3.16</no> <no>Command</no> <no>Line</no> <no>Options</no> 
<no>This</no> <no>feature</no> <no>allows</no> <class>user</class> <no>to</no> <method>pass</method> <no>a</no> <method>file patch</method> <no>in</no> <no>the</no> <no>command</no> <no>line</no> <no>so</no> <no>that</no> <no>KeePass</no> <no>will</no> <no>open</no> <no>it</no> <no>immediately</no> <no>after</no> <no>start</no> <no>up</no>.  
<no>3.16.1</no>   <no>Description</no>   
<no>The</no> <class>database</class> <no>file</no> <attribute>location</attribute> <no>is</no> <method>passed</method> <no>as</no> <no>argument</no> <no>in</no> <no>the</no> <no>command</no> <no>line</no>. <no>More</no> <no>about</no> <no>this</no> <no>feature</no> <no>and</no> <no>examples</no> <no>for</no> <no>using</no> <no>it</no> <no>can</no> <no>be</no> <no>found</no> <no>at</no> <no>help</no> <no>contents</no> <no>in</no> <no>KeePass</no>  
  
<no>3.16.2</no> <no>Functional</no> <no>Requirements</no> 
<no>REQ</no>-<no>22</no>: <no>Only</no> <no>one</no> <class>database</class> <no>file</no> <no>is</no> <no>allowed</no> <no>in</no> <no>command</no> <no>line</no> <no>options</no> 
<no>REQ</no>-<no>23</no>: <no>In</no> <no>case</no> <no>a</no> <no>space</no> <no>is</no> <no>found</no> <no>in</no> <no>the</no> <no>path</no>, <no>it</no> <no>must</no> <no>be</no> <no>enclosed</no> <no>into</no> <no>quotes</no> 
 
<no>3.17</no> <no>Composite</no> <no>Master</no> <no>Key</no> 
<no>This</no> <no>feature</no> <no>is</no> <no>a</no> <no>composition</no> <no>of</no> <attribute>master password</attribute> <no>and</no> <attribute>key files</attribute> <no>and</no> <no>all</no> <no>its</no> <no>composites</no> <no>are</no> <no>required</no> <no>so</no> <no>that</no> <no>the</no> <class>database</class> <no>can</no> <no>be</no> <method>unlocked</method>.   
<no>3.17.1</no>   <no>Description</no>   
<no>The</no> <class>database</class> <no>can</no> <no>be</no> <method>unlocked</method> <no>with</no> <no>a</no> <attribute>master password</attribute>, <no>a</no> <attribute>key file</attribute> <no>or</no> <no>both</no> <no>of</no> <no>them</no>. <no>But</no> <no>the</no> <no>same</no> <no>composition</no> <no>of</no> <no>them</no> <no>must</no> <no>be</no> <no>used</no> <no>always</no>. <no>A</no> <no>master</no> <no>key</no> <no>is</no> <no>a</no> <attribute>password</attribute> <no>the</no> <class>user</class> <no>creates</no>. <no>Once</no> <no>a</no> <no>master</no> <no>key</no> <no>is</no> <no>created</no> <no>for</no> <no>a</no> <class>database</class>, <no>it</no> <no>is</no> <no>always</no> <no>required</no>. <no>In</no> <no>case</no> <no>the</no> <class>user</class> <no>forgets</no> <no>it</no>, <no>the</no> <class>database</class> <no>can</no> <no>never</no> <no>be</no> <no>opened</no> <no>again</no> <no>by</no> <no>any</no> <no>way</no>. <no>A</no> <attribute>key file</attribute> <no>is</no> <no>a</no> <no>file</no> <no>that</no> <method>locks</method> <no>the</no> <class>database</class>. <no>The</no> <class>database</class> <no>opens</no> <no>when</no> <no>this</no> <no>file</no> <no>is</no> <no>present</no>. <no>If</no> <no>the</no> <no>file</no> <no>is</no> <no>lost</no> <no>and</no> <no>there</no> <no>are</no> <no>no</no> <no>copies</no> <no>of</no> <no>it</no>, <no>all</no> <no>data</no> <no>are</no> <no>gone</no> <no>forever</no> <no>and</no> <class>database</class> <no>never</no> <no>unlocks</no> <no>again</no>. 

<no>3.17.2</no> <no>Functional</no> <no>Requirements</no> 
<no>REQ</no>-<no>24</no>: <no>If</no> <no>a</no> <attribute>master password</attribute> <no>is</no> <no>required</no> <no>to</no> <method>unlock</method> <no>the</no> <class>database</class>, <no>the</no> <class>database</class> <no>doesn</no><no>’t</no> <no>open</no> <no>unless</no> <no>the</no> <attribute>password</attribute> <no>is</no> <method>entered</method>  
<no>REQ</no>-<no>25</no>: <no>If</no> <no>a</no> <attribute>key file</attribute> <no>is</no> <no>required</no> <no>to</no> <method>unlock</method> <no>the</no> <class>database</class>, <no>the</no> <class>database</class> <no>doesn</no><no>’t</no> <no>open</no> <no>unless</no> <no>The</no> <no>key</no> <no>file</no> <no>is</no> <no>present</no>
<no>REQ</no>-<no>26</no>: <no>if</no> <no>there</no> <no>is</no> <no>a</no> <no>composite</no> <no>key</no>, <no>both</no> <attribute>master password</attribute> <no>and</no> <attribute>key file</attribute> <no>are</no>  <no>required</no>   
<no>REQ</no>-<no>27</no>: <no>In</no> <no>case</no> <no>of</no> <no>lost</no> <attribute>master password</attribute> <no>or</no> <attribute>key file</attribute>, <no>the</no> <class>database</class> <no>never</no> <method>unlocks</method>  <no>again</no>. <no>There</no> <no>is</no> <no>no</no> <no>recovery</no>   
<no>REQ</no>-<no>28</no>: <no>There</no> <no>is</no> <no>no</no> <no>backdoor</no> <no>or</no> <no>key</no> <no>that</no> <no>unlocks</no> <no>all</no> <class>databases</class>   
<no>3.18</no> <method>Import</method>/<method>Export</method> 
<no>This</no> <no>feature</no> <no>gives</no> <no>the</no> <no>ability</no> <no>to</no> <class>user</class> <no>to</no> <association>import</association>/<association>export</association> <association>files</association> <no>from</no>/<no>to</no> <class>database</class>.  
<no>3.18.1</no>   <no>Description</no>   
<no>There</no> <no>is</no> <no>the</no> <no>ability</no> <no>to</no> <method>import</method> <method>data</method> <no>from</no> <no>CSV</no> <no>files</no>, <no>code</no> <no>wallet</no>, <no>password</no> <no>safe</no> <no>and</no> <no>password</no> <no>vault</no>. <no>There</no> <no>are</no> <no>available</no> <class>plug-ins</class> <no>which</no> <no>add</no> <no>more</no> <method>import</method> <method>capabilities</method> <no>and</no> <no>formats</no> <no>and</no> <no>those</no> <no>are</no>: <no>File</no> <no>format</no> <no>CSV</no> <no>and</no> <no>File</no> <no>format</no> <no>XML</no>. <no>There</no> <no>isn’t</no> <no>any</no> <no>standard</no> <no>password</no> <class>database</class> <no>format</no> <no>and</no> <no>every</no> <no>password</no> <no>manager</no> <no>uses</no> <no>its</no> <no>own</no> <no>file</no> <no>format</no>. <no>Despite</no> <no>that</no>, <no>almost</no> <no>all</no> <no>support</no> <no>exporting</no> <no>to</no> <no>CSV</no> <no>or</no> <no>XML</no> <no>files</no>. 
  
<no>3.18.2</no> <no>Functional</no> <no>Requirements</no> 
<no>REQ</no>-<no>29</no>: <no>File</no> <no>formats</no> <no>are</no> <no>not</no> <no>specialized</no> <attribute>password</attribute> <class>database</class> <no>formats</no>  
<no>REQ</no>-<no>30</no>: <no>File</no> <no>formats</no> <no>only</no> <no>specify</no> <no>a</no> <no>low-level</no> <no>layout</no> <no>of</no> <no>stored</no> <no>data</no> 
<no>3.19</no> <class>Integration</class> 
<no>This</no> <no>feature</no> <no>allows</no> <no>switching</no> <no>back</no> <no>from</no> <no>an</no> <no>application</no> <no>to</no> <no>KeePass</no>.  
<no>3.19.1</no>   <no>Description</no>   
<no>The</no> <no>global</no> <no>hot</no> <no>key</no> <no>takes</no> <no>the</no> <class>user</class> <method>back</method> <no>from</no> <no>one</no> <no>window</no> <no>to</no> <method>KeePass</method>. <no>In</no> <no>case</no> <no>of</no> <no>multiple</no> <class>databases</class> <no>running</no> <no>of</no> <no>KeePass</no> <no>the</no> <class>global hot key</class> <method>restores</method> <no>the</no> <no>window</no> <no>which</no> <no>was</no> <no>opened</no> <no>first</no> <no>of</no> <no>all</no>. <no>The</no> <no>global</no> <no>hot</no> <no>key</no> <no>is</no> <no>Ctrl+Alt+K </no>
    
<no>3.19.2</no> <no>Functional</no> <no>Requirements</no> 
<no>REQ</no>-<no>31</no>:    <no>Global</no> <no>hot</no> <no>key</no> <no>cannot</no> <no>be</no> <no>changed</no> 
  
<no>3.20</no> <class>Password Generator</class> 
<no>This</no> <no>feature</no> <no>generates</no> <no>random</no> <no>passwords</no>.  
<no>3.20.1</no>   <no>Description</no>   
<no>The</no> <class>password generator</class> <method>creates</method> random <attribute>passwords</attribute> every time <no>an</no> <class>entry</class> <no>is</no> <method>created</method>. <no>This</no> <attribute>password</attribute> may contain letters (big <no>and</no> <no>small</no>) <no>and</no> numbers. <no>The</no> <class>user</class> <no>can</no> keep <no>it</no> <no>or</no> <no>he</no> <no>can</no> put <no>his</no> own <no>in</no> <no>the</no> <no>field</no>. <no>The</no> generation <no>can</no> <no>be</no> based <no>on</no> character sets, <no>patterns</no> <no>or</no> <no>can</no> <no>be</no> created according <no>by</no> rules. <no>This</no> <no>feature</no> <no>can</no> <no>be</no> <no>disabled</no> <no>if</no> <class>user</class> <no>wants</no> <no>it</no> <no>by</no> selecting 0 as password length <no>in</no> <no>the</no> <class>password generator</class> dialog. More about characters sets <no>and</no> <no>patterns</no> <no>can</no> <no>be</no> found at KeePass Help Files including directions <no>and</no> <no>examples</no>. 
    
<no>3.20.2</no> <no>Functional</no> <no>Requirements</no> 
<no>According</no> <no>to</no> <no>restriction</no> <no>rules</no> <no>that</no> <no>are</no> <no>applied</no> <no>every</no> <no>time</no>.   
<no>3.21</no> <class>TAN Support </class>
<no>This</no> <no>feature</no> <no>allows</no> <no>creation</no> <no>of</no> <no>Transaction</no> <no>Authentication</no> <no>Numbers</no>.   
<no>3.21.1</no>   <no>Description</no>   
<class>TANs</class> <no>can</no> <no>be</no> <attribute>passwords</attribute> <no>that</no> <method>provide</method> <method>security</method> <no>because</no> <no>they</no> <no>can</no> <no>never</no> <no>be</no> <no>used</no> <no>for</no> <no>more</no> <no>than</no> <no>once</no> <no>time</no>. <no>They</no> <no>can</no> <no>be</no> <no>added</no> <no>to</no> <class>user</class>’<no>s</no> <class>database</class> <no>by</no> <no>using</no> <class>TAN</class> <no>wizard</no> <no>and</no> <no>can</no> <no>contain</no> <no>all</no> <no>letters</no> <no>and</no> <no>numbers</no>. <no>When</no> <class>TAN</class> <no>are</no> <method>created</method>, <no>they</no> <association>appear</association> <no>as</no> <no>typical</no> <class>entries</class> <no>which</no> <no>in</no> <no>the</no> <no>field</no> <no>title</no> <no>contain</no> “&lt;<class>TAN</class>&gt;” <no>so</no> <no>that</no> <no>KeePass</no> <no>will</no> <no>know</no> <no>it</no><no>’s </no><no>a</no> <class>TAN</class>. <no>In</no> <class>TAN</class> <class>entries</class>, <class>user</class> <no>cannot</no> <no>change</no> <no>the</no> <no>title</no>, <class>user</class> <no>name</no> <no>or</no> <no>URL</no> <no>but</no> <no>notes</no> <no>can</no> <no>be</no> <no>added</no>. <no>When</no> <no>a</no> <class>TAN</class> <no>is</no> <no>used</no>, <no>its</no> <attribute>expiration time</attribute> <no>is</no> <method>set</method> <no>to</no> <no>that</no> <method>current time</method> <no>and</no> <no>the</no> <class>entry</class> <method>expires</method> <no>automatically</no>. 
  
<no>3.21.2</no> <no>Functional</no> <no>Requirements</no> 
<no>REQ</no>-<no>32</no>:<no>Title</no>, <no>username</no> <no>or</no> <no>URL</no> <no>cannot</no> <no>be</no> <no>changed</no> <no>in</no> <no>a</no> <class>TAN</class> <no>entry</no>.
<no>REQ</no>-<no>33</no>: <no>When</no> <no>a</no> <class>TAN</class> <no>is used</no>, <no>it</no> <method>expires</method> <no>automatically</no> <no>and</no> <no>can</no> <no>never</no> <no>be</no> <no>used</no> <no>again</no>.  
</document>
