<document><no>3. </no><no>System</no> <no>Features</no> <no>In</no> <no>this</no> <no>chapter</no>, <no>functional</no> <no>requirements</no> <no>of</no> <no>the</no> <no>application</no> <no>and</no> <no>the</no> <no>features</no> <no>it</no> <no>provides</no> <no>are</no> <no>presented</no>. <no>PeaZip</no> <no>is</no> <no>a</no> file <no>and</no> archive <no>manager</no> <no>application</no> <no>for</no> <no>a</no> <no>computer</no> <no>system</no> <no>that</no> <no>allows</no> users <no>to</no> <no>compress</no>/<no>decompress</no>, <no>authenticate</no> <no>and</no> archive <no>them</no>. <no>All</no> <no>PeaZip</no>’s <no>features</no> <no>are</no> <no>explicated</no> <no>in</no> <no>the</no> <no>following</no> <no>units</no>. 
<no>3.1</no> <no>System</no> <no>Feature</no> <no>1</no> 
Browsing areas <no>and</no> objects <no>of</no> <no>the</no> <no>computer</no> <no>system</no>. 
 
<no>3.1.1</no> <no>Description</no> <no>and</no> <no>Priority</no> 

<no>PeaZip</no>’s users <no>can</no> <method>browse</method> <no>and</no> <no>gain</no> <method>access</method>, <no>in</no> <no>various</no> <no>ways</no>, <no>to</no> <no>every</no> <no>area</no> (<no>e.g.</no> storing units, desktop, <no>users</no> documents <no>etc</no>) <no>of</no> <no>the</no> <no>computer</no> <no>system</no> <no>on</no> <no>which</no> <no>PeaZip</no> <no>runs</no>, <no>as</no> <no>well</no> <no>as</no> <no>to</no> <no>included</no> objects (archives <no>and</no> files). 
<no>3.1.2</no> <no>Stimulus</no>/<no>Response</no> <no>Sequences</no> <no>In</no> <no>the</no> <no>initial</no> <no>window</no> <no>of</no> <no>the</no> <no>application</no> (<no>which</no> <no>is</no> <no>also</no> <no>going</no> <no>to</no> <no>be</no> <no>mentioned</no> <no>as</no> file manager interface) <no>there</no> <no>is</no> <no>a</no> <no>button</no> <no>writing</no> “File” <no>on</no> <no>it</no>. <no>By</no> <method>pressing</method> <no>this</no> <no>particular</no> <method>button</method>, <method>opens</method> <no>a</no> submenu <no>with</no> <no>choices</no> <no>that</no> <no>have</no> <no>to</no> <no>do</no> <no>with</no> <no>browsing</no> <no>and</no> <no>access</no> <no>to</no> <no>areas</no> <no>and</no> objects <no>of</no> <no>the</no> <no>computer</no> <no>system</no>s  

<no>More</no> <no>specifically</no>: <no>By</no> <no>choosing</no> <no> “Filesystem”,</no> <no> users</no> <no>can</no> <no>get </no> <association>access</association> <no>to</no> <no>an</no> object <no>from</no> <no>an</no> object <no>list</no> <no>of</no> objects <no>that</no> <no>is</no> <no>organized</no> <no>according</no> <no>to</no> <no>a</no> <no>functional</no> <no>hierarchy</no>.. <no>By</no> <no>choosing</no> “Bookmarks”, users <no>can</no> get <association>access</association> <no>to</no> <no>an</no> object <no>from</no> <no>a</no> <no>list</no> <no>of</no> objects <no>that</no> <no>have</no> <no>been</no> <method>rated</method> <no>by</no> <no>them</no> <no>as</no> <attribute>favorites</attribute>. <no>By</no> <no>choosing</no> “<no>Recent</no> archives”, users <no>can</no> <no>get</no> <method>access</method> <no>to</no> <no>an</no> object <no>from</no> <no>a</no> <no>list</no> <no>of</no> objects <no>that</no> <no>have</no> <no>been</no> <attribute>recently browsed</attribute> <no>in</no> <no>PeaZip</no>. <no>Finally</no>, <no>through</no> “<no>Open</no> <no>path</no>” <no>and</no> “<no>Open</no> archive”, users <no>can</no> <no>get</no> <no>direct</no> <association>access</association> <no>to</no> <no>a</no> <attribute>path</attribute> <no>of</no> <no>an</no> object <no>or</no> <no>a</no> file/archive.  <no>Moreover</no>, <no>browsing</no> <no>and</no> <no>access</no> <no>to</no> <no>computer</no> <no>system</no>’s objects <no>is</no> <no>provided</no> <no>by</no> <no>navigation</no> <no>bar</no> <no>of</no> <no>the</no> file manager interface, <no>with</no> <no>navigation</no> <no>buttons</no> (<no>back</no>, <no>forward</no>, <no>up</no>) <no>and</no> <no>refresh</no> <no>button</no>.   
<no>By</no> <no>this</no> <no>feature</no>, users <no>are</no> <no>allowed</no> <no>to</no> <association>search</association> <no>and</no> <no>gain</no> <association>access</association> <no>to</no> objects <no>they</no> <no>would</no> <no>like</no> <no>to</no> <method>manage</method>. 
<no>3.1.3</no> <no>Functional</no> <no>Requirements</no> <no>Installation</no> <no>of</no> <no>no</no> <no>other</no> <no>application</no> <no>is</no> <no>required</no>, <no>for</no> <no>PeaZip</no> <no>to</no> <no>manage</no> <no>this</no> <no>function</no>. <no>The</no> <no>only</no> <no>functional</no> <no>requirement</no> <no>is</no>:    <no>REQ-1</no>: <no>Operating</no> <no>system</no> <no>on</no> <no>the</no> <no>computer</no> <no>system</no>. 

<no>3.2</no> <no>System</no> <no>Feature</no> <no>2</no> 
<no>Variety</no> <no>of</no> <no>ways</no> <no>of</no> <no>selection</no> <no>of</no> <no>displayed</no> <no>in</no> file manager interface objects.  
<no>3.2.1</no> <no>Description</no> <no>and</no> <no>priority</no> Users <no>are</no> <no>allowed</no> <no>to</no> <method>manage</method> <no>the</no> <no>way</no> <no>of</no> <no>selection</no> <no>of</no> <no>the</no> <method>displayed</method> <no>in</no> file manager interface objects(files <no>and</no> archives). 
<no>3.2.2</no> <no>Stimulus</no>/<no>Response</no> <no>Sequences</no> <no>In</no> <no>the</no> <no>initial</no> <no>window</no> <no>of</no> <no>the</no> <no>application</no>(file manager interface), <no>there</no> <no>is</no> <no>a</no> <no>button</no> <no>writing</no>  “Edit” <no>on</no> <no>it</no>. <no>By</no> <method>pressing</method> <no>this</no> <no>particular</no> <no>button</no><no>,</no> <method>opens</method> <no>a</no> submenu <no>with</no> <no>choices</no> <no>that</no> <no>have</no> <no>to</no> <method>do</method> <no>with</no> <method>altering</method> <no>ways</no> <no>of</no> <method>selection</method> <no>of</no> files <method>displayed</method> <no>currently</no> at file manager interface. 
 
<no>More</no> <no>specifically</no>: “Select all”, <association>selects all</association> objects <no>that</no> <no>are</no> <no>currently</no> <association>displayed</association> <no>at</no> file mager interface. “Invert selection”, <no>allows</no> <association>inverted</association> <association>selection</association> <no>of</no> objects(<no>this</no> <no>means</no> <no>that</no> <no>all</no> <no>non-selected</no> <no>before</no> <no>the</no> <no>beginning</no> <no>of</no> <no>the</no> <no>function</no> objects <no>are</no> <no>selected</no> <no>and</no> <no>all</no> <no>selected</no> <no>before</no> <no>the</no> <no>beginning</no> <no>of</no> <no>the</no> <no>function</no> objects <no>are</no> <no>deselected</no>). “<no>All</no> objects…” <no>set</no> <no>of</no> <no>commands</no>, <no>allows</no> <association>selection</association> <no>from</no> <no>the</no> objects <association>displayed</association> <no>on</no> file manager interface, <no>according</no> <no>to</no>: <attribute>extension</attribute>, <attribute>attributes</attribute>, <attribute>size</attribute> <no>and</no> <attribute>date</attribute>.. <no>Finally</no>, “Sort <no>by</no> selection <no>status</no>”, <association>sorts</association> <no>all</no> objects <no>on</no> file manager interface <no>according</no> <no>to</no> <no>whether</no> <no>they</no> <no>are</no> <attribute>selected</attribute> <no>or</no> <no>not</no>.  <no>With</no> <no>this</no> <no>feature</no> users <no>are</no> <no>allowed</no> <no>to</no> <no>flexibly</no> <method>alternate</method> <no>the</no> <no>way</no> <no>of</no> <method>selection</method> <no>of</no> <no>currently</no> <method>displayed</method> objects <no>on</no> file manager interface. <no>This</no> <no>feature</no> <no>is</no> <no>particularly</no> <no>useful</no> <no>for</no> object <no>selection</no> <no>for</no> <no>mass</no> <no>management</no>, <no>especially</no> <no>when</no> <no>the</no> <no>number</no> <no>of</no> <no>currently</no> <no>displayed</no> objects <no>on</no> file manager interface <no>is</no> <no>large</no> (<no>thus</no> <no>manual</no> <no>selection</no> object-<no>by</no>-object <no>could</no> <no>lead</no> <no>to</no> <no>errors</no>). 
<no>3.2.3</no> <no>Functional</no> <no>Requirements</no>   <no>Functional</no> <no>requirements</no> <no>of</no> <no>this</no> <no>feature</no> <no>are</no> <no>exactly</no> <no>the</no> <no>same</no> <no>as</no> <no>the</no> <no>ones</no> <no>of</no> <no>System</no> <no>Feature</no> <no>1</no>. 
<no>3.3</no> <no>System</no> <no>Feature</no> <no>3</no> 
<method>Accessibility</method> <no>to</no> <no>main</no> <no>application</no> interfaces(<no>other</no> <no>than</no> file manager interface)<no>and</no> <method>modification</method> <no>of</no>  <method>view</method> <no>mode</no> <no>for</no> objects <no>in</no> file manager interface.  
<no>3.3.1</no> <no>Description</no> <no>and</no> <no>Priority</no> Users <no>are</no> <no>allowed</no> <no>to</no> <no>instantly</no> <method>access</method> <no>other</no> <no>main</no> <no>application</no> <no>interfaces</no>(<no>specifically</no> create archive interface <no>and</no> extraction <no>interface-these</no> <no>features</no> <no>are</no> <no>described</no> <no>in</no> <no>following</no> <no>chapters</no>), <no>as</no> <no>well</no> <no>as</no> <association>changing</association> <method>view</method> <no>mode</no> <no>for</no>  objects(archives <no>and</no> files) <association>displayed</association> <no>in</no> file manager interface. 
<no>3.3.2</no> <no>Stimulus</no>/<no>Response</no> <no>Sequences</no> <no>In</no> <no>the</no> <no>initial</no> <no>window</no> <no>of</no> <no>the</no> <no>application</no>(file manager interface), <no>there</no> <no>is</no> <no>a</no> <no>button</no> <no>writing</no> “Browser” <no>on</no> <no>it</no>. <no>By</no> <no>pressing</no> <no>this</no> <no>particular</no> <no>button</no>, <method>opens</method> <no>a</no> submenu <no>with</no> <no>choices</no> <no>that</no> <no>have</no> <no>to</no> <no>do</no> <no>with</no> <method>transferring</method> <no>to</no> <method>main</method> <no>interfaces</no> <no>of</no> <no>PeaZip</no> <no>and</no> <method>selecting</method> <method>view</method> <no>mode</no> <no>for</no> objects (archives <no>and</no> files) <method>displayed</method> <no>in</no> file manager interface.   

 <no>More</no> <no>specifically</no>: “Go to archiving layout”, <association>leads</association> <no>directly</no> <no>to</no> create archive interface.  “Go to extraction layout”, <association>leads</association> <no>directly</no> <no>to</no> extraction interface. (<no>Note</no>: <no>the</no> <no>previous</no> <no>two</no> <no>functions</no> <no>are</no> <no>described</no> <no>in</no> <no>detail</no> <no>in</no> <no>following</no> <no>chapters</no>, <no>whereas</no> <no>the</no> <no>sequence</no> <no>of</no> <no>actions</no> <no>that</no> <no>was</no> <no>described</no> <no>is</no> <no>not</no> <no>the</no> <no>only</no> <no>way</no> <no>of</no> <no>approaching</no> <no>those</no> <no>two</no> <no>interfaces</no>). “Toggle browse/flat view”, <association>displays</association> <no>all</no> <no>together</no> <no>the</no> objects <no>contained</no> <no>in</no> <no>the</no> <no>current</no> <no>path</no> <no>or</no> <no>in</no> <no>the</no> archive. <no>Finally</no>, “Refresh”, <method>refresh</method>/<method>update</method> <no>of</no> <no>currently</no> <no>displayed</no> <method>content</method>  <no>This</no> <no>particular</no> <no>feature</no> <no>allows</no> users <no>to</no> <no>gain</no> <no>direct</no> <method>access</method> <no>to</no> <no>other</no> <method>main</method> <method>interfaces</method> <no>of</no> <no>PeaZip</no> <no>than</no> file manager interface. <no>In</no> <no>addition</no>, <no>it</no> <no>offers</no> <no>an</no> <no>overview</no> <no>of</no> <no>the</no> objects <no>that</no> <no>are</no> <no>displayed</no> <no>in</no> file manager interface, <no>which</no> <no>helps</no> users <no>to</no> <no>handle</no> <no>them</no> <no>better</no>. 
<no>3.3.3</no> <no>Functional</no> <no>Requirements</no> <no>Functional</no> <no>requirements</no> <no>of</no> <no>this</no> <no>feature</no> <no>are</no> <no>exactly</no> <no>the</no> <no>same</no> <no>as</no> <no>the</no> <no>ones</no> <no>of</no> <no>System</no> <no>Feature</no> <no>1</no>. 
<no>3.4</no> <no>System</no> <no>Feature</no> 4 
<no>Computer</no> <no>system</no> <no>management</no> utilities.   
<no>3.4.1</no> <no>Description</no> <no>and</no> <no>Priority</no> 
Users <no>can</no> <association>use</association>, <no>through</no> <no>PeaZip</no>, <no>multiple</no> <no>computer</no> <no>system</no> (<no>both</no> <no>for</no> <no>storage</no> <no>units</no> <no>and</no> <no>the</no> <no>system</no> <no>itself</no>) <no>management</no> tools. 
<no>3.4.2</no> <no>Stimulus</no>/<no>Response</no> <no>Sequences</no> <no>In</no> <no>the</no> <no>initial</no> <no>window</no> <no>of</no> <no>the</no> <no>application</no>(file manager interface), <no>there</no> <no>is</no> <no>a</no> <no>button</no> <no>writing</no> “Tools” <no>on</no> <no>it</no>. <no>By</no> <method>pressing</method> <no>this</no> <no>particular</no> <no>button</no>, <method>opens</method> <no>a</no> submenu <no>with</no> <no>choices</no> <no>that</no> <no>have</no> <no>to</no> <no>do</no>, <no>among</no> <no>others</no>, <no>with</no> <no>gaining</no> <method>access</method> <no>to</no> tool <no>and</no> utilities <no>for</no> <no>computer</no> <no>system</no> management.     
 
<no>More</no> <no>specifically</no>: “<no>System</no> <no>tools”</no>, <method>collects</method> <no>system</no><no>’s</no> <no>disk</no> utilities (<attribute>clean</attribute>, <attribute>defrag</attribute>, <attribute>manage</attribute>, <attribute>remove</attribute>), <no>system</no> <no>management</no> <no> tools</no> (<attribute>control panel</attribute>, <attribute>computer management</attribute>, <attribute>task manager</attribute>) <no>and</no> <method>displays</method> <method>environment</method> <method>variables</method> (<no>both</no> <no>for</no> <no>Linux</no> <no>and</no> <no>Windows</no>).<no> “System benchmark”</no> <no>utility</no>, <method>rates</method> <no>the</no> <method>host system</method> <no>in</no> <no>terms</no> <no>of</no> <no>MIPS</no> (<no>millions</no> <no>of</no> <no>integer</no> <no>instructions</no> <no>per</no> <no>second</no>)<no>and</no> <no>Core</no> <no>2</no> <no>Duo</no> <no>equivalent</no> <no>speed</no> <no>in</no> <no>MHz</no>.  <no>Through</no> <no>this</no> <no>feature</no>, users <no>can</no> <no>have</no> <no>quick</no> <no>and</no> <no>easy</no> <method>access</method> <no>to</no> <no>basic</no> tools <no>and</no> utilities <no>of</no> <no>computer</no> <no>system</no> <no>management</no>, <no>through</no> <no>PeaZip</no> <no>application</no>. <no>In</no> <no>this</no> <no>way</no>, 
 
users <no>can</no> <no>fine</no> <no>tune</no> <no>every</no> <no>possible</no> <no>procedure</no> <no>that</no> <no>takes</no> <no>place</no> <no>in</no> <no>the</no> <no>computer</no> <no>system</no>. 
<no>3.4.3</no> <no>Functional</no> <no>Requirements</no> <no>Functional</no> <no>requirements</no> <no>of</no> <no>this</no> <no>feature</no> <no>are</no> <no>exactly</no> <no>the</no> same <no>as</no> <no>the</no> ones <no>of</no> <no>System</no> <no>Feature</no> <no>1</no>. 
<no>3.5</no> <no>System</no> <no>Feature</no> 5 
File management utilities <no>that</no> <no>are</no> <no>not</no> <no>strictly</no> <no>archiving-related</no>.  
<no>3.5.1</no> <no>Description</no> <no>and</no> <no>Priority</no> Users <no>can</no> <association>access</association> <no>a</no> <no>group</no> <no>of</no> file management tools, <no>that</no> <no>are</no> <no>not</no> <no>strictly</no> <no>archiving-related</no>. Users <no>can</no> <method>choose</method> <no>from</no> <no>a</no> <no>set</no> <no>of</no> <method>utilities</method>, <no>like</no>: <no>secure</no> file <method>deletion</method>, <method>byte to byte comparison</method> <no>between</no> <no>two</no> files, file <method>checking</method>, file <method>split/join</method>, file <method>information display</method> <no>and</no> <method>hexadecimal preview</method> <no>of</no> <no>the</no> <no>content</no> <no>of</no> <no>a</no> file.  
<no>3.5.2</no> <no>Stimulus</no>/<no>Response</no> <no>Sequences</no> <no>PeaZip</no>, <no>offers</no> <method>access</method> <no>to</no> <no>a</no> <no>series</no> <no>of</no> file management tools, <no>from</no> <no>the</no> <no>initial</no> <no>window</no> <no>of</no> <no>the</no> <no>application</no> (file manager interface), <no>as</no> <no>well</no> <no>as</no> <no>from</no> <no>create</no> archive <no>window</no>(create archive interface) <no>and</no> <no>extraction</no> <no>window</no>(extraction interface).  <no>More</no> <no>specifically</no>, <no>functions</no> <no>that</no> <no>are</no> <no>features</no> <no>by</no> <no>the</no> <no>tools</no> <no>mentioned</no> <no>above</no> <no>are</no>: - <attribute>Secure file deletion</attribute>, <no>intended</no> <no>for</no> <attribute>securely remove</attribute> files <no>and</no> <attribute>folders</attribute> <no>from</no> <no>disk</no>, <no>avoiding</no> <no>possible</no> <attribute>data recovery</attribute>. <no>This</no> <no>is</no> <no>implemented</no> <no>by</no> <no>multiple</no> <no>successive</no> <no>passes</no> <no>of</no> <no>the</no> <no>deletion</no> <no>procedure</no> <no>over</no> <no>the</no> <no>storage</no> <no>area</no> <no>of</no> <no>the</no> <no>selected</no> <no>for</no> <no>deletion</no> <no>file</no>. <method>-Byte to byte file</method> <no>comparison</no>, <no>which</no> <no>spots</no> <no>exactly</no> <no>what</no> <no>the</no> <no>different</no> <no>bytes</no> <no>are</no> <no>and</no> <no>is</no> <no>not</no> <no>susceptible</no> <no>to</no> <no>collisions</no> <no>under</no> <no>any</no> <no>circumstance</no>, <no>even</no> <no>if</no> <no>conditions</no> <no>are</no> <no>highly</no> <no>improbable</no> <no>and</no> <no>very</no> <no>difficult</no> <no>or</no> <no>not</no> <no>practically</no> <no>possible</no> <no>to</no> <no>trigger</no> <no>if</no> <no>a</no> <no>proper</no> <no>hash</no> <no>function</no> <no>is</no> <no>chosen</no>. <method>- Check</method> files, <no>which</no> <no>is</no> <no>useful</no> <no>for</no> <method>finding</method> <method>duplicate</method> files <no>and</no> <method>checking</method> files <no>for</no> <no>corruption</no> <no>when</no> <no>an</no> <no>original</no> <no>checksum</no> <no>or</no> <no>hash</no> <no>value</no> <no>is</no> <no>known</no>. <method>-Split file </method><no>and</no> <method>merge split</method> <no>volumes</no> <no>back</no> <no>to</no> <no>the</no> <no>original</no> <no>file</no>. -<no>Information</no> <no>display</no> <no>for</no> <no>selected</no> (<no>by</no> users) files. <attribute>Number</attribute> <no>of</no> files, <no>older</no> <no>and</no> <no>newer</no> object<no>’s</no> <attribute>date</attribute>/<attribute>time</attribute>, <no>total</no> <attribute>space</attribute> <attribute>occupation</attribute>, <no>and</no> <no>larger</no> <no>and</no> <no>smaller</no> object<no>’s</no> <attribute>sizes</attribute> <no>are</no> <no>presented</no>. -<method> Hexadecimal preview</method>, <no>which</no> <no>allows</no> <no>view</no> <no>of</no> <no>the</no> <no>content</no> <no>of</no> <no>a</no> <no>file</no> <no>represented</no> <no>as</no> <no>hexadecimal</no> <no>values</no>.  <no>Through</no> <no>this</no> <no>set</no> <no>of</no> <no>features</no>, users <no>are</no> <no>allowed</no> <no>to</no> <association>handle</association> files <no>easier</no> <no>and</no> <no>more</no> <no>adequately</no>. 
<no>3.5.3</no> <no>Functional</no> <no>Requirements</no> <no>Functional</no> <no>requirements</no> <no>of</no> <no>this</no> <no>feature</no> <no>are</no> <no>exactly</no> <no>the</no> <no>same</no> <no>as</no> <no>the</no> <no>ones</no> <no>of</no> <no>System</no> <no>Feature</no> <no>1</no>. 
 
<no>3.6</no> <no>System</no> <no>Feature</no> <no>6</no> 
Archive <method>extraction</method>.  
<no>3.6.1</no> <no>Description</no> <no>and</no> <no>Priority</no> 
 
 
Users <no>can</no> <no>use</no> <no>PeaZip</no> <no>for</no> <association>decompressing</association> <no>the</no> <association>contents</association> <no>of</no> <no>a</no> <no>selected</no> (<no>by</no> <no>them</no>) <no>compressed</no> archive <no>and</no> <association>extract</association> <no>them</no> <no>in</no> <no>a</no> folder. <attribute>Name</attribute> <no>and</no> <attribute>storage space</attribute> <no>of</no> <no>the</no> folder <no>in</no> <no>the</no> <no>computer</no> <no>system</no>, <no>are</no> up <no>to</no> users <no>to</no> <no>decide</no>. <no>The</no> archive, <no>whose</no> <no>contents</no> <no>are</no> <no>extracted</no>, <no>is</no> <no>neither</no> <no>destroyed</no>, <no>nor</no> <no>deleted</no> <no>and</no> <no>it</no> <no>is</no> <no>not</no> <no>left</no> <no>empty</no>. <no>On</no> <no>the</no> <no>contrary</no>, <no>it</no> <method>retains</method> <no>its</no> <method>content</method> <no>and</no> <method>name</method> <no>and</no> <no>remains</no> <method>saved</method> <no>at</no> <no>the</no> <no>same</no> <no>place</no> <no>of</no> <no>the</no> <no>computer</no> <no>system</no> <no>that</no> <no>was</no> <no>initially</no> <no>stored</no>.   <no>For</no> <no>the</no> <no>procedure</no> <no>of</no> <method>decompression</method> <no>and</no> <method>extraction</method> <no>to</no> <no>be</no> <no>completed</no>, <no>it</no> <no>is</no> <no>necessary</no> <no>that</no> <no>the</no> <no>selected</no> archive <no>is</no> <no>of</no> <no>one</no> <no>of</no> <no>the</no> <no>supported</no> <no>for</no> <no>extraction</no> <no>by</no> <no>PeaZip</no> <no>formats</no>. <no>In</no> <no>case</no> <no>the</no> <no>selected</no>  <no>archive</no> <no>is</no> <method>encrypted</method>, user <no>must</no> <no>know</no> <no>and</no> <method>insert</method> <attribute>password</attribute> <no>and</no> (<no>if</no> <no>there</no> <no>is</no> <no>one</no>) <attribute>keyfile</attribute> <no>in</no> <no>order</no> <no>to</no> <no>have</no> <method>access</method> <no>to</no> <no>the</no> archives <method>contents</method> (<no>for</no> <no>browsing</no> <no>or</no> <no>extracting</no> <no>them</no>).  <no>Read-only</no> (<no>browsing</no> <no>and</no> <no>extraction</no>) <no>formats</no> <no>supported</no> <no>by</no> <no>PeaZip</no>: <no>7z</no>, <no>7z-sfx</no>, <no>ARC</no>/<no>WRC</no>, <no>BZ2</no>/<no>TBZ2</no>, <no>custom</no>, <no>GZ</no>/<no>TGZ</no>, <no>PAQ</no>/<no>LPAQ</no>, <no>PEA</no>, <no>QUAD</no>/<no>BALZ</no>, <no>split</no>, <no>TAR</no>, <no>UPX</no><no>,</no> <no>ZIP</no>, <no>ACE</no>, <no>ARJ</no>, <no>CAB</no>, <no>CHM</no>, <no>COMPOUND</no>(<no>MSI</no>, <no>DOC</no>, <no>XLS</no>, <no>PPT</no>), <no>CPIO</no>, <no>ISO</no>, <no>Java</no>(JAR, <no>EAR</no>, <no>WAR</no>), <no>Linux</no>(<no>DEB</no>, <no>PET</no>/<no>PUP</no>, <no>RPM</no>, <no>SLP</no>), <no>LHA</no>/<no>LZH</no>, <no>LZMA</no>, <no>Mac</no>(<no>DMG</no>/<no>HFS</no>), <no>NSIS</no>, <no>Open</no> <no>Office</no> files, <no>PAK</no>/<no>PK3</no>/<no>PK4</no>, <no>RAR</no>,<no>SMZIP</no>, <no>U3P</no>, <no>UDF</no>, <no>VHD</no>, <no>WIM</no>, <no>XAR</no>, <no>XPI</no>, <no>XZ</no>, <no>Z</no>/<no>TZ</no> 
<no>3.6.2</no> <no>Stimulus</no>/<no>Response</no> <no>Sequences</no> <no>Decompression</no>/<no>Extraction</no> <no>function</no> <no>is</no> <no>set</no> <no>off</no> <no>and</no> <no>defined</no> <no>in</no> <no>extraction</no> <no>window</no> (<no>which</no> <no>is</no> <no>also</no> <no>going</no> <no>to</no> <no>be</no> <no>referred</no> as extraction interface). Users <no>can</no> <no>get</no> <method>access</method> <no>to</no> <no>this</no> <no>window</no> <no>in</no> <no>one</no> <no>of</no> <no>the</no> <no>following</no> <no>ways</no>: <no>1)</no> <no>By</no> <no>selecting</no> <no>one</no> <no>or</no> <no>more</no> archives <no>that</no> <no>have</no> <no>suitable</no> <attribute>format</attribute> <no>for</no> <method>decompression</method> <no>and</no> <method>extraction</method> <no>of</no> <no>their</no> <no>content</no> <no>from</no> file manager interface <no>and</no> <no>then</no> <no>pressing</no> <no>the</no> <no>button</no> <no>writing</no> “<no>Extract</no>” <no>on</no> <no>it</no>, <no>from</no> <no>the</no> <no>toolbar</no>. <no>This</no> <no>is</no> <no>the</no> <no>icon</no> <no>of</no> <no>the</no> <no>button</no>:   
                                                                     
 <no>2)</no> <no>By</no> <no>pressing</no> <no>the</no> <no>button</no> <no>writing</no> “Browser” <no>on</no> <no>it</no>, <no>in</no> file manager interface <no>and</no> <no>then</no> <no>selecting</no> “Go to extraction layout” <no>from</no> <no>the</no> <no>submenu</no> <no>that</no> <no>appears</no>. <no>3)</no> <no>By</no> <no>selecting</no> <no>one</no> <no>or</no> <no>more</no> archives <no>that</no> <no>have</no> <no>suitable</no> <no>format</no> <no>for</no> <method>decompression</method> <no>and</no> <method>extraction</method> <no>of</no> <no>their</no> <no>content</no> <no>from</no> file manager interface, <no>clicking</no> <no>the</no> <no>right</no> <no>button</no> <no>of</no> <no>the</no> <no>mouse</no> <no>of</no> <no>the</no> <no>computer</no> <no>system</no>(<no>or</no> <no>the</no> <no>equivalent</no> <no>button</no> <no>of</no> <no>the</no> <no>equivalent</no> <no>input</no> <no>device</no> <no>that</no> <no>the</no> <no>computer</no> <no>system</no> <no>may</no> <no>have</no>)<no>and</no> <no>then</no> <no>choosing</no> “<no>Extract</no>” <no>or</no> “<no>Extract</no>(<no>in</no> <no>new</no> <no>folder</no>)”. <no>4)</no> <no>By</no> <no>selecting</no> <no>one</no> <no>or</no> <no>more</no> archives <no>that</no> <no>have</no> <no>suitable</no> <attribute>format</attribute> <no>for</no> <method>decompression</method> <no>and</no> <method>extraction</method> <no>of</no> <no>their</no> <no>content</no> <no>from</no> <no>some</no> <no>area</no> <no>of</no> <no>the</no> <no>computer</no> <no>system</no>(<no>outside</no> <no>of</no> <no>the</no> <no>applications</no> <no>graphical</no> <no>environment</no>), <no>clicking</no> <no>the</no> <no>right</no> <no>button</no> <no>of</no> <no>the</no> <no>mouse</no> <no>of</no> <no>the</no> <no>computer</no> <no>system</no>(<no>or</no> <no>the</no> <no>equivalent</no> <no>button</no> <no>of</no> <no>the</no> <no>equivalent</no> <no>input</no> <no>device</no> <no>that</no> <no>the</no> <no>computer</no> <no>system</no> <no>may</no> <no>have</no>)<no>and</no> <no>then</no> <no>choosing</no> “Extract”, “Extract here” <no>or</no> “<no>Extract</no> <no>here</no>(<no>in</no> <no>new</no> <no>folder</no>)” <no>from</no> “Send to” <no>menu</no>.   

<no>8.</no> <no>Extraction</no> <no>window</no> (<no>Extraction</no> <no>Interface</no>). 
 <no>In</no> <no>Extraction</no> <no>window</no> (<no>Extraction</no> <no>Interface</no>), users <no>are</no> <no>given</no> <no>the</no> <no>ability</no> <no>of</no> <method>choosing</method> <no>the</no> <method>storage space</method> <no>in</no> <no>the</no> <no>computer</no> <no>system</no> <no>in</no> <no>which</no> <no>the</no> file <no>that</no> <no>will</no> <no>contain</no> <no>the</no> <method>extracted</method> <no>from</no> <no>the</no> <no>compressed</no> archive objects <no>will</no> <no>be</no> <method>saved</method>, <no>of</no> <no>choosing</no> <no>name</no> <no>for</no> <no>this</no> <no>file</no> (<no>as</no> <no>well</no> <no>as</no> <no>defining</no> <no>what</no> <no>should</no> <no>happen</no> <no>in</no> <no>case</no> <no>of</no> <no>existence</no> <no>of</no> <no>a</no> <no>homonym</no> <no>file</no> <no>or</no> archive <no>in</no> <no>the</no> <no>selected</no> <no>storage</no> <no>space</no>) <no>and</no> <no>of</no> <method>inserting</method> <attribute>password</attribute> <no>and</no> (<no>if</no> <no>needed</no>) <no>keyfile</no>, <no>in</no> <no>case</no> <no>the</no> archive <no>is</no> <attribute>encrypted</attribute> (<no>locked</no>).   <no>This</no> <no>feature</no> <no>is</no> <no>one</no> <no>of</no> <no>the</no> <no>most</no> <no>important</no> <no>for</no> users, <no>because</no> <no>not</no> <no>only</no> <no>does</no> <no>it</no> <no>offer</no> <no>access</no> <no>to</no> <no>the</no> <no>contents</no> <no>of</no> <no>a</no> <no>compressed</no>, <no>in</no> <no>one</no> <no>of</no> <no>the</no> <no>supported</no> <no>by</no> <no>PeaZip</no> <no>formats</no>, archive, <no>but</no> <no>it</no> <no>allows</no> <no>extraction</no> <no>of</no> <no>those</no> <no>contents</no> <no>in</no> <no>non-compressed</no> <no>format</no> <no>too</no>, <no>in</no> <no>order</no> <no>to</no> <no>be</no> <no>used</no> <no>according</no> <no>to</no> users’ <no>desires</no>. 
<no>3.6.3</no> <no>Functional</no> <no>Requirements</no> 
<no>Functional</no> <no>requirements</no> <no>of</no> <no>this</no> <no>feature</no> <no>are</no> <no>exactly</no> <no>the</no> <no>same</no> <no>as</no> <no>the</no> <no>ones</no> <no>of</no> <no>System</no> <no>Feature</no> <no>1</no>. 
<no>3.7</no> <no>System</no> <no>Feature</no> <no>7</no> 
Archive <method>creation</method> <no>and</no> <method>update</method>.  
<no>3.7.1</no> <no>Description</no> <no>and</no> <no>Priority</no>  
 
Users <no>are</no> <no>allowed</no> <no>to</no> <association>compress</association> <no>one</no> <no>or</no> <no>more</no> objects (files <no>or</no> archives) <no>in</no> <no>one</no> <no>or</no> <no>more</no> <no>compressed</no> archive <attribute>volumes</attribute> (<no>sizing</no> <no>less</no> <no>or</no> <no>equally</no> <no>to</no> <no>the</no> <no>original</no> <no>ones</no>)<no>in</no> <no>one</no> <no>of</no> <no>the</no> <no>offered</no> <no>for</no> <no>compression</no> <no>by</no> <no>PeaZip</no> <no>formats</no>. <no>Furthermore</no>, users <no>are</no> <no>allowed</no> <no>to</no> <association>update</association> <no>an</no> archive (<no>by</no> <no>adding</no> <no>extra</no> objects-files <no>or</no> archives-<no>to</no> <no>an</no> <no>already</no> <no>existing</no> archive), <no>as</no> <no>well</no> <no>as</no> <association>choose</association> objects <no>that</no> <no>are</no> <no>to</no> <no>be</no> <no>included</no> <no>in</no> <no>an</no> archive.  <attribute>Name</attribute> <no>and</no> <attribute>storage space</attribute> (<no>in</no> <no>the</no> <no>computer</no> <no>system</no>) <no>for</no> <no>the</no> <attribute>created</attribute> archives <no>are</no> <method>defined</method> <no>by</no> users. <no>In</no> <no>cases</no> <no>of</no> <method>updating</method> (<no>adding</no> objects) <no>the</no> <attribute>name</attribute> <no>of</no> <no>the</no> <attribute>compressed file</attribute> <no>which</no> <no>is</no> <method>updated</method> <no>and</no> <no>its</no> <attribute>storage space</attribute> <no>remain</no> <no>the</no> <no>same</no> <no>as</no> <no>they</no> <no>were</no> <no>before</no> <no>the</no> <no>update</no>. <no>The</no> objects <no>that</no> <no>are</no> <no>contained</no> <no>in</no> <no>the</no> <no>created</no> archive <no>are</no> <no>not</no> <no>destroyed</no>, <no>are</no> <no>not</no> <no>deleted</no> <no>and</no> <no>are</no> <no>not</no> <no>left</no> <no>empty</no>. <no>On</no> <no>the</no> <no>contrary</no>, <no>they</no> <no>retain</no> <no>their</no> <no>content</no> <no>and</no> <no>name</no> <no>and</no> <no>remain</no> <no>saved</no> <no>at</no> <no>the</no> <no>same</no> <no>space</no> <no>of</no> <no>the</no> <no>computer</no> <no>system</no> <no>where</no> <no>they</no> <no>were</no> <no>initially</no> <no>stored</no>. <no>Furthermore</no>, <attribute>encryption</attribute> (“<no>lock</no>”) <no>can</no> <no>be</no> <no>used</no> <no>for</no> <no>the</no> <attribute>created</attribute> archives <no>by</no> <method>setting</method> <attribute>password</attribute> <no>and</no> (<no>optionally</no>) <attribute>keyfile</attribute>. <no>Compression</no> <no>to</no> <no>read-only</no> <no>supported</no> <no>formats</no> <no>is</no> <no>not</no> <no>possible</no>.  <no>Fully</no> <no>supported</no> <no>by</no> <no>PeaZip</no> <no>archiving</no> <no>and</no> <no>compression</no> <no>formats</no>: <no>7z</no>, <no>7z-sfx</no>, <no>ARC</no>/<no>WRC</no>, <no>BZ2</no>/<no>TBZ2</no>, <no>custom</no>, <no>GZ</no>/<no>TGZ</no>, <no>PAQ</no>/<no>LPAQ</no>, <no>PEA</no>, <no>QUAD</no>/<no>BALZ</no>, <no>split</no>, <no>TAR</no>, <no>UPX</no>, <no>ZIP</no> 
<no>3.7.2</no> <no>Stimulus</no>/<no>Response</no> <no>Sequences</no> <method>Creating</method> <no>and</no> <method>Updating</method> archives <no>feature</no> <no>is</no> <no>set</no> <no>off</no> <no>and</no> <no>defined</no> <no>in</no> <method>Create</method> archive <no>window</no> (<no>which</no> <no>is</no> <no>also</no> <no>going</no> <no>to</no> <no>be</no> <no>referred</no> <no>as</no> <no>Create</no> archive <no>Interface</no>). Users <no>can</no> <no>approach</no> <no>this</no> <no>window</no> <no>in</no> <no>one</no> <no>of</no> <no>the</no> <no>following</no> <no>ways</no>: <no>1)</no> <no>By</no> <method>pressing</method> <no>the</no> <no>button</no> <no>writing</no> “File” <no>on</no> <no>it</no> <no>in</no> file manager interface <no>and</no> <no>then</no> <method>selecting</method> “Create archive” <no>from</no> <no>the</no> <no>submenu</no> <no>that</no> <no>appears</no>. <no>2)</no> <no>By</no> <method>pressing</method> <no>the</no> <no>button</no> <no>writing</no> “Browser” <no>on</no> <no>it</no> <no>in</no> file manager interface <no>and</no> <no>then</no> <method>selecting</method> “Go to archiving layout” <no>from</no> <no>the</no> <no>submenu</no> <no>that</no> <no>appears</no>. <no>3)</no> <no>By</no> <no>selecting</no> <no>one</no> <no>or</no> <no>more</no> objects <no>to</no> <no>be</no> <association>added</association> <no>to</no> <no>an</no> archive <no>from</no> file manager interface <no>and</no> <no>then</no> <method>pressing</method> <no>the</no> <no>button</no> <no>writing</no> “Add” <no>on</no> <no>it</no> <no>from</no> <no>the</no> <no>toolbar</no>. <no>This</no> <no>is</no> <no>the</no> <no>icon</no> <no>of</no> <no>the</no> <no>button</no>:  
                                                                      
 <no>4)</no> <no>By</no> <no>selecting</no> <no>one</no> <no>or</no> <no>more</no> objects <no>to</no> <no>be</no> <association>added</association> <no>to</no> <no>an</no> archive <no>from</no> file manager interface, <no>clicking</no> <no>the</no> <no>right</no> <no>button</no> <no>of</no> <no>the</no> <no>mouse</no> <no>of</no> <no>the</no> <no>computer</no> <no>system</no> (<no>or</no> <no>the</no> <no>equivalent</no> <no>button</no> <no>of</no> <no>the</no> <no>equivalent</no> <no>input</no> <no>device</no> <no>that</no> <no>the</no> <no>computer</no> <no>system</no> <no>may</no> <no>have</no>) <no>and</no> <no>then</no> selecting “Add” <no>from</no> <no>the</no> <no>submenu</no>. <no>5)</no> <no>By</no> <no>selecting</no> <no>one</no> <no>or</no> <no>more</no> objects <no>to</no> be <association>added</association> <no>to</no> <no>an</no> archive <no>from</no> <no>some</no> <no>area</no> <no>of</no> <no>the</no> <no>computer</no> <no>system</no> (<no>outside</no> <no>of</no> <no>the</no> <no>applications</no> <no>graphical</no> <no>environment</no>), <no>clicking</no> <no>the</no> <no>right</no> <no>button</no> <no>of</no> <no>the</no> <no>mouse</no> <no>of</no> <no>the</no> <no>computer</no> <no>system</no> (<no>or</no> <no>the</no> <no>equivalent</no> <no>button</no> <no>of</no> <no>the</no> <no>equivalent</no> <no>input</no> <no>device</no> <no>that</no> <no>the</no> <no>computer</no> <no>system</no> <no>may</no> <no>have</no>) <no>and</no> <no>then</no> <method>selecting</method> “Add to separate archives” <no>from</no> “<no>Send</no> <no>to</no>” <no>menu</no>.   
             
 <no>In</no> <no>Create</no> archive <no>window</no>(<no>Create</no> archive <no>Interface</no>), users <no>are</no> <no>given</no> <no>the</no> <no>ability</no> <no>to</no> <method>select</method> <method>compression format </method>(<no>from</no> <no>a</no> <no>list</no> <no>of</no> <no>the</no> <no>supported</no> <no>by</no> <no>PeaZip</no> <no>formats</no> <no>for</no> <no>archiving</no> <no>and</no> <no>compression</no>) <no>for</no> <no>the</no> <no>created</no> archive, <method>choose</method> <attribute>storage space</attribute> (<no>in</no> <no>the</no> <no>computer</no> <no>system</no>) <no>where</no> <no>the</no> archive <no>is</no> <no>going</no> <no>to</no> <no>be</no> <method>saved</method> <no>and</no> <method>set</method> archive<no>’s</no> <attribute>name</attribute> (<no>as</no> <no>well</no> <no>as</no> <no>define</no> <no>what</no> <no>should</no> <no>happen</no> <no>in</no> <no>case</no> <no>of</no> <no>existence</no> <no>of</no> <no>a</no> <no>homonym</no> <no>file</no> <no>or</no> archive <no>in</no> <no>the</no> <no>selected</no> <no>storage</no> <no>space</no>). <no>Moreover</no>, <method>selected</method> objects’ <no>data</no> <no>content</no> <no>can</no> <no>be</no> <method>split</method> <no>and</no> <no>be</no> <method>compressed</method> <no>into</no> <no>more</no> <no>than</no> <no>one</no> archive <attribute>volumes</attribute> (<no>size</no> <no>of</no> <no>each</no> <no>of</no> <no>them</no> <no>is</no> <no>defined</no> <no>by</no> <no>user</no>). <no>Furthermore</no>, <attribute>timestamp</attribute> <no>can</no> <no>be</no> <method>appended</method> <no>to</no> <no>the</no> <no>created</no> archive<no>’s</no> <attribute>name</attribute> <no>for</no> <no>archiving</no> <no>and</no> <no>backup</no> <no>purpose</no>. <no>Finally</no>, <attribute>encryption</attribute>(“<no>locking</no>”)<no>of</no> <no>created</no> archives <no>is</no> <no>available</no>, <no>by</no> <method>setting</method> <attribute>password</attribute> <no>and</no> (<no>optionally</no>) <no>keyfile</no> <no>to</no> <no>them</no>..  Archive <method>creation</method> <no>and</no> <method>update</method> <no>feature</no> <no>is</no> <no>a</no> <no>basic</no> <no>PeaZip</no> <no>feature</no>, <no>as</no> <no>it</no> <no>essentially</no> <no>allows</no> users <no>to</no> <method>save</method> <attribute>storage space</attribute> <no>on</no> <no>their</no> <no>computer</no> <no>systems</no> <no>by</no> <no>offering</no> <no>high</no> <no>compression</no> <no>formats</no>, <no>as</no> <no>well</no> <no>as</no> <no>including</no> <no>multiple</no> objects’ <attribute>content</attribute> (<no>which</no> <no>can</no> <no>be</no> <no>extracted</no> <no>in</no> <no>their</no> <no>initial</no>, <no>non-compressed</no> <no>format</no>) <no>in</no> <no>one</no> <no>single</no> <no>compressed</no> archive. <no>This</no> <no>makes</no> <no>handling</no> <no>and</no> <no>managing</no> <no>multiple</no> objects <no>as</no> <no>a</no> <no>single</no> <no>unit</no> <no>possible</no>. <no>Hence</no>, <no>the</no> <no>double</no> <no>advantage</no> <no>that</no> <no>this</no> <no>feature</no> <no>offers</no> <no>is</no> <no>obvious</no>.   <no>The</no> <no>additional</no> <no>utility</no> <no>of</no> <method>spitting</method> <no>compressed</no> archives <no>in</no> <attribute>volumes</attribute> <no>that</no> <no>is</no> <no>offered</no> <no>to</no> users <no>in</no> <no>terms</no> <no>of</no> <no>this</no> <no>feature</no>, <method>allows</method> <method>size adjustment</method> <no>of</no> <no>the</no> <no>created</no> file, <no>while</no> <no>the</no> <no>utility</no> <no>of</no> <no>joining</no> <no>them</no>, <no>brings</no> <no>contended</no> <no>data</no> <no>to</no> <no>their</no> <no>initial</no> <no>state</no>, <no>so</no> <no>that</no> <no>decompression</no> <no>and</no> <no>extraction</no> <no>is</no> <no>possible</no>. <no>In</no> <no>this</no> <no>way</no>, users <no>are</no> <no>able</no> <no>to</no> <no>flexibly</no> <association>manage</association> archives <no>and</no> <association>adapt</association> <association>application</association>’s <association>use</association> <no>to</no> <no>their</no> <no>needs</no>, <no>since</no> <no>a</no> <no>wide</no> <no>range</no> <no>of</no> <no>choices</no> <no>is</no> <no>offered</no> <no>by</no> <no>PeaZip</no>. 
<no>3.7.3</no> <no>Functional</no> <no>Requirements</no>   
 
<no>Functional</no> <no>requirements</no> <no>of</no> <no>this</no> <no>feature</no> <no>are</no> <no>exactly</no> <no>the</no> <no>same</no> <no>as</no> <no>the</no> <no>ones</no> <no>of</no> <no>System</no> <no>Feature</no> <no>1</no>. 
<no>3.8</no> <no>System</no> <no>Feature</no> 8 
<no>Support</no> <no>of</no> <association>drag</association> <no>and</no> <association>drop</association> <no>between</no> <no>system</no> <no>and</no> <no>application</no>.  
<no>3.8.1</no> <no>Description</no> <no>and</no> <no>Priority</no> Users <no>can</no> <association>drag</association> <no>and</no> <association>drop</association> objects (files <no>or</no> archives) <no>between</no> <no>any</no> <no>computer</no> <no>system</no> <no>space</no> <no>and</no> <no>the</no> <no>application</no>. <no>Application</no><no>’s</no> <no>interfaces</no> <no>that</no> <no>support</no> <no>drag</no> <no>and</no> <no>drop</no>, <no>are</no> file manager interface, create archive interface <no>and</no> extraction interface.  
<no>3.8.2</no> <no>Stimulus</no>/<no>Response</no> <no>Sequences</no> <no>PeaZip</no> <no>supports</no> <no>drag</no> <no>and</no> <no>drop</no> <no>for</no> object <no>transfer</no> <no>between</no> <no>computer</no> <no>system</no> <no>and</no> <no>the</no> <no>interfaces</no> <no>of</no> <no>the</no> <no>application</no>. <no>Application</no><no>’s</no> <no>interfaces</no> <no>that</no> <no>support</no> <no>this</no> <no>feature</no>, <no>are</no> file manager interface, create archive interface <no>and</no> extraction interface.   <no>Specifically</no>: 
• <no>When</no> files <no>and</no> folders <no>are</no> <association>dragged</association> <no>and</no> <association>dropped</association> <no>to</no> <no>the</no> file manager, <no>they</no> <no>get</no> <association>listed</association> <no>in</no> <no>the</no> archive <no>creation</no> <no>interface</no> (<no>as</no> <no>if</no> <no>they</no> <no>were</no> <no>selected</no> <no>and</no> <no>added</no> <no>with</no> “<no>Add</no>” <no>button</no>, <no>as</no> <no>it</no> <no>was</no> <no>described</no> <no>in</no> <no>previous</no> <no>chapters</no>), <no>allowing</no> fine tuning <no>of</no> <no>the</no> <no>function</no> <no>before</no> <no>confirming</no> <no>or</no> <no>canceling</no> <no>it</no>. <no>In</no> <no>the</no> same way, objects <no>that</no> <no>are</no> <association>dragged</association> <no>and</no> <no>dropped</no> <no>to</no> file manager interface <no>while</no> <method>browsing</method> <no>an</no> archive, <no>will</no> <no>be</no> <association>added</association> <no>to</no> <no>the</no> <no>current</no> archive, <no>if</no> <no>the</no> archive <attribute>format</attribute> <no>allows</no> <association>modifications</association> (<no>e.g</no>. <no>adding</no> objects <no>to</no> <no>an</no> archive <no>format</no> <no>that</no> <no>is</no> <no>supported</no> <no>for</no> <no>reading</no> <no>only</no> <no>will</no> <no>not</no> <no>be</no> <no>possible</no>). 
• <method>Dragging</method> <no>an</no> <attribute>archived</attribute> object (file <no>or</no> archive) <no>from</no> <no>PeaZip</no> <no>to</no> <no>the</no> <no>system</no>, <no>will</no> <method>extract</method> <no>it</no> <no>to</no> <no>the</no> <method>location</method> (<no>of</no> <no>the</no> <no>computer</no> <no>system</no>) <no>where</no> <no>it</no> <no>is</no> <no>dropped</no>. <no>If</no> <attribute>dragged</attribute> objects <no>are</no> <no>contained</no> <no>in</no> <no>a</no> <attribute>compressed</attribute> archive, <no>then</no> <no>they</no> <no>are</no> <no>automatically</no> <method>decompressed</method> <no>before</no> <no>being</no> <method>extracted</method> <no>to</no> <no>the</no> <attribute>location</attribute> <no>where</no> <no>they</no> <no>are</no> <no>dropped</no>. <no>If</no> <no>the</no> <no>dragged</no> objects <no>are</no> <no>not</no> <no>contained</no> <no>in</no> <no>a</no> <attribute>compressed</attribute> archive, <no>they</no> <no>are</no> <no>just</no> <no>copied</no> <no>to</no> <no>the</no> <no>location</no> <no>where</no> <no>they</no> <no>are</no> <no>dropped</no>. 
 <no>This</no> <no>feature</no> <no>allows</no> users <no>to</no> <no>fast</no> <no>and</no> <no>directly</no> <no>set</no> <no>off</no> <no>basic</no> <no>PeaZip</no><no>’s</no> <no>functions</no>, <no>making</no> <no>PeaZip</no> <no>even</no> <no>handier</no>. 
<no>3.8.3</no> <no>Functional</no> <no>Requirements</no> <no>Installation</no> <no>of</no> <no>no</no> <no>other</no> <no>application</no> <no>is</no> <no>required</no>, <no>for</no> <no>PeaZip</no> <no>to</no> <no>manage</no> <no>this</no> <no>function</no>. <no>The</no> <no>only</no> <no>functional</no> <no>requirements</no> <no>are</no>:   
<no>REQ-1</no>: <no>Operating</no> <no>system</no> <no>on</no> <no>the</no> <no>computer</no> <no>system</no>, <no>for</no> <no>dragging</no> <no>and</no>   <no>dropping</no> objects <no>from</no> <no>computer</no> <no>system</no> <no>to</no> <no>the</no> <no>application</no>. <no>REQ-2</no>: <no>MS</no> <no>Windows</no> (<no>any</no> <no>version</no>) <no>operating</no> <no>system</no> <no>on</no> <no>the</no> <no>computer</no> <no>system</no> <no>for</no> <no>dragging</no> <no>and</no> <no>dropping</no> objects <no>from</no> <no>the</no> <no>application</no> <no>to</no> <no>the</no> <no>computer</no> <no>system</no>. <no>Other</no> <no>operating</no> <no>systems</no> (<no>with</no> <no>which</no> <no>PeaZip</no> <no>is</no> <no>compatible</no>), <no>do</no> <no>not</no> <no>support</no> <no>this</no> <no>function</no> <no>of</no> <no>this</no> <no>feature</no>. 
<no>3.9</no> <no>System</no> <no>Feature</no> 9 
Two factor authentication (<no>password</no> <no>and</no> <no>optionally</no> <no>keyfile</no>).  
<no>3.9.1</no> <no>Description</no> <no>and</no> <no>Priority</no> <no>PeaZip</no> <no>allows</no> users <no>to</no> <association>encrypt</association> (“<no>lock</no>”) archives <no>during</no> <no>creation</no> <no>or</no> <no>updating</no>, <no>by</no> <no>using</no> <attribute>password</attribute> <no>which</no> <no>is</no> <no>demanded</no> <no>by</no> <no>PeaZip</no> (<no>or</no> <no>other</no> <no>applications</no> <no>of</no> <no>the</no> <no>same</no> <no>use</no>) <no>and</no> <no>should</no> <no>be</no> <method>inserted</method>, <no>in</no> <no>case</no> <no>some</no> user <no>wants</no> <no>to</no> <no>gain</no> <method>access</method> <no>to</no> <no>an</no> <attribute>encrypted</attribute> (“<no>locked</no>”) archive <no>in</no> <no>order</no> <no>to</no> <method>manage</method> <no>it</no> (e.g. <method>browse</method> <no>it</no>, <method>update</method> <no>it</no>, <method>extract</method> <no>its</no> <no>content</no>). <no>For</no> <no>higher</no> <no>security</no> <no>reasons</no>, <no>PeaZip</no> <no>offers</no> users <no>the</no> <no>ability</no> <no>to</no> <method>use</method> <attribute>keyfile</attribute> <no>for</no> archives <method>encryption</method>, <no>in</no> <no>addition</no> <no>to</no> <no>the</no> <attribute>password</attribute>. <no>Finally</no>, <no>PeaZip</no> <no>can</no> <method>generate</method> <no>a</no> <no>random</no> <attribute>password</attribute> <no>and</no> <method>create</method> <no>a</no> <no>random</no> <attribute>keyfile</attribute>. <no>Obviously</no>, <no>apart</no> <no>from</no> <no>encryption</no>, <no>PeaZip</no> <no>supports</no> <no>decryption</no> (“<no>unlock</no>”) <no>of</no> <no>encrypted</no> files. 
<no>3.9.2</no> <no>Stimulus</no>/<no>Response</no> <no>Sequence</no> <no>In</no> <no>case</no> <no>a</no> user <no>wishes</no> <no>to</no> “<association>lock</association>” <no>an</no> archive (<no>during</no> <no>creation</no> <no>or</no> <no>update</no> <no>process</no>) <no>by</no> <method>setting</method> <attribute>password</attribute> <no>and</no> (<no>optionally</no>) <attribute>keyfile</attribute> <no>to</no> <no>it</no>, <no>that</no> <no>can</no> <no>be</no> <no>achieved</no> <no>in</no> <no>one</no> <no>of</no> <no>the</no> <no>following</no> <no>ways</no>: -<no>by</no> <method>pressing</method>, <no>during</no> <no>the</no> archive <no>creation</no> <no>process</no>, <no>the</no> <no>icon</no> <no>with</no> <no>the</no> <method>lock</method> <no>on</no> <no>it</no> <no>and</no> <method>set</method> <attribute>password</attribute> <no>and</no> (<no>optionally</no>) <attribute>keyfile</attribute>, <no>according</no> <no>to</no> <no>user</no><no>’s</no> <no>preference</no>.  -<no>by</no> <no>selecting</no>, <no>the</no> archive  <no>to</no> <no>be</no> <method>updated</method>, <no>that</no> <no>needs</no> <no>to</no> <no>be</no> “<no>locked</no>” <no>from</no> file manager interface, <method>pressing</method> <no>the</no> <no>button</no> <no>writing</no> “<method>Tools</method>” <no>on</no> <no>it</no> <no>and</no> <no>selecting</no> “Enter password/keyfile” <no>from</no> <no>the</no> <no>submenu</no>. <attribute>Password</attribute> <no>and</no> (<no>optionally</no>) <attribute>keyfile</attribute> <no>may</no> <no>then</no> <no>be</no> <method>set</method> <no>in</no> <no>the</no> <no>window</no> <no>that</no> <no>appears</no>. -<no>by</no> <no>selecting</no> <no>the</no> archive <no>to</no> <no>be</no> <method>updated</method>,<no>that</no> <no>needs</no> <no>to</no> <no>be</no> “<association>locked</association>” <no>from</no> file manager interface <no>and</no> <no>pressing</no> <no>the</no> <no>icon</no> <no>with</no> <no>the</no> <no>lock</no> <no>on</no> <no>it</no>, <no>which</no> <no>appears</no> <no>on</no> <attribute>the</attribute> <no>status-bar</no> (<no>bottom</no> <no>right</no> <no>corner</no>). <attribute>Password</attribute> <no>and</no> (<no>optionally</no>) <attribute>keyfile</attribute> <no>may</no> <no>then</no> <no>be</no> <no>set</no> <no>in</no> <no>the</no> <no>window</no> <no>that</no> <no>appears</no>.     
                                      
                         
-<no>in</no> <no>cases</no> <no>that</no> users <no>wish</no> <no>to</no> <method>use</method> <attribute>password</attribute> <no>and</no>/<no>or</no> <attribute>keyfile</attribute> <no>that</no> <no>the</no> <no>application</no> <no>has</no> <no>created</no>, <no>they</no> <no>have</no> <no>to</no> <association>select</association> <no>the</no> archive <no>they</no> <no>wish</no> <no>to</no> “<association>lock</association>” <no>from</no> file manager interface, <method>press</method> <no>the</no> <no>button</no> <no>writing</no> “Tools” <no>on</no> <no>it</no> <no>and</no> <no>then</no> <method>select</method> “Create keyfile” <no>on</no> <no>the</no> <no>appearing</no> <no>submenu</no>. <no>The</no> <no>only</no> <no>thing</no> <no>left</no> <no>is</no> <no>setting</no> <no>the</no> <no>suggested</no> <no>password</no> <no>and</no> (<no>optionally</no>) <no>keyfile</no> <no>to</no> <no>the</no> (<no>created</no> <no>or</no> <no>updated</no>) archive <no>in</no> <no>one</no> <no>of</no> <no>the</no> <no>ways</no> <no>mentioned</no> <no>above</no>.                                
 <no>This</no> <no>feature</no> <no>is</no> <no>really</no> <no>important</no> <no>for</no> <no>the</no> <no>security</no> <no>of</no> <no>the</no> <no>managed</no> archives <no>and</no> <no>their</no> <no>content</no> <no>data</no>. <no>It</no> <no>allows</no> users <no>to</no> <no>set</no> <no>protection</no> <no>over</no> <no>managed</no> archives <no>and</no> <no>ensure</no> <no>in</no> <no>a</no> <no>way</no>, <no>that</no> <no>no</no> <no>unauthorized</no> <no>user</no> <no>will</no> <no>have</no> <no>access</no> <no>to</no> <no>them</no>.  
<no>3.9.3</no> <no>Functional</no> <no>Requirements</no> 
<no>Functional</no> <no>requirements</no> <no>of</no> <no>this</no> <no>feature</no> <no>are</no> <no>exactly</no> <no>the</no> <no>same</no> <no>as</no> <no>the</no> <no>ones</no> <no>of</no> <no>System</no> <no>Feature</no> <no>1</no>. 
 
<no>3.10</no> <no>System</no> <no>Feature</no> <no>10 </no>
<no>Graphic</no> <no>display</no> <no>of</no> <no>currently</no> <no>executed</no> <no>functions</no>.  
<no>3.10.1</no> <no>Description</no> <no>and</no> <no>Priority</no> <no>PeaZip</no> <no>offers</no> <no>graphic</no> <no>display</no> <no>of</no> <no>the</no> <no>progress</no> <no>of</no> <no>any</no> <no>currently</no> <no>executed</no> <no>through</no>/<no>by</no> <no>it</no> <no>function</no>, <no>through</no> <no>its</no> <no>graphic</no> <no>wrapper</no>, <no>named</no> PeaLauncher. <no>In</no> <no>PeaLauncher</no><no>’s</no> <no>window</no>, <no>information</no> <no>about</no> <no>the</no> <no>progress</no> <no>of</no> <no>any</no> <no>currently</no> <no>executed</no> <no>function</no> <no>as</no> <no>well</no> <no>as</no> <no>information</no> <no>about</no> <no>its</no> <no>overall</no> <no>results</no> (<no>after</no> <no>the</no> <no>end</no> <no>of</no> <no>it</no>) <no>is</no> <no>displayed</no>.  
<no>3.10.2</no> <no>Stimulus</no>/<no>Response</no> <no>Sequences</no> <no>PeaZip</no> <no>allows</no> users <no>to</no> <method>monitor</method> <no>at</no> <no>any</no> <no>time</no> <no>the</no> <method>progress</method> <no>and</no> <no>the</no> <method>status</method> <no>of</no> any <no>of</no> <no>its</no> <no>functions</no> <no>that</no> <no>is</no> <no>being</no> <method>executed</method>, <no>as</no> <no>well</no> <no>as</no> <method>displaying</method> <no>information</no> <no>about</no> <no>the</no> <method>results</method> <no>of</no> <no>those</no> <no>functions</no> <no>on</no> <no>the</no> archive <no>or</no> <no>file</no> <no>for</no> <no>which</no> <no>they</no> <no>were</no> <no>executed</no>, <no>information</no> <no>about</no> <no>the</no> <no>contents</no> <no>of</no> <no>those</no> archives <no>or</no> files <no>and</no> <no>information</no> <no>that</no> <no>have</no> <no>to</no> <no>do</no> <no>with</no> <no>the</no> <no>execution</no> <no>itself</no> (<no>like</no> <no>running</no> <no>time</no>).   

<attribute>Information</attribute> <no>about</no> <no>an</no> object (<no>file</no> <no>or</no> archive) <no>are</no> <method>displayed</method> <no>on</no> <no>PeaLauncher</no><no>’s</no> <no>window</no>, <no>in</no> <no>case</no> <no>of</no> <no>selection</no> (<no>by</no> users) <no>of</no> <no>the</no> <no>Test</no>/<no>Check</no> <no>feature</no> (<no>as</no> <no>described</no> <no>in</no> <no>previous</no> <no>chapters</no>) <no>for</no> <no>this</no> object.   <no>This</no> <no>feature</no> <no>allows</no> users <no>to</no> <no>have</no> <no>direct</no> <no>and</no> <no>inspectional</no> <no>knowledge</no> <no>of</no> <no>the</no> <no>progress</no> <no>of</no> <no>any</no> <no>ongoing</no> <no>functions</no> <no>of</no> <no>PeaZip</no> at <no>any</no> <no>time</no>, <no>as</no> <no>well</no> <no>as</no> <no>their</no> <no>results</no> <no>on</no> <no>computer</no> <no>system</no><no>’s</no> objects. 
<no>3.10.3</no> <no>Functional</no> <no>Requirements</no> 
<no>Functional</no> <no>requirements</no> <no>of</no> <no>this</no> <no>feature</no> <no>are</no> <no>exactly</no> <no>the</no> <no>same</no> <no>as</no> <no>the</no> <no>ones</no> <no>of</no> <no>System</no> <no>Feature</no> <no>1</no>. 
 
<no>3.11</no> <no>System</no> <no>Feature</no> <no>11</no> 
<no>Feature</no> <no>Settings</no>.  
<no>3.11.1</no> <no>Description</no> <no>and</no> <no>Priority</no> Users <no>are</no> <no>allowed</no> <no>to</no> <method>make</method> <method>modifications</method> <no>over</no> <no>offered</no> <no>by</no> <no>PeaZip</no> <no>functions</no>, <no>so</no> <no>as</no> <no>to</no> <no>adapt</no> <no>them</no> <no>to</no> <no>their</no> <no>preference</no> <no>and</no> <no>cover</no> <no>their</no> <no>needs</no> <no>more</no> <no>adequately</no>. <no>In</no> <no>general</no>, <no>available</no> <no>settings</no> <no>pertain</no> <no>to</no>: <no>application</no> <no>language</no>, <no>way</no> <no>of</no> <no>execution</no> <no>of</no> <no>the</no> <no>offered</no> <no>by</no> <no>the</no> <no>application</no> <no>utilities</no>, <no>PeaLauncher</no>, <no>character</no> <no>encoding</no>, <no>supported</no> <no>archiving</no> <no>and</no> <no>compression</no> <no>formats</no>, <no>file</no> <no>and</no> <no>computer</no> <no>system</no> <no>management</no> <no>tools</no> <no>and</no> <no>graphical</no> <no>layout</no> <no>of</no> <no>the</no> <no>application</no>. 

<no>3.11.2</no> <no>Stimulus</no>/<no>Response</no> <no>Sequences</no> <no>In</no> <no>the</no> <no>initial</no> <no>window</no> <no>of</no> <no>the</no> <no>application</no> (file manager interface), <no>there</no> <no>is</no> <no>a</no> <no>button</no> <no>writing</no> “Options” <no>on</no> <no>it</no>. <no>By</no> <method>pressing</method> <no>this</no> <no>particular</no> <method>button</method>, <no>appears</no> <no>a</no> <no>submenu</no> <no>with</no> <no>choices</no> <no>that</no> <no>have</no> <no>to</no> <no>do</no> <no>with</no> <method>settings</method> <no>of</no> <attribute>parameters</attribute> <no>of</no> <no>PeaZip</no><no>’s</no> <no>features</no>, <no>according</no> <no>to</no> users’ <no>preferences</no>.   <no>Specifically</no>: “Run as different user”, <method>closes</method> <no>current</no> <no>PeaZip</no> <method>instance</method> <no>and</no> <method>opens</method> <no>a</no> <no>new</no> <no>one</no> <no>under</no> <no>alternative</no> <no>user</no> <no>profile</no>. “Localization”, <no>quickly</no> <method>changes</method> <method>application</method><no>’s</no> <method>language</method> (<no>the</no> <no>new</no> <no>selection</no> <no>can</no> <no>be</no> <no>made</no> <no>from</no> <no>a</no> <no>list</no> <no>of</no> <no>supported</no> <no>by</no> <no>PeaZip</no> <no>languages</no>). “Settings”, lead <no>to</no> Settings <no>window</no> (<no>Settings</no> <no>Interface</no>). <no>In</no> <no>Settings</no> <no>Interface</no>, users <no>are</no> <no>able</no> <no>to</no>: -<no>change</no> <no>application</no><no>’s</no> <attribute>language</attribute>, <no>choosing</no> <no>from</no> <no>a</no> <no>list</no> <no>of</no> <no>supported</no> <no>by</no> <no>PeaZip</no> <no>languages</no>. -<method>define</method> <no>the</no> <method>path</method> <no>for</no> <no>the</no> <attribute>location</attribute> <no>of</no> <no>the</no> <no>computer</no> <no>system</no> <no>that</no> <no>is</no> <no>going</no> <no>to</no> <no>be</no> <no>considered</no> <no>by</no> <no>PeaZip</no> <no>as</no> user<no>’s</no> <no>Desktop</no>. -<method>chose</method> <no>the</no> <no>way</no> <no>backend</no> <no>command-line</no> <no>applications</no> (<no>featured</no> <no>by</no> <no>PeaZip</no>) <no>will</no> <method>run</method>: <no>console</no> <no>interface</no>, <no>graphical</no> <no>interface</no> <no>or</no> <no>combination</no> <no>of</no> <no>both</no>. -<no>set</no> <no>policy</no> <no>about</no> <no>PeaLauncher</no> <no>window</no><no>’s</no> <no>behavior</no> <no>after</no> <no>some</no> <no>function</no><no>’s</no> <no>termination</no>. -<no>have</no> <method>access</method> <no>to</no> <no>options</no> <no>related</no> <no>to</no> <method>character encoding</method>. -<no>have</no> <method>choices</method> <no>on</no> <no>recently</no> <method>managed</method> archives <attribute>history</attribute> <no>utility</no>. -<no>chose</no> <no>a</no> <method>selection</method> <no>of</no> users’ <attribute>favorite</attribute> <attribute>archiving</attribute> <no>and</no> <attribute>compression</attribute> <attribute>formats</attribute> <no>to</no> <no>be</no> <no>offered</no> <no>for</no> <no>quick</no> <no>selection</no> <no>and</no> <no>which</no> <no>format</no> <no>should</no> <no>be</no> <no>used</no> <no>as</no> <no>default</no> <no>in</no> <no>create</no> archive <no>interface</no>.  -<method>configure</method> <attribute>parameters</attribute> <no>of</no> <no>the</no> <no>features</no> <no>of</no> archive <no>creation</no> <no>and</no> archive <no>content</no> <no>extraction</no>.  -<method>choose</method> <no>applications</no> <no>for</no> <method>opening</method>/<method>previewing</method> <method>contents</method> <no>of</no> <no>managed</no> <no>by</no> <no>PeaZip</no> archives. -<method>configure</method> <method>parameters</method> <no>of</no> <no>computer</no> <no>system</no><no>’s</no> files <no>and</no> archives <no>management</no> <no>tools</no>. -<method>adapt</method> <no>the</no> <no>application</no><no>’s</no> <method>graphical</method> <method>interface</method> <no>to</no> <no>their</no> <no>needs</no>, <no>modifying</no> <no>color</no>, <no>icons</no>, <no>fonts</no>, <no>window</no> <no>opacity</no> <no>and</no> <no>size</no> <no>for</no> <no>GUI</no>, <no>and</no> <no>toolbar</no> <no>buttons</no> (<no>buttons</no> <no>that</no> <no>will</no> <no>be</no> <no>in</no> <no>the</no> <no>toolbar</no>).   
                 
<no>15</no>. <no>Settings</no> <no>window</no> (<no>Settings</no> <no>Interface</no>).  
 <no>With</no> <no>this</no> <no>feature</no>, users <no>can</no> <no>adapt</no> <no>PeaZip</no><no>’s</no> <no>features</no> <no>to</no> <no>their</no> <no>needs</no> <no>and</no> <no>preferences</no>, <no>achieving</no> <no>a</no> <no>more</no> <no>pleasant</no> <no>and</no> <no>efficient</no> <no>use</no>. 
<no>3.11.3</no> <no>Functional</no> <no>Requirements</no> 
<no>Functional</no> <no>requirements</no> <no>of</no> <no>this</no> <no>feature</no> <no>are</no> <no>exactly</no> <no>the</no> <no>same</no> <no>as</no> <no>the</no> <no>ones</no> <no>of</no> <no>System</no> <no>Feature</no> <no>1</no>. 
</document>
