<document><no>3</no>. <no>System</no> <no>Features</no>
<no>This</no> <no>chapter</no> <no>describes</no> <no>the</no> <no>use</no> <no>cases</no> <no>for</no> <no>the</no> <no>MM</no> <no>in</no> <no>more</no> <no>detail</no>. 
<no>The</no> <no>MM</no> <no>will</no> <no>manage</no> <class>jobs</class> <no>on</no> <no>one</no> <no>or</no> <no>more</no> <no>clusters</no>. <no>Node</no> <no>allocation</no>, <no>management</no> <no>and</no> <no>utilization</no> <no>will</no> <no>be</no> <no>provided</no> <no>by</no> <no>the</no> <no>MM</no> (<no>SRS</no> <no>note</no>: <no>The</no> <no>MM</no> <no>provides</no> <no>centralized</no> <no>control</no> <no>over</no> <no>a</no> <no>collection</no> <no>of</no> <no>clusters</no>.). <no>For</no> <no>a</no> <class>user</class>, <no>this</no> <no>has</no> <no>the</no> <no>following</no> <no>implications</no>: <no>A</no> <class>user</class> <no>may</no> <no>not</no> <no>want</no> <no>or</no> <no>need</no> <method>to</method> <no>know</no> <method>how</method> <no>many</no> <no>and</no> <no>which</no> <no>clusters</no> <no>a</no> <no>MM</no> <no>is</no> <no>managing</no>. <no>S</no>/<no>he</no> <no>will</no> <method>submit</method> <no>a</no> <class>job</class> <method>to</method> <no>the</no> <no>MM</no> <no>and</no> <no>the</no> <no>MM</no> <no>will</no> <no>make</no> <no>the</no> <no>decision</no> <no>on</no> <no>what</no> <class>cluster</class>(<no>s</no>) <no>the</no> <class>job</class> <no>will</no> <no>be</no> <association>running</association>. <no>On</no> <no>the</no> <no>other</no> <no>hand</no>, <no>a</no> <class>user</class> <no>might</no> <no>need</no> <method>to</method> <association>submit</association> <class>customized</class> <class>jobs</class> <method>to</method> <no>a</no> <no>specific</no> <class>cluster</class>. <no>In</no> <no>this</no> <no>case</no>, <no>the</no> <class>user</class> <no>will</no> <no>need</no> <method>to</method> <no>have</no> <no>the</no> <no>option</no> <method>to</method> <no>specify</no> <no>what</no> <class>cluster</class> <no>his</no>/<no>her</no> <class>job</class> <no>should</no> <association>run</association> <no>on</no>. <no>Managing</no> <no>more</no> <no>than</no> <no>one</no> <class>cluster</class>, <no>will</no> <no>also</no> <no>allow</no> <no>RTFDDA</no> <no>and</no> <no>climoFDDA</no> <no>ensembles</no> <method>to</method> <no>run</no> <no>across</no> <no>several</no> <no>clusters</no>. 
<no>Once</no> <no>a</no> <class>user</class> <no>is</no> <method>logged</method> <no>in</no> <no>into</no> <no>the</no> <no>system</no>, <no>s</no>/<no>he</no> <no>will</no> <no>be</no> <no>presented</no> <no>with</no> <no>the</no> <no>features</no> <no>in</no> <no>2.2</no>: 
• <method>Submit</method> <no>a</no> <attribute>new</attribute> <class>job</class>
• <method>Retrieve</method> <attribute>saved</attribute> <class>job</class> <no>configurations</no>
• <method>View</method> <no>the</no> <class>job</class> <no>queue</no>/<no>monitor</no> <no>running</no> <class>jobs</class>
<no>A</no> <attribute>new</attribute> <class>job</class> <no>can</no> <no>be</no> <method>submitted</method> <method>to</method> <no>the</no> <no>MM</no> <no>four</no> <no>different</no> <no>ways</no>: 
• <no>The</no> <class>user</class> <no>can</no> <method>set up</method> <no>a</no> <attribute>new</attribute> <class>model</class> <no>or</no> &apos;<attribute>post-processing&apos;</attribute> <class>job</class> <no>through</no> <no>the</no> <no>Job-Setup</no> <no>module</no> <no>and</no> <method>submit</method> <no>it</no> (<no>3.1</no> <no>and</no> <no>3.2</no>).
• <no>The</no> <class>user</class> <no>can</no> <association>submit</association> <no>a</no> <attribute>&apos;by-hand&apos;</attribute> <class>job</class> (<no>3.3</no>). 
• <no>The</no> <class>user</class> <no>can</no> <association>submit</association> <no>a</no> <class>job</class> <no>by</no> <method>supplying</method> <no>a</no> <method>job configuration file</method> <method>to</method> <no>the</no> <no>MM</no> (<no>3.4</no>). 
• <no>The</no> <class>user</class> <no>can</no> <method>retrieve</method> <no>a</no> <class>job</class> <attribute>configuration</attribute> <no>that</no> <no>was</no> <no>previously</no> <no>saved</no> <no>with</no> <no>the</no> <no>MM</no>, <method>change</method> <no>it</no> <no>and</no> <method>re-submit</method> <no>that</no> <class>job</class> (<no>3.</no> <no>5</no>). <no>If</no> <no>the</no> <class>user</class> <no>chooses</no> <method>to</method> <method>submit</method> <no>a</no> <no>new</no> <class>job</class>, <no>s</no>/<no>he</no> <no>will</no> <no>be</no> <no>given</no> <no>the</no> <no>following</no> <no>options</no> <method>to</method> <no>choose</no> <no>from</no>:  
• “<method>Setup</method> <no>a</no> <attribute>new model</attribute> <class>job</class>”
• “<method>Setup</method> <no>a</no> <no>new</no> &apos;<attribute>post-processing</attribute>&apos; <class>job</class>”
• “<method>Submit</method> <no>a</no> <attribute>&apos;by-hand</attribute>&apos; <class>job</class>”
• ”<method>Submit</method> <no>a</no> <attribute>job configuration file</attribute>”. 
<no>Note</no> <no>that</no> <no>the</no> <no>above</no> <no>terminology</no> <no>is</no> <no>subject</no> <method>to</method> <no>change</no>.
<no>3.1</no> <method>Set up</method> <no>and</no> <method>submit</method> <no>a</no> <attribute>model</attribute> <method>job</method>
<no>This</no> <no>feature</no> <no>allows</no> <no>the</no> <class>user</class> <method>to</method> <association>set up</association> <no>and</no> <association>schedule</association> <no>a</no> <attribute>model</attribute> <class>job</class> <no>using</no> <no>the</no> <no>MM</no>&apos;<no>s</no> <class>Job</class>-<no>Setup</no> <no>module</no>. <no>Suppose</no> <no>the</no> <class>user</class> <no>is</no> <method>logged</method> <no>on</no> <method>to</method> <no>the</no> <no>system</no> <no>and</no> <no>has</no> <no>made</no> <no>the</no> <no>following</no> <no>choices</no> “<no>Submit</no> <no>a</no> <no>newjob</no>” <no>-&gt;</no> “<no>Set</no> <no>up</no> <no>a</no> <no>new</no> <no>model</no> <class>job</class>”. <no>S</no>/<no>he</no> <no>is</no> <no>then</no> <no>presented</no> <no>with</no> <no>two</no> <no>more</no> <no>options</no>: “ <no>Weather</no> <no>FDDA</no>”<no>and</no> “<no>Climo</no>”. 
<no>Use</no> <no>Case</no> “<no>WeatherFDDA</no>”:  <method>Setting up</method> <no>a</no>  <attribute>real time</attribute> <no>or</no> <attribute>off-line</attribute> <class>FDDA job</class>     
  <no>The</no> <no>objective</no> <no>of</no> <no>this</no> <no>feature</no> <no>is</no> <method>to</method> <no>automate</no> <no>the</no> <method>set up</method> <no>of</no> <no>new</no> <attribute>real time</attribute> <no>and</no> <attribute>off-line</attribute> <class>FDDA jobs</class>. <no>This</no> <no>use</no> <no>case</no> <no>describes</no> <no>the</no> <method>set up</method> <no>of</no> <class>GMOD jobs</class>, <method>re-runs</method> <no>and</no> <no>case</no> <no>studies</no>. <no>At</no> <no>this</no> <no>point</no>, <no>RTFDDA</no> <no>ensemble</no> <class>jobs</class> <no>will</no> <no>be</no> <method>submitted</method> <method>to</method> <no>the</no> <no>MM</no> <no>as</no> <attribute>&apos;by hand&apos;</attribute> <class>jobs</class> <no>or</no> <no>through</no> <no>a</no> <class>job</class> <attribute>configuration file</attribute>.
       <no>The</no> <no>MM</no> <no>will</no> <no>provide</no> <no>a</no> <no>default</no> <class>GMOD job</class> <attribute>configuration</attribute>, <no>which</no> <no>can</no> <no>be</no> <association>changed</association> <no>by</no> <no>the</no> <class>user</class> (<no>TBD</no>:<no>Define</no> <no>the</no> <no>defaults</no> <no>for</no> <no>a</no> <class>GMOD job</class>). <no>It</no> <no>is</no> <no>important</no> <method>to</method> <no>note</no> <no>that</no> <no>the</no> <class>model manager</class> <no>will</no> <association>accept</association> <no>and</no> <association>run</association> “<attribute>custom</attribute>” <class>GMOD jobs</class>. <no>These</no> <no>are</no> <class>jobs</class> <no>that</no> <no>are</no> <no>also</no> <no>set</no> <no>up</no> <no>through</no> <no>the</no> <no>Setup-module</no>, <no>but</no> <no>donot</no> <no>use</no> <no>the</no> <no>default</no> <no>GMOD</no> <no>configuration</no>  <no>For</no> <no>a</no> “<attribute>custom</attribute>” <class>GMOD job</class>, <no>e.g</no>., <no>the</no> <class>user</class> <no>may</no> <no>choose</no> <method>to</method> <method>supply</method> <no>his</no>/<no>her</no> own <method>input data</method>, <no>own</no> <method>pre-processors</method> <no>or</no> <no>a</no> <no>customized</no> <method>version</method> <no>of</no> <no>a</no> <no>MM5</no> <no>executable</no>.

<no>MM</no>&apos;<no>s</no> <class>Job-Setup</class> <no>module</no> <no>will</no> <no>allow</no> <no>the</no> <class>user</class> <method>to</method> <method>substitute</method> <no>the</no> <method>default configuration</method>, <no>but</no> <no>it</no> <no>is</no> <no>the</no> <class>user</class>&apos;<no>s</no> <no>responsibility</no> <method>to</method> <no>make</no> <no>sure</no> <no>that</no> <no>these</no> <no>scripts</no>, <no>executables</no>, <no>etc</no>.  <no>reside</no> <no>on</no> <no>the</no> <class>cluster</class> <no>or</no> <no>clusters</no> <no>where</no> <no>the</no> <class>job</class> <no>will</no> <no>be</no> <no>running</no> <no>on</no>. <no>Submitting</no> <no>a</no> “<attribute>custom</attribute>” <class>GMOD job</class> <no>thought</no> <no>the</no> <class>Job-Setup</class> <no>module</no> <no>will</no> <no>allow</no> <no>the</no> <class>user</class> <method>to</method> <association>save</association> <no>the</no> <class>job</class>&apos;<no>s</no> <attribute>configuration</attribute> <no>with</no> <no>the</no> <no>MM</no>.
     <no>Primary</no> <no>actor</no>: <class>Meteorologist</class>, <class>software engineer</class>
     <no>Goal</no>: <method>Set up</method> <no>and</no> <method>run</method> <no>a</no> <attribute>real time</attribute> <no>and</no> <attribute>off-line</attribute> <class>GMOD job</class>   
     <no>Action</no> <no>Sequence</no>: <no>1</no>. <class>User</class> <no>chooses</no> <method>to</method> “<method>Set up</method>  <no>a</no> <no>Weather</no> <class>FDDA Job</class>”.
<method>2</method>. <class>User</class> <no>may</no> <method>choose</method> <no>a</no> <class>cluster</class> <no>where</no> <no>the</no> <class>job</class> <no>should</no> <method>run</method> <no>on</no>. 
<no>3</no>. <class>User</class> <no>decides</no> <no>what</no> <method>model</method> <no>should</no> <no>be</no> <method>used</method>: <no>MM5</no> <no>or</no> <no>WRF</no>.
<no>4</no>. <class>User</class> <no>defines</no> <no>a</no> <no>JOB</no> <attribute>ID</attribute>.
<no>5</no>. <class>User</class> <no>determines</no> <no>domains</no> (<no>TBD</no>):
• <method>creates</method> <no>own</no> <method>domains</method> (<no>Note</no>: <no>This</no> <no>may</no> <no>only</no> <no>apply</no> <method>to</method> <no>MM5</no> <class>jobs</class>. <no>From</no> <no>earlier</no> <no>discussions</no>: <no>creating</no> <no>domain</no> <no>files</no> <no>for</no> <no>WRF</no> <no>takes</no> <no>a</no> <no>long</no> <no>time</no>.) <no>or</no>
• <method>chooses</method> <no>between</no> <no>a</no> <method>number of</method> <method>pre-defined domains</method> <no>or</no>
• <method>submits</method> <no>own</no> <method>TERRAIN files</method>
<no>6</no>. <class>User</class> <no>defines</no> <no>when</no> <no>a</no> <class>job</class> <no>is</no> <method>to</method> <no>be</no> <method>run</method> <no>and</no>/<no>or</no> <no>what</no> <no>cycle</no> <method>to</method> <no>run</no>. <no>If</no> <no>the</no> <no>cycle</no> <no>time</no> <no>is</no> <no>in</no> <no>the</no> <no>past</no>, <no>then</no> <no>the</no> <class>user</class> <no>is</no> <no>prompted</no> <method>to</method> <association>specify</association> <no>whether</no> <no>the</no> <class>job</class> <no>is</no> <no>a</no> <attribute> “case study”</attribute> <no>or</no> “<attribute>re-run</attribute>”.
<no>7</no>. <class>User</class> <association>supplies</association> <no>other</no> <class>job</class> <no>specific</no> <association>information</association>, <no>such</no> <no>as</no>, <no>cycle</no> <no>interval</no>, <no>forecast</no> <no>length</no> <no>and</no> <no>other</no> <no>applicable</no> <no>information</no>.
<no>8</no>. <class>User</class> <no>can</no> <no>specify</no> <no>whether</no> <method>to</method> <method>write</method> <method>restart files</method> <no>and</no> <no>the</no> <method>frequency </method><no>of</no> <method>how</method> <no>often</no> <no>they</no> <no>are</no> <method>to</method> <no>be</no> <no>written</no> (<no>TBD</no>: <no>Is</no> <no>this</no> <no>a</no> <no>correct</no> <no>statement</no> <no>and</no> <no>does</no> <no>frequency</no> <no>only</no> <no>apply</no> <method>to</method> <no>WRF</no>?).
<no>9</no>. <class>User</class> <no>can</no> <method>choose</method> <no>between</no> <attribute>predefined</attribute> <attribute>sigma-level configurations</attribute> <no>or</no> <no>supply</no> <no>own</no> <attribute>sigma-level configuration</attribute>
<no>10</no>.<class>User</class> <no>has</no> <no>the</no> <no>option</no> <method>to</method> <method>specify</method> <no>the</no> <method>number of nodes</method> <method>to</method> <no>use</no>. 
<no>11</no>.<class>User</class> <no>can</no> <no>choose</no> <method>to</method> <method>receive</method> <method>email notification</method> <no>upon</no> <no>start</no>, <no>end</no> <no>and</no> <no>termination</no> <no>of</no> <no>the</no> <class>job</class>.
<no>12</no>.<class>User</class> <no>chooses</no> <no>between</no> <no>standard</no> <no>or</no> <no>custom</no> <no>IC</no>/<no>BC</no> <no>data</no> <no>sources</no>:
• <no>standard</no>: <no>ETA</no>, <no>AVNFTP</no> (<no>GFS</no>), <no>GFS004</no> <no>or</no>
• <no>custom</no>: <no>provide</no> <no>data</no> <no>source</no> (<no>e.g</no>., <no>host</no>:<no>Full_Path_to_Dir</no>) <no>or</no>
• <no>For</no> <no>off-line</no> <class>jobs</class>, <no>the</no> <class>user</class> <no>must</no> <method>specify</method> <no>the</no> <method>data source</method>, <no>i.e</no>., <method>location</method> (<no>MetVault</no> <no>or</no> <no>a</no> <no>directory</no>) <no>and</no> <method>time period</method>. <no>Important</no> <no>note</no> <no>for</no> <no>re-runs</no>, <no>if</no> <no>the</no> <method>input data</method> <no>is</no> <method>to</method> <method>obtain</method> <no>from</no> <no>the</no> <method>MetVault</method>, <no>then</no> <no>MetVault</no> <no>returns</no> <no>the</no> <no>data</no> <no>that</no> <no>was</no> <no>available</no> <no>and</no> <no>used</no> <no>in</no> <no>that</no> <no>cycle</no>.
• <no>TBD</no>: <no>Determine</no> <no>standard</no> <no>IC</no>/<no>BC</no> <no>data</no> <no>source</no> <no>and</no> <no>standard</no> <no>pre-processors</no>.

<no>11</no>.<no>Depending</no> <no>on</no> <no>the</no> <no>choice</no> <no>above</no>, <class>user</class> <no>can</no> <method>provide</method> <method>custom</method> <method>IC/BC pre-processor</method> <no>or</no> <no>choose</no> <no>the</no> <no>standard</no>:
• <method>standard processing</method> <no>or</no>
• <no>provide</no> <no>own</no> <method>pre-processing script</method>

<no>12</no>.<class>User</class> <no>is</no> <no>given</no> <no>the</no> <no>option</no> <method>to</method> <method>run</method> <no>additional</no> <method>pre-processors</method> <no>for</no> <no>the</no> <no>IC</no>/<no>BC</no> <no>data</no>, <no>such</no> <no>as</no>, <no>LDAS</no> <no>or</no> <no>supply</no> <no>own</no> <method>custom pre-processor</method> <no>or</no> <no>skip</no> <no>this</no> <no>option</no>.
<no>13</no>.<class>User</class> <no>chooses</no> <no>between</no> <method>standard</method> <no>and</no>/<no>or</no> <method>custom</method> <method>obs</method> <method>data</method> <method>sources</method> <no>and</no> <no>processing</no>:
• <no>Standard</no>: <no>WMO</no>, <no>SAMS</no>, <no>MADIS</no>, <no>GTS</no>, <no>RAWS</no>, <no>okmeso</no>, <no>SatWinds</no>, <no>ACARS</no>, <no>etc.</no><no>and</no>/<no>or</no>
• <no>provide</no> <no>custom</no> <no>obs</no> <no>source1</no> <no>and</no> <no>custom</no> <no>obs</no> <no>processor1</no>
• <no>provide</no> <no>custom</no> <no>obs</no> <no>source2</no> <no>and</no> <no>custom</no> <no>obs</no> <no>processor2</no>
• <no>etc.</no><no>or</no>
• <no>For</no> <attribute>off-line</attribute> <class>jobs</class>, <no>the</no> <class>user</class> <no>must</no> <method>specify</method> <no>the</no> <method>data source</method>, <no>i.e</no>., <method>location</method> (<no>MetVault</no> <no>or</no> <no>a</no> <no>directory</no>) <no>and</no> <method>time period</method>. <no>Important</no> <no>note</no> <no>for</no> <no>re-runs</no>, <no>if</no> <no>the</no> <no>input</no> <no>data</no> <no>is</no> <method>to</method> <no>obtain</no> <no>from</no> <no>the</no> <no>MetVault</no>, <no>then</no> <no>MetVault</no> <no>returns</no> <no>the</no> <no>data</no> <no>that</no> <no>was</no> <no>available</no> <no>andused</no> <no>in</no> <no>that</no> <no>cycle</no>.
• <no>TBD</no>: <no>Define</no> <no>all</no> <no>standard</no> <no>observational</no> <no>data</no> <no>sources</no> <no>and</no> <no>identify</no> <no>their</no> <no>processing</no> <no>scripts</no>.
<no>14</no>.<no>Depending</no> <no>on</no> <no>the</no> <no>choice</no> <no>of</no> <no>the</no> <class>model</class> <no>different</no> <no>options</no> <no>are</no> <no>given</no> <method>to</method> <no>the</no> <class>user</class>:
• <attribute>MM5</attribute>: <no>The</no> <attribute>domain size</attribute> <no>and</no> <attribute>number of nodes</attribute> <no>for</no> <no>this</no> <class>job</class> <no>was</no> <no>determined</no> <no>earlier</no>.
<no>Based</no> <no>on</no> <no>both</no> <no>choices</no>, <no>the</no> <class>user</class> <no>is</no> <method>presented</method> <no>with</no> <no>different</no> <attribute>MM5</attribute>-<class>executables</class> <method>to</method> <no>choose</no> <no>from</no>. <no>These</no> <class>executables</class> <no>have</no> <no>been</no> <method>compiled</method> <no>in</no> <no>advanced</no>. <no>The</no> <attribute>MM</attribute> <no>will</no> <no>be</no> <no>able</no> <method>to</method> <method>retrieve</method> <no>the</no> <method>compile info</method> <no>about</no> <no>the</no> <class>executables</class>, <no>e.g</no>., <attribute>domain size</attribute>,<attribute>number of nodes</attribute>, <attribute>number of sigma levels</attribute>, <no>etc</no>. <no>These</no> <no>few</no> <class>executables</class> <no>are</no> <no>standard</no> <no>executables</no> (<no>TBD</no>: <no>determine</no> <no>what</no> &apos;<no>standard</no> <no>MM5</no> <no>executable</no>’ <no>means</no>).<no>Or</no>, <no>the</no> <class>user</class> <no>can</no> <no>also</no> <association>supply</association> <no>own</no> <class>executable</class>, <no>e.g</no>., <no>its</no> <no>location</no> <no>on</no> <no>the</no> <class>cluster</class>
• <no>WRF</no>: <class>User</class> <no>defines</no> <no>model</no> <no>options</no> (<no>TBD</no>: <no>determine</no> <no>possible</no> <no>model</no> <no>options</no>)
<no>15</no>.<class>User</class> <method>chooses</method> <no>whether</no> <no>or</no> <no>not</no> <method>to</method> <method>run</method> <method>Final Analysis</method>. <no>This</no> <no>may</no> <no>only</no> <no>apply</no> <method>to</method> <no>re-runs</no> <no>andcase</no> <no>studies</no>.
<no>16</no>.<class>User</class> <method>chooses</method> <no>whether</no> <no>or</no> <no>not</no> <method>to</method> <method>run</method> <method>Prelim. Analysis.</method> <no>This</no> <no>may</no> <no>only</no> <no>apply</no> <method>to</method> <no>re-runs</no> <no>and</no> <no>case</no> <no>studies</no>.
<no>17</no>.<class>User</class> <method>chooses</method> <no>whether</no> <no>or</no> <no>not</no> <method>run</method> <no>additional</no> <method>processing</method> <no>on</no> <no>the</no> <no>model</no> <no>output</no>. (<no>TBD</no>:<no>What</no> <no>exactly</no> <no>are</no> <no>the</no> <no>options</no> <no>for</no> <no>additional</no> <no>processing</no>? <no>Bias</no> <no>Correction</no>?) 
<no>18</no>.<class>User</class> <no>can</no> <no>choose</no> <method>to</method> <association>save</association> <no>the</no> <class>model</class> <attribute>output</attribute> <no>in</no> <no>MetVault</no>. <no>If</no> &apos;<no>yes</no>&apos;, <class>user</class> <no>must</no> <no>specify</no> <no>what</no> <no>output</no> <no>file</no> <no>is</no> <method>to</method> <no>be</no> <no>sent</no> <method>to</method> <no>the</no> <no>MetVault</no>. 
<no>19</no>.<class>User</class> <no>is</no> <no>given</no> <no>the</no> <no>option</no> <method>to</method> <association>save</association> <no>and</no> <association>submit</association> <no>the</no> <class>job</class> <no>now</no>. <no>Submitting</no> <no>now</no>, <no>would</no> <no>run</no> <no>IC</no>/<no>BC-data</no> <no>and</no> <no>obs</no> <no>processing</no> <no>and</no> <no>the</no> <no>model</no>, <no>no</no> <no>post-processing</no>.  
<no>20</no>.<class>User</class> <association>chooses</association> <no>whether</no> <no>or</no> <no>not</no> <method>to</method> <association>run</association> post-processing. <no>If</no> ‘<no>yes</no>&apos;, <no>then</no> <no>s</no>/<no>he</no> <no>will</no> <no>go</no> <no>through</no> <no>the</no> <no>action</no> <no>sequence</no> <no>in</no> <no>3</no>.<no>4</no>. (<no>TBD</no>: <method>How</method> <no>customizable</no> <no>should</no> <no>post-processing</no> <no>be</no>? <no>InGCAT</no>, <no>e.g</no>., <no>the</no> <class>user</class> <no>can</no> <method>specify</method> <no>locations</no> <no>for</no> <no>pseudo-soundings</no>, <method>cross sections</method>,<method>pseudo-obs</method>, <no>etc</no>. <no>Do</no> <no>MM -users</no> <no>at</no> <no>RAL</no> <no>need</no> <no>that</no> <no>level</no> <no>of</no> <no>post-processing</no> <no>customization</no>? <no>Do</no> <no>MM</no>-<no>users</no> <no>at</no> <no>the</no> <no>ranges</no> <no>need</no> <no>that</no> <no>level</no> <no>of</no> <no>post-processing</no> <no>customization</no>, <no>or</no> <no>would</no> <no>be</no> <no>a</no> set <no>pre-configured</no> <no>post-processing</no> <no>options</no> <no>be</no> <no>sufficient</no>?)
<no>21</no>.<class>User</class> <no>can</no> <association>save</association> <no>the</no> <no>above</no> <class>job</class> <attribute>configuration</attribute>. <class>Job</class> <attribute>configurations</attribute> <no>can</no> <no>be</no> <method>saved</method> <method>to</method> <no>a</no> <no>file</no>.
<no>22.</no><class>User</class> <association>submits</association> <no>the</no> <class>job</class>.
    <no>Use</no> <no>Case</no> “<no>ClimoFDDA</no>”:  <no>Setting</no> <no>up</no> <no>a</no>  <no>ClimoFDDA</no> <class>job</class>  
<no>The</no> <no>objective</no> <no>of</no> <no>this</no> <no>feature</no> <no>is</no> <method>to</method> <no>integrate</no> <no>the</no> <no>GCAT</no> <no>functionalities</no> <no>within</no> <no>the</no> <no>MM</no>. <no>Suppose</no> <no>the</no> <class>user</class> <no>is</no> <method>logged</method> <no>on</no> <method>to</method> <no>the</no> <no>system</no> <no>and</no> <no>has</no> <no>made</no> <no>the</no> <no>following</no> <no>choices</no> “<no>Submit</no> <no>a</no> <no>newjob</no>” -&gt; “<no>Set</no> <no>up</no> <no>a</no> <no>new</no> <no>model</no> <class>job</class>”. <no>S</no>/<no>he</no> <no>is</no> <no>then</no> <no>presented</no> <no>with</no> <no>two</no> <no>more</no> <no>options</no>: “ <no>Weather</no> <no>FDDA</no>”  <no>and</no> “Climo”. 
     <no>Primary</no> <no>actor</no>: <class>Meteorologist</class>, <class>software engineer</class>
     <no>Goal</no>: <method>Set up</method> <no>and</no> <method>run</method> <no>a</no> <attribute>ClimoFDDA</attribute> <class>job</class>. <no>At</no> <no>this</no> <no>point</no>, <no>the</no> <no>MM</no> <no>only</no> <no>supports</no> “<no>ClimoFDDA</no>”.   
     <no>Action</no> <no>Sequence</no>: <no>1</no>. <no>Chooses</no> <method>to</method>  “<method>Set up</method> <no>a</no> <attribute>Climo</attribute> <class>Job</class>”.
<method>2</method>. <class>User</class> <method>defines</method> <no>a</no> <attribute>JOBID</attribute>.
<no>3</no>. <class>User</class> <method>supplies</method> <no>other</no> <class>job</class> <attribute>parameters</attribute>. <no>For</no> <no>details</no>, <no>see</no> <no>GCAT</no> <no>tool</no>
<no>4</no>. <class>User</class> <method>determines</method> <no>the</no> <method>domain location</method>.
<no>5</no>. <class>User</class> <no>can</no> <method>specify</method> <method>locations</method> <no>for</no> <no>pseudo-obs</no> <no>and</no> <no>custom</no> <no>cross</no> <no>sections</no>. (<no>TBD</no>: <no>Is</no> <no>this</no> <no>configuration</no> <no>information</no> <no>that</no> <no>is</no> <no>only</no> <no>used</no> <no>during</no> <no>post-processing</no>?)
<no>6</no>. <class>User</class> <method>picks</method> <no>a</no> <method>pre-configured</method> <no>MM5</no> <no>setup</no>
<no>7</no>. <class>User</class> <method>sets</method> <no>the</no> <method>time line</method> <no>for</no> <no>the</no> <class>job</class>: <attribute>start time</attribute>, <attribute>end time</attribute> <no>and</no> <no>what</no> <attribute>years</attribute>
<no>8</no>. <class>User</class> <method>sets</method> <no>the</no> <no>ensemble</no> <no>options</no>: 
• <method>hourly</method> (<no>TBD</no>: <no>Are</no> <no>there</no> <no>other</no> <no>options</no>? <no>Daily</no>?) 
• <method>min</method>, <method>max</method>, <method>mean</method>, <method>standard deviation</method>,....
• <method>diurnal cycle</method>
• <method>typical moment</method> 
<no>9</no>. <class>User</class> <no>can</no> <association>request</association> <no>the</no> <association>number of nodes</association> <no>this</no> <class>job</class> <no>should</no> <no>run</no> <no>on</no>.
<no>10</no>.<class>User</class> <association>chooses</association> <no>whether</no> <no>or</no> <no>not</no> <association>run</association> <no>additional</no> <association>processing</association> <no>on</no> <no>the</no> <class>model</class> <no>output</no>. (<no>TBD</no>: <no>Is10</no>. <no>applicable</no> <method>to</method> <no>ClimoFDDA</no> <class>jobs</class>? 
<no>11</no>.<class>User</class> <no>can</no> <no>choose</no> <method>to</method> <method>save</method> <no>the</no> <method>model output</method> <no>in</no> <no>MetVault</no>. <no>If</no> &apos;<no>yes</no>&apos;, <class>user</class> <no>must</no> <method>specify</method> <no>what</no> <method>output</method>, <no>e.g</no>., <no>member</no> <no>and</no>/<no>or</no> <no>ensemble</no> <no>output</no> <no>is</no> <method>to</method> <no>be</no> <no>send</no> <method>to</method> <no>the</no> <no>MetVault</no>. 
<no>12</no>.<class>User</class> <no>is</no> <no>given</no> <no>the</no> <no>option</no> <method>to</method> <association>save</association> <no>and</no> <association>submit</association> <no>the</no> <class>job</class> <no>now</no>. <no>Submitting</no> <no>now</no>, <no>would</no> <no>run</no> <no>the</no> <no>member</no> <no>models</no>, <no>the</no> <no>ensemble</no>, <no>and</no> <no>possible</no> <no>model</no> <no>output</no> <no>processing</no>, <no>no</no> <no>post-processing</no>.  
<no>13</no>.<class>User</class> <no>chooses</no> <no>whether</no> <no>or</no> <no>not</no> <method>to</method> <method>run</method> <method>post-processing</method> <no>on</no> <no>the</no> <no>ensemble</no> <no>output</no>. <no>If</no> “<no>yes</no>&apos;,<no>then</no> <no>s</no>/<no>he</no> <no>will</no> <no>be</no> <no>presented</no> <no>with</no> <no>the</no> <no>following</no> <no>options</no>:
• <no>Plots</no> (<no>NCL</no> <no>or</no> <no>RIP</no>)
• <no>NAPS</no>
• <no>MDV</no>
• <no>Sites</no>
• <no>MEDOC</no> (<no>1</no> – <no>4</no>) (?)
• <no>Raster</no>
• <no>PRF</no>
• <no>Wind</no> <no>Roses</no>
• ...
<no>For</no> <no>each</no> <no>output</no> <no>product</no>, <no>the</no> <class>user</class> <no>is</no> <no>prompted</no> <method>to</method> <no>supply</no> <no>a</no> <no>destination</no> <no>host</no> <no>and</no> <no>location</no>,<no>where</no> <no>the</no> <no>output</no> <no>files</no> <no>should</no> <no>be</no> <no>copied</no>. 

<no>14</no>.<no>The</no> <class>user</class> <no>can</no> <no>also</no> <method>specify</method> <no>whether</no> <no>the</no> <no>members</no>&apos; <method>output</method> <no>should</no> <no>be</no> <method>post-processed</method>. <no>S</no>/<no>he</no> <no>can</no> <method>specify</method> <no>which</no> <method>year-output</method> <method>to</method> <no>post-process</no> <no>and</no> <no>what</no> <no>post-processor</no>(<no>s</no>) <method>to</method> <no>use</no> <no>and</no> <no>where</no> <no>the</no> <no>output</no> <no>files</no> <no>should</no> <no>be</no> <no>copied</no>. 
<no>15</no>. <no>The</no> <class>user</class> <no>can</no> <method>specify</method> <no>whether</no> <no>another</no> <method>process</method> (<no>coupled</no> <no>app</no>) <no>should</no> <no>be</no> <method>run</method> <no>on</no> <no>the</no> <no>post-process</no> <no>output</no> <no>products</no>. <no>This</no> <no>needs</no> <no>further</no> <no>clarification</no>.
<no>16</no>.<class>User</class> <no>can</no> <association>save</association> <no>the</no> <no>above</no> <class>job</class> <attribute>configuration</attribute>. <class>Job</class> <attribute>configurations</attribute> <no>can</no> <no>be</no> <method>saved</method> <method>to</method> <no>a</no> <no>file</no>.
<no>17</no>.<class>User</class> <association>submits</association> <no>the</no> <class>job</class>.
    <no>Use</no> <no>Case</no> “<no>CAM</no>”:  <no>Setting</no> <no>up</no> <no>a</no> <class>CAM</class> <class>job</class>       <no>TBD</no> 
<no>3</no>.<method>2</method> <no>Set</no> <no>up</no> <no>and</no> <no>submit</no> <no>a</no> “<no>post-processing</no>” <class>job</class>
<no>The</no> <no>objective</no> <no>of</no> <no>this</no> <no>feature</no> <no>is</no> <method>to</method> <no>provide</no> <no>the</no> <no>ability</no> <method>to</method> <no>only</no> <no>run</no> “<no>post-processing</no>” <no>on</no> <no>an</no> <no>existing</no> <no>model</no> <no>output</no> <no>file</no>. <association>It</association> <no>will</no> <no>also</no> <no>provide</no> <no>the</no> <no>post-processing</no> <no>part</no> <no>of</no> <no>the</no> <no>use</no> <no>case</no> “<no>WeatherFDDA</no>” <no>in</no> 3.<no>1</no>. <no>Suppose</no> <no>the</no> <class>user</class> <no>is</no> <method>logged</method> <no>on</no> <method>to</method> <no>the</no> <no>system</no> <no>and</no> <no>has</no> <no>made</no> <no>the</no> <no>following</no> <no>choice</no>, “<method>Submit</method> <no>a</no> <attribute>new</attribute> <class>job</class>”.
     <no>Primary</no> <no>actor</no>: <class>Meteorologist</class>, <class>software engineer</class>
     <no>Goal</no>: <no>Run</no> <no>post-processing</no> <no>on</no> <no>model</no> <no>output</no>  
      <no>Action</no> <no>Sequence</no>: <no>1</no>. <class>User</class> <no>selects</no> “<no>Set</no> <no>up</no> <no>a</no> <no>new</no> &apos;<no>post-processing</no>&apos; <class>job</class>” .
<method>2</method>. <class>User</class> <no>is</no> <no>prompted</no> <method>to</method> <attribute>supply location</attribute> <no>and</no> <attribute>name</attribute> <no>of</no> <no>the</no> <class>model</class> <no>output</no> <no>file</no>:
• <no>If</no> <no>the</no> <class>model</class> <attribute>output file</attribute> <no>will</no> <no>be</no> <method>produced</method> <no>by</no> <no>a</no> <method>running</method> <no>or</no> <method>scheduled</method> <class>FDDA-job</class>, <no>then</no> <no>the</no> <class>user</class> <method>supplies</method> <attribute>JOBID</attribute> &amp; <attribute>cycle time</attribute>
• <no>If</no> <no>the</no> <class>model</class> <attribute>output file</attribute> already <method>exists</method>, then <no>the</no> <class>user</class> <method>supplies</method> <no>its</no> <attribute>location</attribute>.
<no>3</no>. <class>User</class> <method>chooses</method> <no>the</no> <attribute>type</attribute> <no>of</no> <method>post-processing</method>:
• <no>Plots</no> (<no>NCL</no> <no>or</no> <no>RIP</no>)
• <no>NAPS</no>
• <no>MDV</no>
• <no>Sites</no>
• <no>MEDOC</no> (<no>1</no> – <no>4</no>) (?)
• <no>Stereo</no>
• <no>Verification</no>
<no>4</no>. <no>For</no> <no>each</no> <no>of</no> <no>the</no> <no>options</no> <no>chosen</no> <no>in</no> <no>3</no>., <no>the</no> <class>user</class> <no>can</no> <method>supply</method> <no>a</no> <no>custom</no> <method>configuration file</method> (<no>if</no> <no>this</no> <no>is</no> <no>applicable</no>) <no>or</no> <no>use</no> <no>the</no> <no>default</no> <no>configuration</no> <no>file</no>.
<no>5</no>. <class>User</class> <no>must</no> <method>supply</method> <attribute>destination location</attribute> <no>for</no> <no>the</no> <no>output</no> <no>products</no>.
<no>6</no>. <class>User</class> <no>can</no> <association>specify</association> <no>the</no> <method>number of nodes</method> <no>this</no> <class>job</class> <no>should</no> <method>run</method> <no>on</no> (<no>TBD</no>: <no>Is</no> <no>this</no> <no>a</no> <no>correct</no> <no>requirement</no>?)
<no>7</no>. <class>User</class> <no>can</no> <association>save</association> <no>this</no> <class>job</class>&apos;<no>s</no> <no>setting</no>. <class>Job</class> <attribute>configurations</attribute> <no>can</no> <no>be</no> <method>saved</method> <method>to</method> <no>a</no> <no>file</no>.

<no>8</no>. <class>User</class> <association>submits</association> <class>job</class>. 
<no>3</no>.<no>3</no> <method>Submit</method> <no>a</no> &apos;<attribute>By-hand&apos;</attribute> <class>job</class>
<no>The</no> <no>objective</no> <no>of</no> <no>this</no> <no>feature</no> <no>is</no> <method>to</method> <no>accommodate</no> <no>the</no> <no>current</no> <no>GMOD-framework</no>. <no>It</no> <no>will</no> <no>also</no> <no>give</no> <no>the</no> <class>user</class> <no>the</no> <no>ability</no> <method>to</method> <association>run</association> <attribute>customized</attribute> <class>jobs</class>. <no>In</no> <no>order</no> <method>to</method> <method>submit</method> <no>a</no> <attribute>custom</attribute> <class>job</class> <method>to</method> <no>the</no> <no>MM</no>, <no>the</no> <class>user</class> <no>must</no> <no>first</no> <method>identify</method> <no>the</no> <class>cluster</class>(<no>s</no>), <no>where</no> <no>his</no>/<no>her</no> <class>job</class> <no>should</no> <method>run</method> <no>on</no>. <no>Then</no>, <no>log</no> <no>on</no> <method>to</method> <no>this</no> <no>machine</no>, <no>perform</no> <no>operations</no> <no>that</no> <no>are</no> <no>necessary</no> <no>for</no> <method>setting up</method> <no>the</no> <class>job</class> <no>and</no> <no>then</no> <method>register</method> <no>the</no> <class>job</class> <no>with</no> <no>the</no> <no>MM</no> (<no>see</no> <no>Action</no> <no>Sequence</no> <no>below</no>). <no>It</no> <no>is</no> <no>important</no> <method>to</method> <no>note</no> <no>that</no> <no>since</no> <no>a</no> &apos;<attribute>by-hand</attribute>&apos; <class>job</class> <no>wasn&apos;t</no> <no>set</no> <no>up</no> <no>through</no> <no>MM</no>&apos;<no>s</no> <class>Job-Setup</class> <no>module</no>, <no>the</no> <no>MM</no> <no>doesn&apos;t</no> <no>know</no> <no>what</no> <no>the</no> <class>job</class> <no>is</no> <no>actually</no> <no>doing</no>. <no>In</no> <no>order</no> <no>for</no> <no>the</no> <no>MM</no> <no>to</no> <method>accept</method> <no>the</no> <class>job</class>, <no>the</no> <class>user</class> <no>will</no> <no>have</no> <method>to</method> <method>provide</method> <no>certain</no> <no>mandatory</no> <method>information</method> <no>about</no> <no>the</no> <class>job</class>. <no>Suppose</no> <no>the</no> <class>user</class> <no>is</no> <method>logged</method> <no>on</no> <method>to</method> <no>the</no> <no>system</no> <no>and</no> <no>has</no> <no>made</no> <no>the</no> <no>following</no> <no>choice</no>, “<no>Submit</no> <no>a</no> <no>new</no> <no>job</no>”.
     <no>Primary</no> <no>actor</no>: <class>Meteorologist</class>, <class>software engineer</class>
     <no>Goal</no>: <method>Register</method> <no>a</no> <attribute>custom</attribute> <class>model</class> <class>job</class> <no>with</no> <no>the</no> <no>MM</no>  
      <no>Action</no> <no>Sequence</no>: <no>1</no>. <class>User</class> <no>selects</no> “<no>Submit</no> <no>a</no> &apos;<no>By</no> <no>Hand</no>&apos; <class>Job</class>”
<method>2</method>. <class>User</class> <no>supplies</no>: <no>Mandatory</no>:
• <class>job</class> <attribute>id</attribute> (<no>GMUAE</no>, <no>GWDPG</no>,...)
• <attribute>location</attribute> <no>of</no> <no>the</no> <attribute>script</attribute> (<no>host</no>:/<no>full_path_to_script</no>)
• <attribute>time</attribute> <no>when</no> <method>to</method> <no>run</no> <no>the</no> <no>script</no>
• <attribute>estimated time</attribute> <no>of</no> <method>how</method> <no>long</no> <no>the</no> <no>script</no> <no>will</no> <no>run</no>
• <attribute>name</attribute>(<no>s</no>) <no>of</no> <no>executable</no>(<no>s</no>)
• <attribute>max.</attribute> <attribute>runtime</attribute> <no>for</no> <no>the</no> <no>executable</no>(<no>s</no>)
•<attribute> number of nodes </attribute>(<no>??</no>)
•<attribute> location </attribute><no>of</no> <attribute>output</attribute> <no>products</no> (<no>such</no> <no>as</no>: <no>host</no>:/<no>dir_path</no>)
 <no>Optional</no>:
• <attribute>frequency</attribute> <no>of</no> <method>how</method> <no>often</no> <no>the</no> <no>script</no> <no>should</no> <no>run</no>
• <class>job</class> <attribute>type</attribute>
• <no>any</no> <no>additional</no> <no>information</no>
<no>3</no>. <class>User</class> <no>can</no> <association>save</association> <no>the</no> <class>job</class>&apos;<no>s</no> <attribute>settings</attribute>. <class>Job</class> <no>configurations</no> <no>can</no> <no>be</no> <no>saved</no> <method>to</method> <no>a</no> <no>file</no>.
<no>4</no>. <class>User</class> <association>submits</association> <class>job</class>.
<no>5</no>. <class>User</class> <no>can</no> <association>view</association> <no>his</no>/<no>her</no> <class>job</class> <no>in</no> <no>the</no> <class>job</class> <no>queue</no> (<no>see</no> <no>3</no>.<no>1</no>.).
<no>6</no>. <class>User</class> <no>can</no> <method>receive</method> <no>an</no> <method>email notification</method> <no>when</no> <class>job</class> <no>is</no> <method>started</method>, <method>finished</method> <no>or</no> <method>killed</method>. (<no>SRS</no> <no>Note</no>: &apos;<no>custom</no>&apos; <class>job</class> <no>will</no> <no>need</no> <method>to</method> <no>notify</no> <no>the</no> <no>MM</no> <no>when</no> <no>done</no>.) 
<no>3</no>.<no>4</no> <method>Load</method> <no>a</no> <class>job</class> <attribute>configuration</attribute> <no>from</no> <no>a</no> <no>file</no> <no>and</no> <method>submit</method> <no>the</no> <class>job</class>
<no>The</no> <no>objective</no> <no>of</no> <no>this</no> <no>feature</no> <no>is</no> <method>to</method> <no>provide</no> <no>the</no> <no>ability</no> <method>to</method> <method>load</method> <no>a</no> <class>job</class> <attribute>configuration</attribute> <no>into</no> <no>MM</no> <no>from</no> <no>a</no> <no>file</no>. <no>Suppose</no> <no>the</no> <class>user</class> <no>is</no> <attribute>logged</attribute> <no>on</no> <method>to</method> <no>the</no> <no>system</no> <no>and</no> <no>has</no> <no>made</no> <no>the</no> <no>following</no> <no>choice</no>, “<no>Submit</no> <no>a</no> <no>newjob</no>”.     <no>Primary</no> <no>actor</no>: <class>Meteorologist</class>, <class>software engineer </class>         
<no>Action</no> <no>Sequence</no>: 
<no>1</no>. <class>User</class> <no>selects</no> ”<association>Submit</association> <no>a</no> <class>job</class> <attribute>configuration</attribute> <no>file</no>”.

<method>2</method>. <class>User</class> <method>supplies</method> <no>file</no> <attribute>name</attribute> <method>to</method> <no>load</no>.
<no>3</no>. <class>User</class> <no>can</no> <method>make</method> <method>changes</method> <method>to</method> <no>the</no> <attribute>configuration</attribute>.
<no>4</no>. <class>User</class> <no>can</no> <method>save</method> <no>the</no> <attribute>changed</attribute> <attribute>configuration</attribute>.
<no>5</no>. <class>User</class> <association>submits</association> <no>the</no> <class>job</class>.
<no>3</no>.<no>5</no> <method>Retrieve</method> <no>and</no> <method>run</method> <no>a</no> <no>previously</no> <attribute>saved</attribute> <class>job</class> <attribute>configuration</attribute>
<no>The</no> <no>objective</no> <no>of</no> <no>this</no> <no>feature</no> <no>is</no> <method>to</method> <no>provide</no> <no>the</no> <no>ability</no> <method>to</method> <method>retrieve</method> <no>a</no> <attribute>previous</attribute> <class>job</class> <attribute>configuration</attribute> <no>and</no> <method>tore-run</method> <no>this</no> <class>job</class> <no>or</no> <method>change</method> <no>its</no> <no>settings</no> <no>and</no> <method>run</method> <no>it</no> again.
     <no>Primary</no> <no>actor</no>: <class>Meteorologist</class>, <class>software engineer</class>
     <no>Goal</no>: <method>Run</method> <no>a</no> <no>previously</no> <attribute>configured</attribute> <class>job</class>.  
      <no>Action</no> <no>Sequence</no>: <no>1</no>. <class>User</class> <method>logs</method> <no>on</no> <no>with</no> <class>user</class> <attribute>id</attribute>/<attribute>password</attribute>.
<method>2</method>. <class>User</class> <no>chooses</no> <method>to</method> <no>look</no> <no>at</no> <no>his</no>/<no>her</no> <no>previously</no> <association>saved</association> <class>job</class> <attribute>configurations</attribute>. <no>A</no> <no>table</no> <no>of</no> <no>saved</no> <no>jobs</no> <no>may</no> <no>include</no> <no>the</no> <no>following</no> <no>attributes</no>: 
• <class>Job</class> <attribute>id</attribute>
• <class>Job</class> <attribute>type</attribute>
• <attribute>Cycle time</attribute> <no>that</no> <no>was</no> <no>run</no> <no>last</no> (<no>if</no> <no>applicable</no>)
• <attribute>time</attribute> <no>this</no> <class>job</class> <no>was</no> <no>run</no> <no>last</no>
• ...
<no>3</no>. <class>User</class> <association>selects</association> <no>a</no> <class>job</class>. <class>User</class> <no>can</no> <association>change</association> <no>or</no> <association>delete</association> <no>this</no> <class>job</class> <attribute>configuration</attribute>.
<no>4</no>. <class>User</class> <association>changes</association> <no>the</no> <class>job</class> <attribute>configuration</attribute>. 
<no>5</no>. <class>User</class> <no>can</no> <association>save</association> <no>the</no> <attribute>changed</attribute> <class>job</class> <attribute>configuration</attribute>.
<no>6</no>. <class>User</class> <association>submits</association> <class>job</class>. 
<no>3</no>.<no>6</no> <method>View</method> <method>scheduled</method>, <method>running</method> <no>and</no> <attribute>old</attribute> <class>jobs</class>
<no>The</no> <no>objective</no> <no>of</no> <no>this</no> <no>feature</no> <no>is</no> <method>to</method> <no>facilitate</no> <method>monitoring</method> <no>of</no> <attribute>running</attribute> <class>jobs</class>, <method>viewing</method> <no>the</no> <class>job</class> <no>queue</no> <no>and</no> <method>viewing</method> <class>jobs</class> <no>that</no> <no>ran</no> <no>in</no> <no>the</no> <no>past</no>.
     <no>Primary</no> <no>actor</no>: <class>Meteorologist</class>, <class>software engineer</class>
     <no>Goal</no>: <no>Monitor</no> <no>a</no> <attribute>running</attribute> <class>job</class> <no>and</no> <method>view</method> <no>scheduled</no> <no>and</no> <no>old</no> <class>jobs</class>  
      <no>Action</no> <no>Sequence</no>: 
<no>1</no>. <class>User</class> <method>logs on</method> <no>with</no> <class>user</class> <attribute>id</attribute>/<attribute>password</attribute>.
<method>2</method>. <class>User</class> <no>chooses</no> <method>to</method> <method>look</method> <no>at</no> <no>all</no> <attribute>running</attribute> <class>jobs</class>, all <attribute>scheduled</attribute> <class>jobs</class> (<no>the</no> <class>job</class> <no>queue</no>), <attribute>past</attribute> <class>jobs</class> <no>or</no> <no>all</no> <association>jobs</association> (<no>running</no>, <no>scheduled</no>, <no>old</no>). <class>User</class> <method>selects</method> <no>one</no> <no>of</no> <no>the</no> <no>four</no> <method>options</method>.
<no>3</no>. <class>User</class> <no>is</no> <no>presented</no> <no>with</no> <no>a</no> <class>job</class> <no>table</no>. <no>Depending</no> <no>on</no> <no>the</no> <class>user</class>&apos;<no>s</no> <no>choice</no> <no>in</no> <method>2</method>, <no>the</no> <class>job</class> <no>table</no> <no>may</no> <no>present</no> <no>the</no> <no>following</no> <no>attributes</no> <method>to</method> <no>the</no> <class>user</class>:
• <class>user</class> <attribute>id</attribute> – <no>the</no> &apos;<no>owner</no>&apos; <no>of</no> <no>the</no> <class>job</class> 

• <class>Job</class> <attribute>id</attribute>
• <class>Job</class> <attribute>type</attribute> – <no>such</no> <no>as</no>: <no>GMOD</no>, <no>climoFDDA</no>, <no>FDDA-re-run</no>, <no>case</no> <no>study</no>, <no>custom</no>,....
• <class>Job</class> <attribute>priority</attribute> (<no>TBD</no>: <method>How</method> <no>should</no> <class>jobs</class> <no>be</no> <no>prioritized</no>?)
• <attribute>start tim</attribute>e
• <attribute>remaining time</attribute> (<no>estimated</no>) <no>or</no> <no>time</no> <no>it</no> <no>took</no> <method>to</method> <no>run</no> <no>the</no> <class>job</class>
• <attribute>cycle</attribute> (<no>if</no> <no>applicable</no>)
• <no>stage</no> (<no>Pre-processing</no>, <no>F-analysis</no>, <no>Prelim</no>. <no>Analysis</no>,...)
• <attribute>status</attribute> ( <no>SCHEDULED</no>, <no>RUNNING</no>, <no>status</no> <no>in</no> <no>%</no> - <no>if</no> <no>applicable</no>, <no>DONE</no>)
• <class>cluster</class> <no>and</no> <attribute>nodes</attribute> (<no>for</no> <no>a</no> <no>running</no> <class>job</class>)
• <attribute>number of processors</attribute>
• <no>and</no> <no>others</no>
<no>4</no>. <class>User</class> <no>can</no> <association>select</association> <no>a</no> <class>job</class> <no>and</no> <association>receive</association> <no>more</no> <no>detailed</no> <association>information</association> (<no>TBD</no>: <no>What</no> <no>exactly</no> <no>are</no> <no>the</no> <no>details</no>?)
<no>5</no>. <class>User</class> <no>can</no> <association>look</association> <no>at</no> <no>a</no> <class>jobs</class> <class>log files</class>. 
<no>6</no>. <class>User</class> <no>can</no> <association>delete</association> <no>his</no>/<no>her</no> <class>jobs</class> <no>from</no> <no>the</no> <class>job</class> <no>queue</no>. <no>A</no> “<no>super</no> <class>user</class>” <no>can</no> <no>delete</no> <no>any</no> <class>job</class> <no>from</no> <no>the</no> <class>job</class> <no>queue</no>. 
<no>7</no>. <class>User</class> <no>can</no> <association>stop</association> <no>his</no>/<no>her</no> <attribute>running</attribute> <class>job</class>. <no>A</no> “<no>super</no> <class>user</class>” <no>can</no> <no>stop</no> <no>any</no> <no>running</no> <class>job</class>.
<no>8</no>. <class>User</class> <no>can</no> <association>re-start</association> <no>his</no>/<no>her</no> <class>job</class>. <no>A</no> “<no>super</no> <class>user</class>” <no>can</no> <no>re-start</no> <no>any</no> <class>job</class>.
<no>9</no>. <class>User</class> <no>can</no> <association>resume</association> <no>his</no>/<no>her</no> <attribute>stopped</attribute> <class>job</class>. <no>A</no> “<no>super</no> <class>user</class>” <no>can</no> <no>resume</no> <no>any</no> <no>stopped</no> <class>job</class>. 
           
</document>
