<document><no>Category</no>: <no>Management</no> <no>Tools</no>: <no>General</no>
<no>Req</no> <no>ID</no>: <no>PINES</no>-<no>001</no> <no>Priority</no>: <no>1</no>
<no>Name</no>: <no>streamlined</no> <class>staff</class> <method>login</method>
<no>Description</no>: <no>The</no> <no>system</no> <no>supports</no> (<no>but</no> <no>does</no> <no>not</no> <no>require</no>) <no>streamlined</no> <class>staff</class> <method>login</method> <no>methods</no>, <no>for</no> <no>example</no> <class>staff</class> <no>member</no> <method>swipes</method> <no>a</no> <method>card</method> <no>to</no> <no>log</no> <no>into</no> <no>a</no> <no>terminal</no> <no>or</no> <no>the</no> <class>staff</class> <no>member</no> <method>log</method>s <no>into</no> <no>a</no> <no>terminal</no> <no>by</no> <no>using</no> <no>his</no>/<no>her</no> <no>individual</no> <method>login</method> <no>and</no> <attribute>password</attribute>.
<no>Source</no>: <class>Reports</class> <no>Working</no> <no>Group</no> (<no>RWG</no>)
<no>Req</no> <no>ID</no>: <no>PINES</no>-<no>002</no> <no>Priority</no>: <no>1</no>
<no>Name</no>: <class>report</class> <attribute>templates</attribute>
<no>Description</no>: <no>System</no> <class>administrators</class> <no>can</no> <association>create</association> <no>reliable</no> <class>report</class> <attribute>templates</attribute> <no>that</no> <no>are</no> <no>available</no> <no>to</no> <class>staff</class>, <no>and</no> <no>can</no> <no>be</no> <method>run</method> <no>as</no> <no>is</no> <no>or</no> <method>modified</method> <no>to</no> <no>the</no> <class>staff</class> <no>person&apos;s</no> <no>particular</no> <no>needs</no>. <method>Changes</method> <no>in</no> <no>the</no> <attribute>templates</attribute> <no>could</no> <no>be</no> <no>done</no> <no>without</no> <no>comprising</no> <no>the</no> <no>results</no>. <no>The</no> <class>administrator</class> <no>can</no> <no>limit</no> <no>the</no> <no>filters</no> <no>and</no> <no>display</no> <no>fields</no> <no>that</no> <no>can</no> <no>be</no> <no>altered</no> <no>to</no> <no>certify</no> <no>a</no> <no>dependable</no> <no>output</no>. <no>For</no> <no>example</no>, <no>front-line</no> <class>staff</class> <no>could</no> <method>set</method> <no>the</no> <method>call number range</method> <no>for</no> <no>a</no> <no>weeding</no> <class>report</class> <no>or</no> <method>add</method> <no>or</no> <method>remove</method> <no>designated</no> <method>display</method> <method>fields</method> <no>from</no> <no>a</no> <no>pick</no> <no>list</no>, <no>but</no> <no>couldn</no><no>’t</no> <no>alter</no> <no>the</no> <attribute>template</attribute> <no>to</no> <no>display</no> <no>deleted</no> <class>items</class>.
<no>Source</no>: <no>RWG</no>
<no>Req</no> <no>ID</no>: <no>PINES</no>-<no>003</no> <no>Priority</no>: <no>1</no>
<no>Name</no>: <class>reports</class> <no>permissions</no>
<no>Description</no>: <no>System</no> <no>provides</no> <no>distinct</no>, <no>fine-grained</no> <no>permission</no> <no>levels</no> <no>limiting</no> <no>who</no> <no>can</no> <method>create</method> <no>and</no> <method>clone</method> <class>reports</class>. <no>All</no> <no>permissions</no> <no>should</no> <no>be</no> <no>easy</no> <no>to</no> <no>administer</no>. <no>System</no> <class>administrators</class> <no>can</no> <method>create</method> <method>shared</method> <method>folders</method> <no>to</no> <no>allow</no> <no>or</no> <no>disallow</no> <class>staff</class> <no>to</no> <method>run</method> <no>specific</no> <class>reports</class>, <no>and</no>/<no>or</no> <no>to</no> <method>run</method> <attribute>ad hoc</attribute> <class>reports</class> <no>on</no> <no>specific</no> <no>sets</no> <no>of</no> <no>data</no>.
<no>Source</no>: <no>RWG</no>
<no>Req</no> <no>ID</no>: <no>PINES</no>-<no>004</no> <no>Priority</no>: <no>1</no>
<no>Name</no>: <class>query</class> <no>tool</no>
<no>Description</no>: <no>System</no> <no>provides</no> <no>a</no> <no>user-friendly</no> <no>interface</no> <no>for</no> <no>designing</no> <class>queries</class> <no>against</no> <no>all</no> <class>record</class> <attribute>types</attribute>. <class>Staff</class> <no>can</no> <association>select</association> <no>fields</no> <no>to</no> <class>query</class>; <method>select</method> <method>values</method> <no>from</no> <no>picklist</no> <no>of</no> <no>possible</no> <no>values</no>; <method>select</method> <method>regular expressions </method><no>from</no> <no>drop-down</no> <no>menu</no>, <no>and</no> <no>use</no> <no>a</no> <no>full</no> <no>range</no> <no>of</no> <no>Boolean</no> <no>operators</no>. <class>Administrators</class> <association>control</association> <class>staff</class> <method>access</method> <no>to</no> <method>tables</method> <no>and</no> <method>fields</method>.
<no>Source</no>: <no>RWG</no>
<no>Req</no> <no>ID</no>: <no>PINES</no>-<no>005</no> <no>Priority</no>: <no>1</no>
<no>Name</no>: <class>board</class> <class>reports</class>
<no>Description</no>: <no>The</no> <no>system</no> <no>provides</no> <no>pre-defined</no> <class>reports</class> <no>for</no> <no>consumption</no> <no>by</no> <no>library</no> <no>boards</no> <no>or</no> <no>other</no> <no>consumers</no>. <no>There</no> <no>will</no> <no>be</no> <class>reports</class> <method>providing</method> <no>basic</no> <method>statistics</method> <no>like</no> <no>those</no> <no>required</no> <no>by</no> <no>the</no> <no>Georgia</no> <no>Annual</no> <class>Report</class> <no>and</no> <no>Application</no> <no>for</no> <no>State</no> <no>Aid</no> <no>and</no> <no>activity</no> <class>reports</class> <no>that</no> <no>indicate</no> <attribute>traffic</attribute> <no>and</no> <attribute>volume</attribute> <no>of</no> <no>use</no> <no>that</no> <method>display</method> <method>statistics</method> <no>on</no> <attribute>check-outs</attribute>, <attribute>check-ins</attribute>, <attribute>holds placed</attribute>, <no>and</no> <attribute>holds filled</attribute>. <no>It</no> <no>should</no> <no>be</no> <no>possible</no> <no>cross-tabulated</no> <no>per</no> <no>terminal</no>, <no>per</no> <no>branch</no>, <no>per</no> <no>library</no> <no>system</no>, <no>per</no> <no>hour</no>, <no>per</no> <class>patron</class> <attribute>age range</attribute>, <no>per</no> <class>patron</class> <attribute>type</attribute>, <no>and</no> per <class>patron</class> <attribute>location</attribute>.
<no>Source</no>: <no>RWG</no>
<no>Req</no> <no>ID</no>: <no>PINES</no>-<no>006</no> <no>Priority</no>: <no>1</no>
<no>Name</no>: <class>transaction</class> <no>data</no> <no>archive</no>
<no>Description</no>: <class>Transactions</class> <no>are</no> <method>archived</method> <no>in</no> <no>a</no> <no>form</no> <no>that</no> <no>protects</no> <class>patron</class> <attribute>privacy</attribute> <no>as</no> <no>defined</no> <no>by</no> <no>State</no> <no>Law</no>, <no>while</no> <no>providing</no> <no>useful</no> <method>demographic</method> <method>statistics</method>.
<no>Source</no>: <no>RWG</no>
<no>Req</no> <no>ID</no>: <no>PINES</no>-<no>007</no> <no>Priority</no>: <no>1</no>
<no>Name</no>: <class>periodic</class> <class>reports</class>, <no>examples</no>
<no>Description</no>: <no>Examples</no> <no>of</no> <class>periodic</class> <class>reports</class>: <class>bibliographic</class> <class>records</class> <no>with</no> <method>holds</method>; <class>items</class> <no>that</no> <no>have</no> <no>not</no> <no>been</no> <method>checked</method> <method>out</method> <no>in</no> <no>X</no> <no>days</no>; <class>item</class><no>-level</no> <method>holds</method>; <class>items</class> <no>with</no> <attribute>invalid</attribute> <class>item</class> <method>type</method>; <attribute>in-transit</attribute> <class>items</class> <no>with</no> <attribute>outstanding</attribute> <attribute>hold</attribute>; <class>items</class> <no>that</no> <no>have</no> <no>been</no> <attribute>in-transit</attribute> <no>for</no> <no>more</no> <no>than</no> <no>X</no> <no>days</no>; <class>items</class> <no>that</no> <no>are</no> <no>the</no> <no>last</no> <no>copy</no> <no>in</no> <no>the</no> <no>system</no>; <class>items</class> <no>with</no> <no>a</no> <no>long</no> <no>call</no> <no>number</no>; <attribute>missing</attribute> <class>items</class>; <class>bibliographic</class> <class>records</class> <no>with</no> <no>no</no> <class>item</class> <class>records</class>; <class>patrons</class> <no>with</no> <no>invalid</no> <attribute>home library</attribute>.
<no>Source</no>: <no>RWG</no>
<no>Req</no> <no>ID</no>: <no>PINES</no>-<no>008</no> <no>Priority</no>: <no>1</no>
<no>Name</no>: <class>Query</class> <method>selections</method>
<no>Description</no>: <no>System</no> <no>provides</no> <no>the</no> <class>query</class> <method>selections</method> <no>along</no> <no>with</no> <no>the</no> <no>results</no>.
<no>Source</no>: <no>RWG</no>
<no>Req</no> <no>ID</no>: <no>PINES</no>-<no>009</no> <no>Priority</no>: <no>1</no>
<no>Name</no>: <class>Reports</class> <no>queuing</no> 
<no>Description</no>: <no>Ability</no> <no>to</no> <no>see</no> <no>where</no> <no>your</no> <class>report</class> <no>is</no> <no>in</no> <no>the</no> <attribute>queue</attribute> <no>of</no> <class>reports</class> <no>waiting</no> <no>to</no> <no>run</no>.
<no>Source</no>: <no>RWG</no>
<no>NOTE</no>:  <no>Req</no> <no>IDs</no> <no>PINES</no>-<no>010</no> <no>and</no> <no>PINES</no>-<no>011</no> <no>refer</no> <no>to</no> <no>Appendix</no> <no>A</no> <no>&amp;</no> <no>B</no>, <no>which</no> <no>were</no> <no>developed</no> <no>based</no> <no>on</no> <no>working</no> <no>knowledge</no> <no>of</no> <no>Evergreen</no> <no>ILS</no> <no>version</no> <no>1</no>.<no>4.0.4</no> <no>and</no> <no>terms</no> <no>in</no> <no>those</no> <no>appendices</no> <no>refer</no> <no>to</no> <no>specific</no> <no>aspects</no> <no>of</no> <no>that</no> <no>product</no>.
<no>Req</no> <no>ID</no>: <no>PINES</no>-<no>010</no> <no>Priority</no>: <no>1</no>
<no>Name</no>: <no>PINES</no> <no>-Specific</no> <class>Reports</class> <no>Examples</no>
<no>Description</no>: <no>System</no> <no>must</no> <no>be</no> <no>able</no> <no>to</no> <no>support</no> <no>the</no> <no>reporting</no> <no>definitions</no> <no>as</no> <no>described</no> <no>in</no> <no>Appendix</no> <no>A</no>.
<no>Source</no>: <no>RWG</no>
<no>Req</no> <no>ID</no>: <no>PINES</no>-<no>011</no> <no>Priority</no>: <no>1</no>
<no>Name</no>: <no>PINES</no><no>-Specific</no> <no>Fine-Grained</no> <no>Requirements</no>
<no>Description</no>: <no>System</no> <no>must</no> <no>be</no> <no>able</no> <no>to</no> <no>support</no> <no>the</no> <attribute>fine-grained</attribute> <class>reports</class> <no>requirements</no> <no>as</no> <no>described</no> <no>in</no> <no>Appendix</no> <no>B</no>.
<no>Source</no>: <no>RWG</no> 
<no>Category</no>: <no>Management</no> <no>Tools</no>: <no>Demographics</no>
<no>Req</no> <no>ID</no>: <no>PINES</no>-<no>012</no> <no>Priority</no>: <no>1</no>
<no>Name</no>: <no>behavior</no> <no>and</no> <no>use</no> <no>analysis</no>
<no>Description</no>: <no>The</no> <no>system</no> <method>produces</method> <method>statistics</method> <no>that</no> <no>can</no> <no>be</no> <no>used</no> <no>to</no> <no>understand</no> <no>and</no> <method>predict</method> <class>patron</class> <method>behavior</method> <no>and</no> <no>use</no> <no>of</no> <no>materials</no>. <no>For</no> <no>example</no>, <no>how</no> <no>quickly</no> <no>is</no> <no>a</no> <no>particular</no> <class>book</class> <method>returned</method>, <no>on</no> <method>average</method>? <no>How</no> <no>likely</no> <no>is</no> <no>a</no> <no>particular</no> <class>book</class> <no>to</no> <no>be</no> <method>renewed</method>? <no>What</no> <no>percent</no> <no>of</no> <attribute>check-outs</attribute> <no>at</no> <no>a</no> <no>particular</no> <class>branch</class> <no>are</no> <method>renewals</method>?
<no>Source</no>: <no>RWG</no>
<no>Req</no> <no>ID</no>: <no>PINES</no>-<no>013</no> <no>Priority</no>: <no>1</no>
<no>Name</no>: <method>demographic</method> <method>statistics</method>
<no>Description</no>: <no>The</no> <no>system</no> <method>produces</method> <no>useful</no> <method>demographic</method> <method>statistics</method>, <class>including</class> <class>transactions</class> <no>by</no> <attribute>geographical regions</attribute>, <attribute>age</attribute> <attribute>ranges</attribute>, <no>etc</no>. <no>The</no> <no>data</no> <no>used</no> <no>to</no> <no>produce</no> <no>these</no> <no>statistics</no> <no>must</no> <no>be</no> <no>anonymized</no>, <no>i.e.</no> <no>information</no> <no>that</no> <no>could</no> <no>be</no> <no>used</no> <no>to</no> <method>identify</method> <no>a</no> <class>patron</class> <no>is</no> <attribute>deleted</attribute>.
<no>Source</no>: <no>RWG</no>
<no>Category</no>: <no>Management</no> <no>Tools</no>: <no>Inventory</no> <no>Control</no>
<no>Req</no> <no>ID</no>: <no>PINES</no>-<no>014</no> <no>Priority</no>: <no>1</no>
<no>Name</no>: <class>material volume </class><class>report</class>
<no>Description</no>: <no>Ability</no> <no>to</no> <class>report</class> <no>on</no> <no>the</no> <no>volume</no> <no>of</no> <attribute>material</attribute> <no>in</no> <no>a</no> <no>given</no> <no>library</no> <no>at</no> <no>any</no> <no>point</no> <no>in</no> <no>time</no>, <no>based</no> <no>on</no> <no>new</no> <attribute>acquisitions</attribute>, <class>items</class> <no>on</no> <no>the</no> <no>shelf</no>, <no>and</no> <class>items</class> <no>out</no> <no>in</no> <attribute>circulation</attribute>, <no>with</no> <no>the</no> <no>ability</no> <no>to</no> <no>break</no> <no>down</no> <no>volume</no> <no>in</no> <no>categories</no> (<no>e.g</no>. <no>total</no> <class>items</class> <no>in</no> <no>library</no>, <attribute>number of holds</attribute>, <attribute>number of adult fiction</attribute>, <attribute>number of board</attribute> <attribute>books</attribute>, <no>etc</no>).
<no>Source</no>: <no>RWG</no>
<no>Req</no> <no>ID</no>: <no>PINES</no>-<no>015</no> <no>Priority</no>: <no>1</no>
<no>Name</no>: <no>system</no> <class>capacity interface</class>
<no>Description</no>: <no>The</no> <no>system</no> <no>provides</no> <no>an</no> <no>interface</no> <association>showing</association> <association>capacity</association> <no>of</no> <no>all</no> <class>branches</class> (<no>as</no> <no>defined</no> <no>in</no> <no>PINES</no>-<no>014</no>).
<no>Source</no>: <no>RWG</no>
<no>Req</no> <no>ID</no>: <no>PINES</no>-<no>016</no> <no>Priority</no>: <no>1</no>
<no>Name</no>: <class>shelf space</class> <class>report</class>
<no>Description</no>: <no>For</no> <no>each</no> <no>genre</no> <no>and</no> <no>format</no> <no>of</no> <no>material</no>, <no>ability</no> <no>to</no> <method>compare</method> <no>the</no> <no>percentage</no> <no>of</no> <no>total</no> <method>circulations</method>, <no>the</no> <no>percentage</no> <no>of</no> <no>the</no> <method>collection</method>, <no>and</no> <no>the</no> <no>percentage</no> <no>of</no> <no>total</no> <method>shelf space</method> <no>that</no> <no>genre</no>/<no>format</no> <no>comprises</no>. <no>Ability</no> <no>to</no> <class>report</class> <no>per</no> <no>library</no> <no>and</no> <no>per</no> <no>system</no>.
<no>Source</no>: <no>RWG</no>
<no>Req</no> <no>ID</no>: <no>PINES</no>-<no>017</no> <no>Priority</no>: <no>1</no>
<no>Name</no>: <method>uncataloged</method> <class>material</class>
<no>Description</no>: <no>Ability</no> <no>to</no> <method>control</method> <method>inventory</method> <no>of</no> <attribute>uncataloged</attribute> <class>material</class>, <no>such</no> <no>as</no> <attribute>paperback books</attribute> <no>and</no> <no>children&apos;s</no> <attribute>board books</attribute>. <no>Support</no> <no>for</no> <no>quick</no> <method>distribution</method>; <no>minimal</no> <class>branch</class> <attribute>labor</attribute>; <no>and</no> <no>ability</no> <no>to</no> <method>identify</method> <no>how</no> <no>the</no> <no>material</no> <no>is</no> <no>being</no> <method>used</method>. <no>Ability</no> <no>to</no> <method>count</method> <class>transactions</class> <no>and</no> <no>include</no> <no>in</no> <no>circulation</no> <no>statistics</no> <no>and</no> <class>reports</class>.
<no>Source</no>: <no>RWG</no>
<no>Req</no> <no>ID</no>: <no>PINES</no>-<no>018</no> <no>Priority</no>: <no>1</no>
<no>Name</no>: <class>item</class> <method>transfer</method> <no>utility</no>
<no>Description</no>: <no>System</no> <no>provides</no> <no>a</no> <no>utility</no> <no>for</no> <method>transferring</method> <no>batches</no> <no>of</no> <class>items</class> <no>between</no> <class>branches</class>, <no>used</no> <no>for</no> <no>example</no> <no>to</no> <method>move</method> <method>books</method> <no>into</no> <no>a</no> <no>mobile</no> <no>library</no>, <no>an</no> <no>outreach</no> <method>program</method> <method>collection</method>, <no>or</no> <no>a</no> &quot;<no>just-in-time</no>&quot; <method>warehouse</method>. <no>Utility</no> <no>includes</no> <no>ability</no> <no>to</no> <class>query</class> <no>for</no> <no>candidate</no> <method>materials</method>; <no>ability</no> <no>to</no> <method>save</method> <class>queries</class> <no>for</no> <no>repeated</no> <no>use</no>; <no>ability</no> <no>to</no> <no>manually</no> <method>select</method> <method>titles</method> <no>from</no> <class>query</class> <method>results</method>; <no>and</no> <no>ability</no> <no>to</no> <method>change</method> <class>records</class> <no>of</no> <no>all</no> <no>or</no> <no>selected</no> <class>items</class> <no>to</no> <no>move</no> <no>to</no> <no>new</no> <no>location</no>. <no>Mechanisms</no> <no>for</no> <method>moving</method> <class>items</class> <no>include</no> <no>changing</no> <no>location</no> <no>field</no>, <no>generating</no> <no>pull</no> <no>lists</no>, <no>etc</no>. <no>In</no> <no>addition</no>, <no>utility</no> <no>provides</no> <no>means</no> <no>to</no> <method>revert</method> <class>items</class> <no>to</no> <no>original</no> <no>location</no> <no>after</no> <no>a</no> <no>set</no> <no>period</no> <no>of</no> <no>time</no>, <no>and</no>/<no>or</no> <no>based</no> <no>on</no> <no>other</no> <no>criteria</no>.
<no>Source</no>: <no>RWG</no>
<no>Req</no> <no>ID</no>: <no>PINES</no>-<no>019</no> <no>Priority</no>: <no>1</no>
<no>Name</no>: <attribute>missing</attribute> <no>and</no> <attribute>damaged</attribute> <class>items</class> <class>report</class>
<no>Description</no>: <no>The</no> <no>system</no> <no>provides</no> <class>reports</class> <no>of</no> <attribute>missing</attribute> <no>and</no> <attribute>damaged</attribute> <class>items</class> <no>per</no> <class>branch</class>.
<no>Source</no>: <no>RWG</no>
<no>Req</no> <no>ID</no>: <no>PINES</no>-<no>020</no> <no>Priority</no>: <no>1</no>
<no>Name</no>: <class>in-transit</class> <class>items</class> <class>report</class>
<no>Description</no>: <no>The</no> <no>system</no> <method>generates</method> <no>a</no> <no>list</no> <no>of</no> <class>items</class> <no>that</no> <no>have</no> <no>been</no> <method>in-transit</method> <no>for</no> <no>more</no> <no>than</no> <no>X</no> <no>days</no> (<no>X</no> <no>configurable</no>), <no>per</no> <class>branch</class> <no>and</no> <no>per</no> <no>system</no>.  <no>The</no> <class>report</class> <no>would</no> <method>merge</method> <no>the</no> <method>transit to</method> <no>and</no> <method>transit from</method> <no>into</no> <no>one</no> <class>report</class> <no>for</no> <no>ease</no> <no>of</no> <no>front-line</no> <class>staff</class> <no>use</no>.
<no>Source</no>: <no>RWG</no>
<no>Req</no> <no>ID</no>: <no>PINES</no>-<no>021</no> <no>Priority</no>: <no>1</no>
<no>Name</no>: <class>item</class> <class>record</class> <method>purging</method>
<no>Description</no>: <no>The</no> <no>system</no> <no>provides</no> <no>a</no> <no>utility</no> <no>and</no> <class>reports</class> <no>for</no> <association>identifying</association> <class>item</class> <class>records</class> <no>to</no> <method>purge</method>, <no>based</no> <no>on</no> <no>customizable</no> <no>criteria</no> <no>such</no> <no>as</no>: <no>an</no> <class>item</class> <no>has</no> <no>been</no> <no>in</no> <attribute>status</attribute> &quot;<no>missing</no>&quot; <no>for</no> <no>more</no> <no>than</no> <no>X</no> <no>months</no>; <no>an</no> <class>item</class> <no>has</no> <attribute>status</attribute> &quot;<no>discard</no>/<no>weed</no>&quot;. <no>The</no> <no>system</no> <no>has</no> <no>a</no> <class>report</class> <no>to</no> <no>assist</no> <no>in</no> <no>the</no> <method>conversion</method> <no>of</no> <class>items</class> <no>from</no> <no>one</no> <no>status</no> <no>to</no> <no>another</no>. <no>The</no> <no>system</no> <no>provides</no> <no>a</no> <no>last</no> <no>copy</no> <class>report</class> <no>that</no> <no>would</no> <no>single</no> <no>out</no> <no>a</no> <no>library</no> <no>system</no><no>&apos;s</no> <no>last</no> <no>copies</no>, <no>to</no> <method>assist</method> <method>catalogers</method> <no>who</no> <no>need</no> <no>to</no> <no>edit</no> <no>WorldCat</no> <no>entries</no>. <no>The</no> <no>system</no> <no>provides</no> <no>a</no> <no>quick</no> <no>effective</no> <no>method</no> <no>of</no> <method>deleting</method> <no>volume</no> <method>entries</method> <no>along</no> <no>with</no> <no>copy</no> <no>entries</no>, <no>as</no> <no>well</no> <no>as</no> <class>records</class> <no>with</no> <no>no</no> <class>items</class> <no>attached</no>.
<no>Req</no> <no>ID</no>: <no>PINES</no>-<no>022</no> <no>Priority</no>: <no>1</no>
<no>Name</no>: <method>deletions</method>
<no>Description</no>: <no>Ability</no> <no>to</no> <method>count</method> <no>and</no> <method>track</method> <class>record</class> <method>deletions</method> (e.g. <class>item</class> <class>records</class>, <class>patron</class> <class>records</class>) per location <no>and</no> per <no>system</no>.
<no>Source</no>: <no>RWG</no>
<no>Category</no>: <no>Management</no> <no>Tools</no>: <class>Patron</class> <class>Records</class>
<no>Req</no> <no>ID</no>: <no>PINES</no>-<no>023</no> <no>Priority</no>: <no>1</no>
<no>Name</no>: <class>patron</class> <attribute>characteristics</attribute>
<no>Description</no>: <class>Queries</class> <no>and</no> <class>reports</class> <no>can</no> <no>be</no> <no>limited</no> <no>or</no> <method>grouped</method> <no>by</no> <no>various</no> <class>patron</class> <attribute>characteristics</attribute>, <no>including</no>: <attribute>age range</attribute>, <attribute>zip code</attribute>, <attribute>county</attribute> <no>of</no> <no>residence</no>, <attribute>home</attribute> <class>branch</class>, <class>patron</class> <attribute>type</attribute>, <no>and</no> <no>preferred</no> <attribute>language</attribute>.
<no>Source</no>: <no>RWG</no>
<no>Req</no> <no>ID</no>: <no>PINES</no>-<no>024</no> <no>Priority</no>: <no>1</no>
<no>Name</no>: <method>inactive</method> <class>patrons</class><class>report</class>
<no>Description</no>: <no>The</no> <no>system</no> <method>generates</method> <no>a</no> <no>list</no> <no>of</no> <class>patrons</class> <no>with</no> <no>no</no> <no>circulation</no> <no>or</no> <no>electronic</no> <no>activity</no> <no>in</no> <no>the</no> <no>last</no> <no>X</no> <no>days</no> (<no>X</no> <no>configurable</no>).  <no>List</no> <no>should</no> <no>be</no> <no>configurable</no> <no>to</no> <no>System</no>, <attribute>Home</attribute> <attribute>Library</attribute>, <attribute>County</attribute>, <no>etc</no>.
<no>Source</no>: <no>RWG</no>
<no>Category</no>: <no>Management</no> <no>Tools</no>: <class>Transaction</class> <class>Records</class>
<no>Req</no> <no>ID</no>: <no>PINES</no>-<no>025</no> <no>Priority</no>: <no>1</no>
<no>Name</no>: <class>transaction</class> <no>history</no>
<no>Description</no>: <class>Transaction</class> <method>history</method> <no>is</no> <method>maintained</method> <no>for</no> <no>X</no> <attribute>days</attribute> (<no>X</no> <no>is</no> <no>configurable</no>);<no>monthly</no> <no>and</no> <no>annual</no> <method>aggregate</method> <method>information</method> <no>is</no> <no>maintained</no> <no>indefinitely</no>.
<no>Related</no> <no>Reqs</no>: <no>Related</no> <no>Process</no>
<no>Source</no>: <no>RWG</no>
<no>Req</no> <no>ID</no>: <no>PINES</no>-<no>026</no> <no>Priority</no>: <no>1</no>
<no>Name:</no> <no>examples</no> <no>of</no> <no>useful</no> <no>backroom</no> <no>statistics</no>
<no>Description</no>: <class>Transactions</class> <no>can</no> <no>be</no> <method>grouped</method> <no>by</no> <attribute>hour</attribute>, <attribute>terminal</attribute>, <class>branch</class>, <no>and</no> <no>system</no>. <class>Transactions</class> <no>include</no> <attribute>check-ins</attribute>, <attribute>check-outs</attribute>, <attribute>fines</attribute> <no>collected</no>, <class>patron</class> <attribute>registrations</attribute>, <no>etc</no>., <no>and</no> <no>can</no> <no>be</no> <method>queried</method> <no>by</no> <no>all</no> <class>transactions</class> <no>or</no> <no>by</no> <attribute>type</attribute> <no>of</no> <class>transaction</class>.
<no>Source</no>: <no>RWG</no>
<no>Req</no> <no>ID</no>: <no>PINES</no>-<no>027</no> <no>Priority</no>: <no>1</no>
<no>Name:</no> <attribute>types</attribute> <no>of</no> <method>check-in</method>
<no>Description</no>: <no>The</no> <no>system</no> <method>counts</method> <no>all</no> <no>types</no> <no>of</no> <method>check-in</method> <no>individually</no> <no>and</no> <no>cumulatively</no>: <attribute>book-drop</attribute>, <no>by</no> <attribute>terminal</attribute>, <no>by</no> <attribute>user</attribute> <no>or</no> <attribute>self-service</attribute>.
<no>Source</no>: <no>RWG</no>
<no>Req</no> <no>ID</no>: <no>PINES</no>-<no>028</no> <no>Priority</no>: <no>1</no>
<no>Name:</no> <attribute>types</attribute> <no>of</no> <method>check-out</method>
<no>Description</no>: <no>The</no> <no>system</no> <method>counts</method> <no>all</no> <no>types</no> <no>of</no> <method>check-out</method> <no>individually</no> <no>and</no> <no>cumulatively</no>: <class>staff</class> <attribute>check-out</attribute>, <no>self</no> <attribute>check-out</attribute>, <class>staff</class> <attribute>renewal</attribute>, <no>self</no> <attribute>checkout renewal</attribute>, <attribute>online renewal</attribute>, <attribute>OPAC renewal</attribute>.
<no>Source</no>: <no>RWG</no>
<no>Req</no> <no>ID</no>: <no>PINES</no>-<no>029</no> <no>Priority</no>: <no>1</no>
<no>Name:</no> <attribute>holds</attribute> <no>and</no> <attribute>locations</attribute>
<no>Description</no>: <no>The</no> <no>system</no> <method>counts</method> <no>all</no> <attribute>hold</attribute> <no>requests</no>, <no>including</no> <no>how</no> <no>the</no> <attribute>hold</attribute> <no>was</no> <method>placed</method>: <no>at</no> <no>a</no> <class>staff</class> <no>desk</no>, <no>at</no> <no>a</no> <no>public</no> <no>computer</no> <no>inside</no> <no>the</no> <no>library</no>, <no>or</no> <no>remotely</no>.
<no>Source</no>: <no>RWG</no>
<no>Req</no> <no>ID</no>: <no>PINES</no>-<no>030</no> <no>Priority</no>: <no>1</no>
<no>Name:</no> <class>transactions</class> <class>report</class>
<no>Description</no>: <no>The</no> <no>system</no> <no>can</no> <method>generate</method> <no>a</no> <class>report</class> <no>of</no> <class>transactions</class> (<no>holds</no> <no>placed</no>, <no>holds</no> <no>filled</no>, <no>and</no> <no>check-outs</no>) <no>per</no> <class>patron</class>, <no>per</no> <attribute>library</attribute>, <no>per</no> <no>selected</no> <attribute>group</attribute> <no>o</no> <no>libraries</no>, <no>per</no> <no>system</no>, <no>per</no> <attribute>county</attribute>. <no>The</no> <no>system</no> <method>displays</method> <no>the</no> <attribute>number of check-outs</attribute> <no>and</no> <no>placed</no> <attribute>holds</attribute> <no>per</no> <class>patron</class>. <no>Holds</no> <no>are</no> <method>subtotaled</method> <no>by</no> <attribute>type</attribute>, <no>e.g</no>. <no>active</no>, <no>frozen</no>, <no>and</no> <no>frozen-until</no> <no>holds</no>.
<no>Source</no>: <no>RWG</no>
<no>Category</no>: <no>Management</no> <no>Tools</no>: <class>Financial</class> <class>Records</class>
<no>Req</no> <no>ID</no>: <no>PINES</no>-<no>031</no> <no>Priority</no>: <no>1</no>
<no>Name:</no> <attribute>value</attribute> <no>of</no> <class>items</class> <class>report</class>
<no>Description</no>: <no>The</no> <no>system</no> <no>can</no> <method>generate</method> <no>a</no> <class>report</class> <no>of</no> <no>the</no> <attribute>value</attribute> <no>of</no> <class>items</class> (<no>based</no> <no>on</no> <no>data</no> <no>in</no> <class>item</class> <class>record</class>) <no>in</no> <no>the</no> <no>entire</no> <no>collection</no> <no>or</no> <no>a</no> <no>portion</no>. <no>Example</no>: <class>staff</class> <no>can</no> <method>obtain</method> <attribute>value</attribute> <no>of</no> <no>all</no> <class>items</class> <no>with</no> <attribute>status</attribute> <no>of</no> <no>longoverdue</no>, <no>or</no> <attribute>value</attribute> <no>of</no> <no>all</no> <attribute>dvds</attribute> <no>in</no> <no>children&apos;s</no> <no>collection</no>, <no>or</no> <no>value</no> <no>of</no> <no>entire</no> <no>collection</no>.
<no>Source</no>: <no>RWG</no>
<no>Req</no> <no>ID</no>: <no>PINES</no>-<no>032</no> <no>Priority</no>: <no>1</no>
<no>Name:</no> <no>standard</no> <no>accounting</no> <no>practice</no> <no>and</no> <no>auditing</no> <no>requirements</no>
<no>Description</no>: <no>All</no> <class>reports</class> <no>and</no> <no>data</no> <method>archiving</method> <no>must</no> <no>comply</no> <no>with</no> <no>standard</no> <attribute>accounting</attribute> <no>practice</no> <no>and</no> <attribute>state</attribute>, <attribute>county</attribute>, <no>and</no> <attribute>municipal auditing</attribute> <no>requirements</no>.
<no>Source</no>: <no>RWG</no>
<no>Req</no> <no>ID</no>: <no>PINES</no>-<no>033</no> <no>Priority</no>: <no>1</no>
<no>Name:</no> <class>financial data</class> (<class>patrons</class>)
<no>Description</no>: <attribute>Fines</attribute>, <attribute>charges</attribute>, <attribute>waivers</attribute>, <no>and</no> <no>ecommerce</no> <class>transactions</class> <no>are</no> <association>attached</association> <no>to</no> <class>patron</class> <no>and</no> <class>item</class> <class>records</class>. <no>System</no> <method>tracks</method> <method>fines</method> <no>waived</no> <no>and</no> <method>payments</method> <no>made</no> <no>per</no> <attribute>library</attribute>. <class>Financial information</class> <no>can</no> <no>be</no> <method>updated</method> <no>easily</no>. <no>As</no> <no>an</no> <no>example</no>, <no>a</no> <class>staff</class> <no>user</no> <no>can</no> <no>easily</no> <class>query</class> <class>patron</class> <attribute>accounts</attribute> <no>with</no> <attribute>balances </attribute><no>greater</no> <no>than</no> <no>X</no> <no>dollars</no>.
<no>Source</no>: <no>RWG</no>
<no>Req</no> <no>ID</no>: <no>PINES</no>-<no>034</no> <no>Priority</no>: <no>1</no>
<no>Name:</no> <class>financial</class> <class>reports</class>
<no>Description</no>: <no>The</no> <no>system</no> <method>provides</method> <class>financial</class> <class>reports</class> <no>including</no>: <class>patron</class> <attribute>account</attribute> <no>balances</no> <no>by</no> <class>patron</class>, <attribute>home library</attribute>, <no>and</no> <no>system</no>; <attribute>fines</attribute> <no>and</no> <attribute>charges</attribute> <no>accrued</no> <no>per</no> <no>time</no> <no>period</no> (<no>e.g</no>. <no>last</no> <no>twelve</no> <attribute>months</attribute>, <attribute>YTD</attribute>, <no>last</no> <no>month</no>) <no>and</no> per <attribute>type</attribute> <no>of</no> <attribute>charge</attribute> (<attribute>overdue fines</attribute>, <attribute>damaged</attribute> <class>item</class> <attribute>charges</attribute>, <attribute>lost</attribute> <class>item</class> <attribute>charges</attribute>, <no>etc</no>.); <no>fines</no> <no>waived</no> <no>per</no> <no>time</no> <no>period</no> <no>and</no> <no>per</no> <class>branch</class>; <attribute>payments</attribute> <no>made</no> <no>per</no> <no>time</no> <no>period</no> <no>and</no> <no>per</no> <no>payment</no> <no>method</no> (<no>e.g</no>. <class>staff</class> <no>desk</no>, <no>self-check</no> <no>station</no>, <no>OPAC</no>).
<no>Source</no>: <no>RWG</no>
<no>Req</no> <no>ID</no>: <no>PINES</no>-<no>035</no> <no>Priority</no>: <no>1</no>
<no>Name:</no> <class>financial audit</class> trail
<no>Description</no>: <no>The</no> <no>system</no> <method>maintains</method> <no>a</no> <no>ledger</no> <no>of</no> <class>patron</class> <attribute>payments</attribute>, <no>including</no> <no>which</no> <attribute>charges</attribute> <no>payments</no> <no>are</no> <no>applied</no> <no>to</no>, <no>to</no> <no>facilitate</no> <attribute>reconciliation</attribute>.
<no>Source</no>: <no>RWG</no></document>
