<document><no>3</no>. <no>System</no> <no>Features</no> 
<no>3.1</no> <no>Torrent</no> <no>Search</no> 
<no>3.1.1</no> <no>Description</no> <no>and</no> <no>Priority</no> 
<no>The</no> <class>user</class> <no>will</no> <method>give</method> <no>a</no> <method>search-term</method> <no>that</no> <no>will</no> <no>search</no> <no>through</no> <no>a</no> <class>database</class> <no>of</no> <no>compatible</no> <no>torrent</no> <no>websites</no> <no>that</no> <no>are</no> <no>added</no> <no>by</no> <no>the</no> <no>development</no> <no>team</no>. <no>The</no> <class>results</class> <no>of</no> <no>this</no> <no>search</no> <no>will</no> <no>be</no> <method>displayed</method> <no>as</no> <method>web links</method> <no>in</no> <no>a</no> <no>tab</no> <no>on</no> <no>the</no> <no>program</no><no>’s</no> <no>main</no> <no>window</no>. <no>This</no> <no>is</no> <no>one</no> <no>of</no> <no>the</no> <no>main</no> <no>features</no> <no>of</no> <no>the</no> <no>software</no> <no>and</no> <no>therefore</no> <no>has</no> <no>a</no> <no>high</no> <no>priority</no> <no>for</no> <no>development</no>. 
<no>3.1.2</no> <no>Stimulus</no>/<no>Response</no> <no>Sequences</no> 
<class>User</class> <no>ticks</no> <no>torrent</no> <no>tick</no> <no>box</no> <no>–</no> <no>system</no> <no>will</no> <no>now</no> <no>query</no> <no>the</no> <no>torrent</no> <no>websites</no> <no>in</no> <no>its</no> <no>database</no> <no>when</no> <no>a</no> <no>search</no> <no>is</no> <no>started</no>. 
<class>User</class> <method>enters</method> <method>search term</method> <no>and</no> <no>starts</no> <method>search</method> – <no>system</no> <method>sends</method> <method>queries</method> <no>to</no> <no>the</no> <class>torrent websites</class> <no>in</no> <no>its</no> <no>database</no> <no>based</no> <no>on</no> <no>the</no> <no>search</no> <no>term</no>. <class>Results</class> <no>for</no> <no>this</no> <no>query</no> <no>will</no> <no>then</no> <no>be</no> <method>sent</method> <no>to</no> <no>the</no> <method>torrent tab</method> <no>in</no> <no>the</no> <no>program</no> <no>where</no> <no>they</no> <no>will</no> <no>display</no> <no>information</no> <no>such</no> <no>as</no> <attribute>website</attribute>, <attribute>seeds</attribute>, <attribute>peers</attribute>, <attribute>size</attribute>, <attribute>date posted</attribute> <no>and</no> <no>a</no> <attribute>link</attribute> <no>for</no> <no>the</no> <no>webpage</no>.  
<class>User</class> sorts <no>the</no> search <class>results</class> <no>by</no> <no>clicking</no> <no>once</no> <no>on</no> <no>a</no> <no>column</no> <no>header</no> <no>–</no> <no>system</no> <no>sorts</no> <no>all</no> <no>results</no> <no>by</no> <no>descending</no>/<no>ascending</no> <no>order</no>. 
<class>User</class> <method>clicks</method> <no>on</no> <method>next page button</method> – <no>system</no> <method>displays</method> <no>the</no> <method>next set</method> <no>of</no> <class>results</class> <no>for</no> <no>the</no> <no>search</no>. 
<no>3.1.3</no> <no>Functional</no> <no>Requirements</no> 
<no>REQ</no>-<no>1</no>: <no>Torrent</no> <no>search</no> <no>will</no> <no>share</no> <no>the</no> <no>same</no> <no>search</no> <no>bar</no> <no>with</no> <no>the</no> <no>streaming</no> <no>search</no>. 
<no>REQ</no>-<no>2</no>: <class>Database</class> <no>of</no> <no>torrent</no> <no>sites</no> <no>can</no> <no>be</no> <method>updated</method> via <no>the</no> internet. 
<no>REQ</no>-<no>3</no>: <no>There</no> <no>will</no> <no>be</no> <no>a</no> <no>tick</no> <no>box</no> <no>to</no> <no>allow</no> <no>the</no> <class>user</class> <no>to</no> <method>choose</method> <no>to</no> <no>include</no> <class>torrent searching</class> <no>in</no> <no>the</no> <no>search</no>. 
<no>REQ</no>-<no>4</no>: <class>Query</class> <no>will</no> <method>retrieve</method> <no>the</no> <attribute>no. of seed</attribute> <no>and</no> <attribute>peers</attribute>, <attribute>size </attribute><no>of</no> <no>the</no> <attribute>file</attribute>, <attribute>date posted</attribute> <no>and</no> <no>a</no> <attribute>link</attribute> <no>to</no> <no>the</no> webpage itself. 
<no>REQ</no>-<no>5</no>: <no>If</no> <no>no</no> <no>results</no> <no>are</no> <no>found</no> <no>on</no> <no>a</no> <no>search</no> <no>it</no> <no>will</no> <attribute>display</attribute> <no>a</no> <attribute>message</attribute> “<no>No</no> <no>results</no> <no>were</no> <no>found</no> <no>for</no> <no>this</no> <no>search</no>.” 
<no>REQ</no>-<no>6</no>: <class>Results</class> <no>will</no> <no>be</no> <method>arranged</method> <no>in</no> <no>size</no>/<no>date</no>/<no>alphabetical</no> <no>order</no> <no>by</no> <no>clicking</no> <no>on</no> <no>the</no> <no>column</no> <no>headers</no>. 
<no>REQ</no>-<no>7</no>: <no>There</no> <no>will</no> <no>be</no> <no>page</no> <no>button</no> <no>for</no> <no>the</no> <class>user</class> <no>to</no> navigate <no>the</no> <class>results</class>. 
 
<no>3.2</no> <no>Video</no> <no>Stream</no> <no>Search</no> 
<no>3.2.1</no> <no>Description</no> <no>and</no> <no>Priority</no> 
<no>This</no> <no>feature</no> <no>will</no> <no>search</no> <no>a</no> <no>term</no> <no>the</no> <class>user</class> <no>enters</no>, <no>through</no> <no>a</no> <class>database</class> <no>of</no> <no>compatible</no> <no>video</no> <no>streaming</no> <no>websites</no> <no>that</no> <no>are</no> <no>added</no> <no>by</no> <no>the</no> <no>development</no> <no>team</no>. <no>The</no> <no>video</no> <no>websites</no> <no>will</no> <no>range</no> <no>from</no> <no>sites</no> <no>that</no> <no>actually</no> <no>host</no> <no>video</no> <no>such</no> <no>as</no> <no>MegaVideo</no>, <no>YouTube</no>, <no>etc</no> <no>as</no> <no>well</no> <no>as</no> <no>websites</no> <no>that</no> <no>show</no> <no>links</no> <no>to</no> <no>videos</no> <no>hosted</no> <no>on</no> <no>other</no> <no>sites</no> <no>such</no> <no>as</no> <no>surfthechannel.com</no>, <no>alluc.org</no>, <no>etc</no>. <no>The</no> <no>results</no> <no>will</no> <no>be</no> <no>displayed</no> <no>in</no> <no>a</no> <no>tab</no> <no>on</no> <no>the</no> <no>programs</no> <no>main</no> <no>window</no>. <no>This</no> <no>tab</no> <no>will</no> <no>be</no> <no>split</no> <no>horizontally</no> <no>into</no> <no>two</no> <no>sections</no>, <no>the</no> <no>top</no> <no>half</no> <no>for</no> <no>the</no> <class>video hosting sites</class> <no>and</no> <no>the</no> <no>bottom</no> <no>half</no> <no>for</no> <no>the</no> <class>video link sites</class>. <no>This</no> <no>is</no> <no>another</no> <no>of</no> <no>the</no> <no>main</no> <no>features</no> <no>of</no> <no>the</no> <no>software</no> <no>and</no> <no>also</no> <no>has</no> <no>a</no> <no>higher</no> <no>priority</no> <no>for</no> <no>development</no>. 
<no>3.2.2</no> <no>Stimulus</no>/<no>Response</no> <no>Sequences</no> 
<class>User</class> <method>ticks</method> <method>streaming host</method> <no>tick</no> <no>box</no> <no>–</no> <no>system</no> <no>will</no> <no>now</no> <method>query</method> <no>the</no> <class>video hosting sites</class> <no>in</no> <no>its</no> <class>database</class> <no>when</no> <no>a</no> <no>search</no> <no>is</no> <no>started</no>. <no>Hosting</no> <no>sites</no> <no>will</no> <no>include</no> <no>the</no> <no>actual</no> <no>videos</no> <no>on</no> <no>their</no> <no>servers</no>, <no>e.g</no>. <no>YouTube</no>. 
<class>User</class> <method>ticks</method> <method>streaming links</method> <no>tick</no> <no>box</no> <no>–</no> <no>system</no> <no>will</no> <no>now</no> <method>query</method> <no>the</no> <class>video link sites</class> <no>in</no> <no>its</no> <class>database</class> <no>when</no> <no>a</no> <no>search</no> <no>is</no> <no>started</no>. <no>The</no> <no>link</no> <no>sites</no> <no>will</no> <no>include</no> <no>external</no> <no>video</no> <no>links</no> <no>to</no> <no>different</no> <no>video</no> <no>hosting</no> <no>sites</no>, <no>e.g</no>. <no>surfthechannel.com</no>. 
<class>User</class> <method>enters</method> <method>search term </method><no>and</no> <no>starts</no> <method>search</method> – <no>system</no> <method>sends</method> <method>queries</method> <no>to</no> <no>the</no><method> video websites</method> <no>in</no> <no>its</no> <class>database</class> <no>based</no> <no>on</no> <no>the</no> <no>search</no> <no>term</no>. <class>Results</class> <no>for</no> <no>this</no> <no>query</no> <no>will</no> <no>then</no> <no>be</no> <method>sent</method> <no>to</no> <no>the</no> <method>video stream tab</method> <no>in</no> <no>the</no> <no>program</no>. <no>The</no> <method>hosting half</method> <no>of</no> <no>the</no> <no>tab</no> <method>displays</method> <no>the</no> <method>website</method>, <attribute>full video name</attribute>, <attribute>length</attribute> <no>and</no> <attribute>date posted</attribute>. <no>The</no> <method>link half</method> <no>of</no> <no>the</no> tab <method>displays</method> <no>the</no> <attribute>website</attribute> <no>and</no> <attribute>video name</attribute> (<no>e.g</no>. <no>combination</no> <no>of</no> <no>the</no> <no>show</no><no>’s</no> <no>name</no> <no>and</no> <no>the</no> <no>episode</no> <no>name</no>). 
<class>User</class> sorts <no>the</no> <no>search</no> <class>results</class> <no>by</no> <no>clicking</no> <no>once</no> <no>on</no> <no>the</no> <no>column</no> <no>header</no> <no>–</no> <no>system</no> <no>sorts</no> <no>all</no> <no>results</no> <no>by</no> <no>descending</no>/<no>ascending</no> <no>order</no>. 
<class>User</class> <method>filters</method> <method>websites</method> <no>they</no> <no>want</no> <no>to</no> <no>be</no> <no>shown</no> <no>in</no> <no>the</no> <no>results</no> <no>–</no> <no>system</no> <no>removes</no> <no>unselected</no> <no>websites</no> <no>from</no> <no>the</no> <no>results</no>. 
<class>User</class> <no>clicks</no> <no>on</no> <no>next</no> <no>page</no> <no>button</no> <no>–</no> <no>system</no> <no>displays</no> <no>the</no> <no>next</no> <no>set</no> <no>of</no> <no>results</no> <no>for</no> <no>the</no> <no>search</no>. 
<no>3.2.3</no> <no>Functional</no> <no>Requirements</no> 
<no>REQ</no>-<no>1</no>: <no>Streaming</no> <no>search</no> <no>will</no> <no>share</no> <no>the</no> <no>same</no> <no>search</no> <no>bar</no> <no>with</no> <no>the</no> <no>torrent</no> <no>search</no>. 
<no>REQ</no>-<no>2</no>: <class>Database</class> <no>of</no> <no>video</no> <no>hosting</no> <no>and</no> <no>video</no> <no>linking</no> <no>sites</no> <no>can</no> <no>be</no> <method>updated</method> <no>via</no> <no>the</no> <no>internet</no>. 
<no>REQ</no>-<no>3</no>: <no>There</no> <no>will</no> <no>be</no> <no>a</no> <no>tick</no> <no>box</no> <no>to</no> <no>allow</no> <no>the</no> <class>user</class> <no>to</no> <method>choose</method> <no>to</no> <no>include</no> <method>video hos</method>t <no>searching</no> <no>in</no> <no>the</no> <no>search</no>. 
<no>REQ</no>-<no>4</no>: <no>There</no> <no>will</no> <no>be</no> <no>a</no> <no>tick</no> <no>box</no> <no>to</no> <no>allow</no> <no>the</no> <class>user</class> <no>to</no> <method>choose</method> <no>to</no> <no>include</no> <method>video link</method> <no>searching</no> <no>in</no> <no>the</no> <no>search</no>. 
<no>REQ</no>-<no>5</no>: <method>Query</method> <no>to</no> <class>video hosting sites</class> <no>will</no> <method>retrieve</method> <attribute>full video name</attribute>, <attribute>length</attribute>, <attribute>date</attribute> <attribute>posted</attribute> <no>and</no> <no>a</no> <attribute>link</attribute> <no>to</no> <no>the</no> <no>video</no> <no>itself</no>. 
<no>REQ</no>-<no>6</no>: <method>Query</method> <no>to</no><class> video link sites</class> <no>will</no> <method>retrieve</method> <no>the</no> <attribute>show</attribute>’s <attribute>name</attribute>, <attribute>episode name</attribute> <no>and</no> <no>a</no> <attribute>link</attribute> <no>to</no> <no>the</no> <no>webpage</no> <no>itself</no>. 
<no>REQ</no>-<no>7</no>: <no>If</no> <no>no</no> <no>results</no> <no>are</no> <no>found</no> <no>on</no> <no>a</no> <no>search</no> <no>it</no> <no>will</no> <method>display</method> <no>a</no> <method>message</method> “<no>No</no> <no>results</no> <no>were</no> <no>found</no> <no>for</no> <no>this</no> <no>search</no>.” 
<no>REQ</no>-8: <class>Results</class> <no>will</no> <no>be</no> <method>arranged</method> <no>in</no> <no>length</no>/<no>date</no>/<no>alphabetical</no> <no>order</no> <no>by</no> <no>clicking</no> <no>on</no> <no>the</no> <no>column</no> <no>headers</no>. 
<no>REQ</no>-<no>9</no>: <no>There</no> <no>will</no> <no>be</no> <no>page</no> <no>button</no> <no>for</no> <no>the</no> <class>user</class> <no>to</no> navigate <no>the</no> <class>results</class>. 

</document>
