<document><no>4.</no> <no>Functional</no> <no>Requirements</no> 
<no>This</no> <no>section</no> <no>provides</no> <no>a</no> <no>description</no> <no>of</no> <no>the</no> <no>functional</no> <no>requirements</no>. <no>There</no> <no>is</no> <no>a</no> <no>DH</no> <no>Use Case</no> <no>Model</no> <no>in</no> <no>the</no> <no>Appendix</no>, <no>which</no> <no>provides</no> <no>an</no> <no>overview</no> <no>of</no> <no>the</no> <no>system</no> <no>functionality</no> <no>and</no> <no>shows</no> <no>the</no> <no>relationships</no> <no>between</no> <no>the</no> <no>DigitalHome</no> <no>System</no> <no>entities</no>. 
<no>4.1</no> <no>General</no> <no>Requirements</no> 
<no>4.1.1</no> <no>The</no> <class>DigitalHome</class> <no>System</no> <no>shall</no> <association>allow</association> <no>a</no> <no>web-ready</no> <class>computer</class>, <class>cell phone</class> <no>or</no> <class>PDA</class> <no>to</no> <method>control</method> <no>a</no> <class>home</class><no>&apos;s</no> <attribute>temperature</attribute>, <attribute>humidity</attribute>, <attribute>lights</attribute>, <attribute>security</attribute>, <no>and</no> <no>the</no> <attribute>state</attribute> <no>of</no> <no>small</no> <no>appliances</no>.  
<no>4.1.2</no> <no>The</no> <no>communication</no> <no>center</no> <no>of</no> <no>the</no> <no>DH</no> <no>system</no> <no>shall</no> <no>be</no> <no>a</no> <no>DH</no> <class>home</class> <no>web</no> <no>server</no>, <no>through</no> <no>which</no> <no>a</no> <class>user</class> <no>shall</no> <no>be</no> <no>able</no> <no>to</no> <association>monitor</association> <no>and</no> <association>control</association> <class>home</class> <class>devices</class> <no>and</no> <no>systems</no>. 
<no>4.1.3</no> <no>Each</no> <class>DigitalHome</class> <no>shall</no> <generalization>contain</generalization> <no>a</no> <class>master control device</class> (<no>the</no> <no>DH</no> <no>Gateway</no> <class>Device</class>) <no>that</no> <method>connects</method> <no>to</no> <no>the</no> <class>home</class><no>’s</no> <attribute>broadband Internet connection</attribute>, <no>and</no> <no>uses</no> <no>wireless</no> <no>communication</no> <no>to</no> <method>send</method> <no>and</no> <method>receive</method> <association>communication</association> <no>between</no> <no>the</no> <class>DigitalHome</class> <no>system</no> <no>and</no> <no>the</no> <class>home</class> <class>devices</class> <no>and</no> <no>systems</no>. 
<no>4.1.4</no> <no>The</no> <class>DigitalHome</class> <no>shall</no> <no>be</no> <association>equipped</association> <no>with</no> <no>various</no> <class>environmental controllers</class> <no>and</no> <class>sensors</class> (<no>temperature</no> <no>controller-sensors</no>: <no>thermostats</no>, <no>humidity</no> <no>controller-sensors</no>: <no>humidistats</no>, <no>contact</no> <no>sensors</no>, <no>security</no> <no>sound</no> <no>and</no> <no>light</no> <no>alarms</no>, <no>and</no> <no>power</no> <no>switches</no>).  
<no>4.1.5</no> <no>Using</no> <no>wireless</no> <no>communication</no>, <class>sensor</class> <attribute>values</attribute> <no>can</no> <no>be</no> <method>read</method> <no>and</no> <method>saved</method> <no>in</no> <no>the</no> <class>home</class> <attribute>database</attribute>. 
<no>4.1.6</no> <class>Controller</class> <attribute>values</attribute> <no>can</no> <no>be</no> <association>sent</association> <no>to</no> <class>controllers</class> <no>to</no> <method>change</method> <no>the</no> <no>DH</no> <method>environment</method>. 

<no>4.2</no> <class>Thermostat</class> <no>Requirements</no> 
<no>4.2.1</no> <no>The</no> <class>DigitalHome</class> <no>programmable</no> <class>thermostat</class> <no>shall</no> <no>allow</no> <no>a</no> <class>user</class> <no>to</no> <method>monitor</method> <no>and</no> <method>control</method> <no>a</no> <class>home</class><no>’s</no> <attribute>temperature</attribute> <no>from</no> <no>any</no> <attribute>location</attribute>, <no>using</no> <no>a</no> <no>web</no> <no>ready</no> <class>computer</class>, <class>cell phone</class>, <no>or</no> <class>PDA</class>. 
<no>4.2.1.1</no> <no>A</no> <no>DH</no> <class>user</class> <no>shall</no> <no>be</no> <no>able</no> <no>to</no> <method>read</method> <no>the</no> <method>temperature</method> <no>at</no> <no>a</no> <class>thermostat</class> <no>position</no>. 
<no>4.2.1.2</no> <no>A</no> <no>DH</no> <class>user</class> <no>shall</no> <no>be</no> <no>able</no> <no>to</no> <association>set</association> <no>the</no> <class>thermostat</class> <attribute>temperatures</attribute> <no>to</no> <no>between</no> <no>60</no> <no>° F</no> <no>and</no> <no>80</no> <no>° F</no>, <no>inclusive</no>, <no>at</no> <no>one</no> <no>degree</no> <no>increments</no>. 
<no>4.2.2</no> <no>Up</no> <no>to</no> <attribute>eight</attribute> <class>thermostats</class> <no>shall</no> <no>be</no> <method>placed</method> <no>in</no> <attribute>rooms</attribute> <no>throughout</no> <no>the</no> <class>home</class>. 
<no>4.2.2.1</no> <no>The</no> <class>thermostats</class> <no>may</no> <no>be</no> <method>controlled</method> <no>individually</no> <no>or</no> <no>collectively</no>, <no>so</no> <no>that</no> <attribute>temperature</attribute> <no>can</no> <no>be</no> <method>controlled</method> <no>at</no> <no>different</no> <no>levels</no> <no>in</no> <no>different</no> <class>home</class> <attribute>spaces</attribute>. 
<no>4.2.2.2</no> <no>A</no> <no>single</no> <class>thermostat</class> <no>shall</no> <no>be</no> <method>placed</method> <no>in</no> <no>an</no> <attribute>enclosed</attribute> <attribute>space</attribute> (<no>e.g</no>., <no>a</no> <no>room</no> <no>in</no> <no>the</no> <no>house</no>) <no>for</no> <no>which</no> <no>the</no> <no>air</no> <no>temperature</no> <no>is</no> <no>to</no> <no>be</no> <no>controlled</no>. 
<no>4.2.2.3</no> <no>For</no> <no>each</no> <class>thermostat</class>, <no>up</no> <no>to</no> <no>twenty-four</no> <no>one</no> <no>hour</no> <no>settings</no> <no>per</no> <no>day</no> <no>for</no> <no>every</no> <no>day</no> <no>of</no> <no>the</no> <no>week</no> <no>can</no> <no>be</no> <method>scheduled</method>. 
<no>4.2.2.4</no> <no>If</no> <no>a</no> <class>thermostat</class> <class>device</class> <no>allows</no> <no>a</no> <class>user</class> <no>to</no> <no>make</no> <no>a</no> <method>manual</method> <attribute>temperature</attribute> <class>setting</class>, <no>the</no> <class>setting</class> <no>shall</no> <no>remain</no> <no>in</no> <method>effect</method> <no>until</no> <no>the</no> <no>end</no> <no>of</no> <no>the</no> <no>planned</no> <no>or</no> <no>default</no> <attribute>time period</attribute>, <no>at</no> <no>which</no> <no>time</no> <no>the</no> <no>planned</no> <no>or</no> <no>default</no> <no>setting</no> <no>will</no> <no>be</no> <no>used</no> <no>for</no> <no>the</no> <no>next</no> <no>time</no> <no>period</no>.  
<no>4.2.3</no> <no>A</no> <class>thermostat</class> <no>unit</no> <no>shall</no> <method>communicate</method>, <no>through</no> <no>wireless</no> <no>signals</no>, <no>with</no> <no>the</no> <class>master control unit</class>.  
<no>4.2.4</no><no> </no><no>The</no> <no>system</no> <no>shall</no> <method>support</method> <attribute>Fahrenheit</attribute> <no>and</no> <attribute>Celsius</attribute> <attribute>temperature</attribute> <no>values</no>. 
<no>4.2.5</no> <no>The</no> <no>system</no> <no>shall</no> <no>be</no> <method>compatible</method> <no>with</no> <no>a</no> <class>centralized HVAC</class> (<no>Heating</no>, <no>Ventilation</no> <no>and</no> <no>Air</no> <no>Conditioning</no>) <no>systems</no>: <no>gas</no>, <no>oil</no>, <no>electricity</no>, <no>solar</no>, <no>or</no> <no>a</no> <no>combination</no> <no>of</no> <no>two</no> <no>or</no> <no>more</no>. <no>The</no> <no>system</no> <no>shall</no> <no>adhere</no> <no>to</no> <no>the</no> <no>standards</no>, <no>policies</no> <no>and</no> <no>procedures</no> <no>of</no> <no>the</no> <no>American</no> <no>Society</no> <no>of</no> <no>Heating</no>, <no>Refrigerating</no> <no>and</no> <no>Air-Conditioning</no> <no>Engineers</no> [<no>ASHRAE</no> <no>2010</no>]. 
<no>4.3</no> <class>Humidistat</class> <no>Requirements</no> 
<no>4.3.1</no> <no>The</no> <class>DigitalHome</class> <no>programmable</no> <class>humidistat</class> <no>shall</no> <no>allow</no> <no>a</no> <class>user</class> <no>to</no> <method>monitor</method> <no>and</no> <method>control</method> <no>a</no> <class>home</class>’s <attribute>humidity</attribute> <no>from</no> <no>any</no> <attribute>location</attribute>, <no>using</no> <no>a</no> <no>web</no> <no>ready</no> <class>computer</class>, <class>cell phone</class>, <no>or</no> <class>PDA</class>.  
<no>4.3.1.1</no> <no>A</no> <no>DH</no> <class>user</class> <no>shall</no> <no>be</no> <no>able</no> <no>to</no> <method>read</method> <no>the</no> <attribute>humidity</attribute> <no>at</no> <no>a</no> <class>humidistat</class> <no>position</no>. 
<no>4.3.1.2</no> <no>A</no> <no>DH</no> <class>user</class> <no>shall</no> <no>be</no> <no>able</no> <no>to</no> <method>set</method> <no>the</no> <method>humidity</method> <no>level</no> <no>for</no> <no>a</no> <class>humidistat</class>, <no>from</no> <no>30%</no> <no>to</no> <no>60%</no>, <no>inclusive</no> <no>a</no> <no>1%</no> <no>increments</no>. 
<no>4.3.2</no> <no>Up</no> <no>to</no> <no>eight</no> <class>humidistats</class> <no>shall</no> <no>be</no> <method>placed</method> <no>in</no> <attribute>rooms</attribute> <no>throughout</no> <no>the</no> <class>home</class>. 
<no>4.3.2.1</no> <no>A</no> <no>single</no> <class>humidistat</class> <no>shall</no> <no>be</no> <method>placed</method> <no>in</no> <no>an</no> <attribute>enclosed</attribute> <attribute>space</attribute> (<no>e.g</no>., <no>a</no> <no>room</no> <no>in</no> <no>the</no> <no>house</no>) <no>for</no> <no>which</no> <no>the</no> <attribute>humidity</attribute> <no>is</no> <no>to</no> <no>be</no> <method>controlled</method>. 
<no>4.3.2.2</no> <no>If</no> <no>a</no> <class>humdistat</class> <class>device</class> <no>allows</no> <no>a</no> <class>user</class> <no>to</no> <method>make</method> <no>a</no> <no>manual</no> <method>temperature</method> <class>setting</class>, <no>the</no> <class>setting</class> <no>shall</no> <no>remain</no> <no>in</no> <method>effect</method> <no>until</no> <no>the</no> <no>end</no> <no>of</no> <no>the</no> <no>planned</no> <no>or</no> <no>default</no> <attribute>time</attribute> <attribute>period</attribute>, <no>at</no> <no>which</no> <no>time</no> <no>the</no> <no>planned</no> <no>or</no> <no>default</no> <no>setting</no> <no>will</no> <no>be</no> <no>used</no> <no>for</no> <no>the</no> <no>next</no> <no>time</no> <no>period</no>.  
<no>4.3.2.3</no> <no>For</no> <no>each</no> <class>humidistat</class>, <no>up</no> <no>to</no> <no>twenty-four</no> <no>one</no> <no>hour</no> <no>settings</no> <no>per</no> <no>day</no> <no>for</no> <no>every</no> <no>day</no> <no>of</no> <no>the</no> <no>week</no> <no>can</no> <no>be</no> <method>scheduled</method>.  
<no>4.3.3</no> <no>A</no> <class>DigitalHome</class> <no>system</no> <no>shall</no> <no>use</no> <no>wireless</no> <no>signals</no> <no>to</no> <method>communicate</method>, <no>through</no> <no>the</no> <class>master control unit</class>, <no>with</no> <no>the</no> <class>humidistats</class>. 
<no>4.4</no> <class>Security</class> <no>System</no> <no>Requirements</no> 
<no>4.4.1</no> <no>The</no> <class>DigitalHome</class> <class>security</class> <no>system</no> <generalization>consists</generalization> <no>of</no> <class>contact</class> <class>sensors</class> <no>and</no> <no>a</no> <no>set</no> <class>security alarms</class>. 
<no>4.4.1.1</no> <no>A</no> <class>DigitalHome</class> <no>system</no> <no>shall</no> <no>be</no> <no>able</no> <no>to</no> <method>manage</method> <no>up</no> <no>to</no> <no>fifty</no> <class>door</class> <no>and</no> <no>window</no> <class>contact</class> <class>sensors</class>. 
<no>4.4.1.2</no> <no>A</no> <class>DigitalHome</class> <no>system</no> <no>shall</no> <no>be</no> <no>able</no> <no>to</no> <method>activate</method> <no>both</no> <class>light</class> <no>and</no> <class>sound alarms</class>: <no>one</no> <no>sound</no> <no>alarm</no> <no>and</no> <no>one</no> <no>light</no> <no>alarm</no> <no>subsystem</no>, <no>with</no> <no>multiple</no> <no>lights</no>. 
<no>4.4.2</no> <no>When</no> <no>a</no> <method>security</method> <method>breach</method> <no>occurs</no> <no>and</no> <no>a</no> <class>contact</class> <class>sensor</class> <no>is</no> <method>set</method> <method>OPEN</method>, <no>the</no> <class>alarm</class> <no>system</no> <no>shall</no> <no>be</no> <method>activated</method>. 
<no>4.5</no> <class>Appliance Management</class> <no>Requirements</no> 
<no>4.5.1</no> <no>The</no> <class>DigitalHome</class> <no>programmable</no> <class>Appliance Manager</class> <no>shall</no> <no>provide</no> <no>for</no> <association>management</association> <no>of</no> <no>a</no> <class>home</class><no>’s</no> <no>small</no> <attribute>appliances</attribute>, <no>including</no>  <attribute>lighting units</attribute>, <no>by</no>  <no>allowing</no>  <no>a</no> <class>user</class> <no>to</no> <method>turn</method> <no>them</no> <method>on</method> <no>or</no> <method>off</method> <no>as</no> <no>desired</no>. 
<no>4.5.2</no> <no>The</no> <class>Appliance Manager</class> <no>shall</no> <no>be</no> <no>able</no> <no>to</no> <method>manage</method> <no>up</no> <no>to</no> <no>one</no> <no>hundred</no> <no>115</no> <no>volt</no>, <no>10</no> <no>amp</no> <method>power switches</method>. 
<no>4.5.3</no>  <no>The</no> <no>system</no> <no>shall</no> <no>be</no> <no>able</no> <no>to</no> <method>provide</method> <no>information</no> <no>about</no> <no>the</no> <attribute>state</attribute> <no>of</no> <no>a</no> <class>power switch</class> (<no>OFF</no> <no>or</no> <no>ON</no>), <no>indicating</no> <no>the</no> <no>whether</no> <no>an</no> <no>appliance</no> <no>connected</no> <no>to</no> <no>the</no> <class>power switch</class> <no>is</no> <no>OFF</no> <no>or</no> <no>ON</no>. 
<no>4.5.4</no> <no>The</no> <no>system</no> <no>shall</no> <no>be</no> <no>able</no> <no>to</no> <method>change</method> <no>the</no> <attribute>state</attribute> <no>of</no> <no>a</no> <class>power switch</class> (<no>OFF</no> <no>to</no> <no>ON</no>, <no>or</no> <no>ON</no> <no>to</no> <no>OFF</no>), <no>in</no> <no>turn</no> <no>changing</no> <no>the</no> <no>state</no> <no>of</no> <no>an</no> <no>appliance</no> <no>connected</no> <no>to</no> <no>the</no> <no>power</no> <no>switch</no>. 
<no>4.5.5</no> <no>If</no> <no>a</no> <class>user</class> <method>changes</method> <no>the</no> <attribute>state</attribute> <no>of</no> <class>power switch</class> <class>device</class> <no>manually</no>, <no>the</no> <class>device</class> <no>shall</no> <method>remain</method> <no>in</no> <no>that</no> <attribute>state</attribute> <no>until</no> <no>the</no> <no>end</no> <no>of</no> <no>the</no> <no>planned</no> <no>or</no> <no>default</no> <no>time</no> <no>period</no>, <no>at</no> <no>which</no> <no>time</no> <no>the</no> <no>planned</no> <no>or</no> <no>default</no> <no>setting</no> <no>will</no> <no>be</no> <no>used</no> <no>for</no> <no>the</no> <no>next</no> <no>time</no> <no>period</no>. 
<no>4.6</no> <no>DH</no> <method>Planning</method> <no>and</no> <method>Reporting</method> <no>Requirements</no> 
<no>4.6.1</no> <class>DigitalHome</class> <class>Planner</class> <no>shall</no> <no>provide</no> <no>a</no> <class>user</class> <no>with</no> <no>the</no> <no>capability</no> <no>to</no> <no>direct</no> <no>the</no> <no>system</no> <no>to</no> <method>set</method> <no>various</no> <no>preset</no> <class>home</class> <method>parameters</method> (<attribute>temperature</attribute>, <attribute>humidity</attribute>, <attribute>security contacts</attribute>, <no>and</no> <attribute>on/off appliance</attribute>/<attribute>light status</attribute>) <no>for</no> <no>certain</no> <no>time</no> <no>periods</no>.  
<no>4.6.2</no> <class>DigitalHome</class> <method>provides</method> <no>a</no> <no>monthly</no> <class>planner</class>.  
<no>4.6.2.1</no> <no>For</no> <no>a</no> <no>given</no> <no>month</no> <no>and</no> <no>year</no>, <no>a</no> <class>user</class> <no>shall</no> <no>be</no> <no>able</no> <no>to</no> <method>create</method> <no>or</no> <method>modify</method> <no>a</no> <method>month plan</method> <no>that</no> <no>specifies</no> <no>for</no> <no>each</no> <no>day</no>, <no>for</no> <no>up</no> <no>to</no> <no>four</no> <no>daily</no> <no>time</no> <no>periods</no>, <no>the</no> <no>environmental</no> <no>parameter</no> <no>settings</no> (<attribute>temperature</attribute>, <attribute>humidity</attribute>, <attribute>contact</attribute> <class>sensors</class> <no>and</no><class> power switches</class>).  
<no>4.6.2.2</no> <no>A</no> <class>user</class> <no>shall</no> <no>be</no> <no>able</no> <no>to</no> <method>override</method> <no>planned</no> <method>parameter values</method>, <no>through</no> <no>the</no> <no>DH</no> <no>website</no>, <no>or</no> <no>if</no> <no>available</no>, <no>through</no> <no>manual</no> <no>switches</no> <no>on</no> <no>household</no> <no>devices</no> 
<no>4.6.3</no> <no>For</no> <no>a</no> <no>given</no> <no>month</no> <no>and</no> <no>year</no>, <no>in</no> <no>the</no> <no>past</no> <no>two</no> <no>years</no>, <class>DigitalHome</class> <no>shall</no> <no>be</no> <no>able</no> <no>to</no> <association>provide</association> <no>a</no> <class>report</class> on <no>the</no> <no>management</no> <no>and</no> <no>control</no> <no>of</no> <no>the</no> <class>home</class>. 
<no>4.6.3.1</no> <no>The</no> <no>month</no> <class>report</class> <no>shall</no> <no>contain</no> <no>daily</no> <attribute>average</attribute>, <attribute>maximum</attribute> (<no>with</no> <no>time</no>) <no>and</no> <attribute>minimum</attribute> (<no>with</no> <no>time</no><no>)</no> <no>values</no> <no>of</no> <attribute>temperature</attribute> <no>and</no> <attribute>humidity</attribute> <no>for</no> <no>each</no> <class>thermostat</class> <no>and</no> <class>humidistat</class>, <no>respectively</no>. 
<no>4.6.3.2</no> <no>The</no> <no>month</no> <class>report</class> <no>shall</no> <method>provide</method> <no>the</no> <attribute>day</attribute> <no>and</no> <attribute>time</attribute> <no>for</no> <no>which</no> <no>any</no> <method>security</method> <method>breaches</method> <no>occurred</no>, <no>that</no> <no>is</no>, <no>when</no> <no>the</no> <class>security alarms</class> <no>were</no> <method>activated</method>. 
<no>4.6.3.3</no> <no>The</no> <no>month</no> <class>report</class> <no>shall</no> <method>provide</method> <no>a</no> <no>section</no> <no>that</no> indicates <no>the</no> <class>periods of time</class> <no>when</no> <no>the</no> <no>DH</no> <no>System</no> <no>was</no> <method>not in operation.</method> 
</document>
