<document><no>2.2</no> <no>Functional</no> <no>Requirements</no> <no>Specification</no> 
<no>2.2.1</no> <no>General</no> <no>Requirements</no> 
<no>The</no> <no>ELSS</no> <no>must</no> <method>capture</method> <no>all</no> <method>data</method> <no>necessary</no> <no>for</no> <class>recording</class> <no>the</no> <no>fishing</no> <no>activities</no> <no>undertaken</no> <no>by</no> <no>a</no> <no>UK</no> <no>fishing</no> <no>vessel</no>. 
<no>The</no> <no>ELSS</no> <no>must</no> <association>output</association> <no>the</no> <association>data</association> <no>as</no> <no>an</no> <no>XML</no> <no>file</no> <no>for</no> <class>transmission</class> <no>to</no> <no>the</no> <no>UK</no> <no>fisheries</no> <class>administrations</class>’ <no>ERS</no> <no>system</no>. 
<no>The</no> <no>ELSS</no> <method>data</method> <no>must</no> <no>be</no> <method>validated</method> <no>against</no> <no>the</no> <no>UK</no> <no>XML</no>/<no>XSD</no> <no>before</no> <class>transmission</class> <no>from</no> <no>the</no> <no>fishing</no> <no>vessel</no>. 
<no>The</no> <no>ELSS</no> <method>data</method> <no>must</no> <no>be</no> <method>transmitted</method> <no>at</no> <no>the</no> <no>required</no> <no>times</no> <no>set</no> <no>out</no> <no>below</no> <no>in</no> <no>Section</no> <no>2.5.1</no>. 
<no>Each</no> <no>ELSS</no> <no>data</no> <class>transmission</class> <no>will</no> <no>be</no> <association>acknowledged</association> <no>by</no> <no>a</no> <no>return</no> <no>message</no> <no>from</no> <no>the</no> <no>UK</no> <no>fisheries</no> <class>administrations</class>’ <no>ERS</no> <no>system</no>. 
<no>2.3</no> <no>Data</no> <no>Capture</no> <no>Functions</no> 
<no>2.3.1</no> <no>Data</no> <class>Operations</class> 
<no>There</no> <no>are</no> <no>four</no> <no>main</no> <no>Data</no> <no>Operations</no> <no>required</no> <no>to</no> <no>be</no> <no>processed</no> <no>by</no> <no>the</no> <no>ELSS</no>.  <no>These</no> <no>Operation</no> <generalization>Types</generalization> <no>are</no>: 
• <class>Data operation</class> <no>to</no> <association>capture</association> <no>and</no> <association>deliver</association> <no>formatted</no> <no>ELSS</no> <no>data</no> <no>for</no> <class>transmission</class> <no>by</no> <no>a</no> <no>vessel</no><no>’s</no> <no>communications</no> <no>system</no>(<no>s</no>) <no>to</no> <no>the</no> <no>UK</no> <no>fisheries</no> <class>administrations</class>’ <no>ERS</no> <no>system</no> (<no>DAT</no>) 
• <class>Delete operation</class> <no>to</no> <association>capture</association> <no>and</no> <association>deliver</association> <no>a</no> <no>formatted</no> <attribute>deletion</attribute> <class>request</class> <no>for</no> <class>transmission</class> <no>by</no> <no>a</no> <no>vessel</no><no>’s</no> <no>communications</no> <no>system</no>(<no>s</no>) <no>to</no> <no>the</no> <no>UK</no> <no>fisheries</no> <class>administrations</class>’ <no>ERS</no> <no>system</no> <no>to</no> <method>delete</method> <no>previously</no> <method>send data</method> (<no>DEL</no>) 
• <class>Correction operation</class> <no>to</no> <association>capture</association> <no>and</no> <association>deliver</association> <no>a</no> <no>formatted</no> <attribute>correction</attribute> <class>request</class> <no>for</no> <class>transmission</class> <no>by</no> <no>a</no> <no>vessel</no>’<no>s</no> <no>communications</no> <no>system</no>(<no>s</no>) <no>to</no> <no>the</no> <no>UK</no> <no>fisheries</no> <class>administrations</class>’ <no>ERS</no> <no>system</no> <no>to</no> <no>correct</no> <no>previously</no> <no>send</no> <no>data</no> (<no>COR</no>) 
• <no>Receipt</no> <no>of</no> <class>acknowledgment operation</class> <no>to</no> <method>match</method> <method>acknowledgement</method> <no>with</no> <no>original</no> <no>message</no> <no>and</no> <association>provide</association> <no>a</no> <association>record</association>/<class>report</class> <no>of</no> <no>acknowledged</no> <no>and</no> <no>un-acknowledged</no> <class>transmissions</class>  
<no>2.3.2</no> <class>Report</class> <generalization>Types</generalization> 
<no>The</no> <no>ELSS</no> <class>Report</class> <generalization>Types</generalization> <no>to</no> <no>be</no> <no>transmitted</no> <no>from</no> <no>a</no> <no>vessel</no> <no>are</no>: 
• <class>Departure </class>(<no>DEP</no>) 
• <class>Fishing Activity</class> (<no>FAR</no>) 
• <class>Relocation of Catch</class> (<no>RLC</no>) 
• <class>Transhipment</class> (<no>TRA</no>) 
• <class>Entry into Zone</class> (<no>COE</no>) 
• <class>Exit from Zone</class> (<no>COX</no>) 
• <class>Control Point Area</class> (<no>GBRCON</no>) 
• <class>Discard</class> (<no>DIS</no>) 
• <no>Prior</no> <class>Notification</class> <no>of</no> <no>Arrival</no> <no>to</no> <no>Port</no> (<no>PNO</no>) 
• <class>End of Fishing</class> (<no>EOF</no>) 
• <class>Return to Port</class> (<no>RTP</no>) 
• <class>Landing Declaration</class> (<no>LAN</no>) 

<no>2.3.3</no><class> Data Definitions</class> 
<no>The</no> <class>data definitions</class> <no>for</no> <no>each</no> <class>report</class> <no>type</no> <no>that</no> <no>are</no> <no>required</no> <no>to</no> <no>be</no> <method>transmitted</method> <no>from</no> <no>the</no> <no>ELSS</no> <no>of</no> <no>a</no> <no>UK</no> <no>fishing</no> <no>vessel</no> <no>are</no> <no>to</no> <no>be</no> <method>found</method> <no>in</no> <no>the</no> <no>annex</no> <no>to</no> <no>this</no> <no>specification</no>.  <no>The</no> <class>data definitions</class> <no>and</no> <no>associated</no> <no>lists</no> <no>of</no> <no>valid</no> <no>codes</no> <no>are</no> <method>incorporated</method> <no>in</no> <no>the</no> <no>UK</no> <no>XML</no>/<no>XSD</no> <no>definitions</no>.  <no>These</no> <no>are</no> <no>available</no> <no>to</no> <no>all</no> <no>ELSS</no> <no>suppliers</no> <no>from</no> <no>the</no> <no>UK</no> <method>FMC</method>. <no>The</no> <class>data definitions</class> <no>also</no> <method>provide</method> <no>for</no> <no>the</no> <method>capture</method> <no>of</no> <method>data</method> <no>items</no> <no>required</no> <no>for</no> <no>the</no> <no>submission</no> <no>of</no> <no>ELSS</no> <no>data</no> <no>to</no> <no>meet</no> <no>3rd</no> <no>country</no> <no>requirements</no>, <no>e.g</no>. <no>Norway</no><no>’s</no> <no>requirements</no> <no>that</no> <no>include</no> <no>haul</no> <no>by</no> <no>haul</no> <no>reporting</no>. <no>The</no> <no>ELSS</no> <no>may</no> <no>also</no> <method>provide</method> <no>the</no> <method>means</method> <no>for</no> <class>recording</class> <no>additional</no> <no>data</no> <no>but</no> <no>this</no> <no>must</no> <no>not</no> <no>interfere</no> <no>with</no> <no>the</no> <no>data</no> <no>capture</no> <no>and</no> <no>submission</no> <no>functions</no> <no>as</no> <no>set</no> <no>out</no> <no>below</no>. 
<no>2.4</no> <no>Capture</no> <no>Functions</no> 
<no>The</no> <no>ELSS</no> <no>must</no> <no>provide</no> <no>data</no> <class>capture screens</class> <no>for</no> <no>the</no> <method>entry</method> <no>of</no> <no>the</no> <class>logbook</class>, <no>transhipment</no> <no>and</no> <no>landing</no> <no>declaration</no> <no>data</no> <no>that</no> <no>is</no> <no>required</no> <no>to</no> <no>be</no> <method>transmitted</method> <no>to</no> <no>the</no> <no>UK</no> <no>fisheries</no> <class>administrations</class>’ <no>ERS</no> <no>system</no>. <no>The</no> <no>ELSS</no> <no>must</no> <no>use</no> <no>English</no> (<no>UK</no>) <no>localizations</no> <no>for</no> <no>all</no> <no>UK</no> <no>Electronic</no> <class>Logbook</class> <no>features</no>. <no>All</no> <no>dates</no> <no>and</no> <no>times</no> <no>must</no> <no>be</no> <no>UTC</no>. <no>The</no> <no>Electronic</no> <class>Logbook</class> <no>data</no> <no>may</no> <no>be</no> <method>populated</method> <no>from</no> <no>other</no>, <method>existing</method>, <method>onboard</method> <no>electronic</no> <no>systems</no>, <no>e.g</no>. <no>a</no> <no>GPS</no> <no>for</no> <no>inserting</no> <no>the</no> <attribute>date</attribute>, <attribute>time</attribute> <no>and</no> <attribute>location</attribute> <no>of</no> <class>transmission</class>, <no>or</no> <no>for</no> <no>inserting</no> <no>the</no> <no>same</no> <no>items</no> <no>at</no> <no>the</no> <no>time</no> <no>of</no> <no>capture</no>, <no>onboard</no> <no>weighing</no> <no>systems</no>, <no>existing</no> <no>onboard</no> <no>database</no>(<no>s</no>) <no>to</no> <no>avoid</no> <no>duplication</no> <no>of</no> <no>data</no> <no>entry</no>. 
<no>2.4.1</no> <no>Printing</no> <no>Features</no> 
<no>The</no> <no>ELSS</no> <no>must</no> <no>provide</no> <no>the</no> <no>ability</no> <no>to</no> <method>print out</method>  <no>the</no> <no>ELSS</no> <class>logbook</class> <method>data</method> (<no>including</no> <no>landing</no> <no>declarations</no>) <no>using</no> <no>an</no> <no>onboard</no> <no>printer</no>. <no>Additionally</no> <no>a</no> <no>formatted</no> <no>electronic</no> <method>print</method> <method>file</method> <no>may</no> <no>be</no> <no>generated</no> <no>out</no> <no>of</no> <no>the</no> <no>ELSS</no>.  <no>This</no> <method>print</method> <method>file</method> <no>can</no> <no>be</no> <method>made</method> <method>available</method> <no>to</no> <no>a</no> <no>master</no><no>’s</no> <no>representative</no> <no>on-shore</no>, <no>e.g</no>. <no>by</no> <no>email</no> <no>over</no> <no>the</no> <no>onboard</no> <no>communications</no> <no>system</no>(<no>s</no>).  <no>The</no> <no>ELSS</no> <no>must</no> <no>provide</no> <no>a</no> <no>means</no> <no>so</no> <no>that</no> <no>electronic</no> <no>print</no> <no>files</no> <no>are</no> <no>protected</no> <no>so</no> <no>that</no> <no>they</no> <no>cannot</no> <no>be</no> <no>modified</no> <no>in</no> <no>any</no> <no>way</no> <no>once</no> <no>generated</no> <no>and</no> <no>distributed</no>. <no>The</no> <no>ELSS</no> <no>may</no> <no>provide</no> <no>features</no> <no>to</no> <no>facilitate</no> <no>other</no> <no>print</no> <no>requirements</no> <no>including</no>: 
• <no>Generation</no> <no>of</no> <no>hard</no> <no>copies</no> <no>of</no> <no>the</no> <no>Electronic</no> <class>Logbook</class> <no>required</no> <no>when</no> <no>fishing</no> <no>in</no> <no>3rd</no> <no>country</no> <no>or</no> <no>Regional</no> <no>Fisheries</no> <no>waters</no>, <no>e.g</no>. <no>NAFO</no>, <no>Faroese</no> <no>and</no> <no>Norwegian</no> <no>waters</no>. 
• <no>Generation</no> <no>of</no> <no>a</no> <no>hard</no> <no>copy</no> <no>logsheet</no> <no>or</no> <no>landing</no> <no>declaration</no> <no>to</no> <no>act</no> <no>as</no> <no>a</no> <no>transport</no> <no>or</no> <no>takeover</no> <no>document</no>. 
• <no>Generation</no> <no>of</no> <no>a</no> <no>hard</no> <no>copy</no> <no>for</no> <no>providing</no> <no>regulatory</no> <no>returns</no> <no>for</no> <no>Cod</no> <no>and</no> <no>Hake</no> <no>effort</no> <no>reporting</no><no>.</no> 
<no>2.5</no> <no>Data</no> <class>Transmission</class> 
<no>The</no> <no>ELSS</no> <no>must</no> <method>provide</method> <no>Electronic</no> <class>Logbook</class> <no>data</no> <no>for</no> <class>transmission</class> <no>to</no> <no>the</no> <no>UK</no> <no>fisheries</no> <class>administrations</class>’ <no>ERS</no> <no>system</no> <no>in</no> <no>accordance</no> <no>with</no> <no>the</no> <no>frequency</no> <no>requirements</no> <no>defined</no> <no>below</no> (<no>Section</no> <no>5.1</no>). <no>The</no> <no>ELSS</no> <no>should</no> <no>at</no> <no>least</no> <no>be</no> <no>able</no> <no>to</no> <method>transmit</method> <method>data</method> <method>via email</method>, <no>either</no> <no>by</no> <no>being</no> <no>included</no> <no>in</no> <no>a</no> <method>packaged solution</method> <no>with</no> <no>an</no> <no>email</no> <no>system</no> <no>or</no> <no>by</no> <method>linking</method> <no>with</no> <no>an</no> <no>existing</no> <no>on-board</no> <no>email</no> <no>service</no>. <no>Data</no> <no>is</no> <no>required</no> <no>to</no> <no>be</no> <no>emailed</no> <no>as</no>  <no>an</no> <no>xml</no> <no>document</no> <no>attached</no> <no>to</no> <no>an</no> <no>email</no> <no>with</no> <no>a</no> <no>standard</no> <attribute>Subject header</attribute>  <no>and</no> <method>sent</method> <no>to</no> <no>the</no> <method>email</method> <method>address</method> <no>of</no> <no>the</no> <no>UK</no> <no>fisheries</no> <class>administrations</class>’ <no>ERS</no> <no>system</no>. <no>The</no> <no>subject</no> <no>header</no> <no>must</no> <no>consist</no> <no>of</no>  <no>a</no> <no>character</no> <no>string</no> <no>containing</no> ‘<no>ERS</no> – ‘ <no>prefixed</no> <no>to</no> <no>the</no> <no>contents</no> <no>of</no> <no>the</no> <attribute>GBRRN</attribute> <no>attribute</no> <no>of</no> <no>the</no> <no>Electronic</no> <class>Logbook</class> <no>data</no> <no>being</no> <method>transmitted</method>.  <no>The</no> <no>GBRRN</no> <no>attribute</no> <no>is</no> <no>defined</no> <no>in</no> <no>the</no> <no>UK</no> <no>XML</no>/<no>XSD</no>.  <no>The</no> <attribute>GBRRN</attribute> <no>attribute</no> <no>is</no> <no>defined</no> <no>uniquely</no> <no>as</no> <no>the</no> <no>vessels</no>’ <no>RSS</no> <no>Number</no> <no>appended</no> <no>to</no> <no>the</no> <no>current</no> <no>date</no> (<no>in</no> <no>YYYYMMDD</no> <no>format</no>) <no>and</no> <no>a</no> <no>6</no> <no>digit</no> <no>sequence</no> <no>number</no>, <no>e.g</no>. <no>RSSNumber</no><no>+</no><no>YYYYMMDD</no><no>+</no><no>999999</no>.  <no>An</no> <no>example</no> <no>of</no> <no>the</no> <no>contents</no> <no>of</no> <no>an</no> <no>email</no> <no>subject</no> <no>could</no> <no>be</no> <no>ERS</no> – <no>A1234520090623000001</no>. <no>The</no> <no>xml</no> <no>document</no> <no>file</no> <no>name</no> <no>should</no> <no>be</no> <no>based</no> <no>upon</no> <no>the</no> <no>GBRRN</no> <no>attribute</no> <no>defined</no> <no>in</no> <no>the</no> <no>UK</no> <no>XML</no>/<no>XSD</no>.  <no>An</no> <no>example</no> <no>of</no> <no>this</no> <no>format</no> <no>could</no> <no>be</no> <no>A1234520090623000001</no>.  <no>The</no> <no>RSS</no> <no>Number</no> <no>will</no> <no>require</no> <no>to</no> <no>be</no> <no>padded</no> <no>with</no> <no>trailing</no> <no>X</no><no>’s</no> <no>to</no> <no>ensure</no> <no>that</no> <no>it</no> <no>is</no> <no>always</no> <no>6</no> <no>characters</no> <no>in</no> <no>length</no>. <no>Each</no> <no>file</no> <no>should</no> <no>have</no> <no>the</no> <no>suffix</no> <no>of</no> .<no>xml</no>, <no>e.g</no>. <no>A1234520090623000001</no>.<no>xml</no>. <no>All</no> <no>xml</no> <no>documents</no> <no>attached</no> <no>to</no> <no>emails</no> <no>to</no> <no>the</no> <no>UK</no> <no>fisheries</no> <class>administrations</class>’ <no>ERS</no> <no>system</no> <no>must</no> <no>be</no> <method>encrypted</method> <no>using</no> <no>PGP</no>.  <no>It</no> <no>is</no> <no>recognised</no> <no>that</no> <no>communications</no> <no>methods</no>, <no>other</no> <no>than</no> <no>email</no>, <no>are</no> <no>available</no> <no>for</no> <no>data</no> <class>transmission</class>. <no>If</no> <no>an</no> <no>alternative</no> <no>is</no> <no>proposed</no>, <no>this</no> <no>should</no> <no>be</no> <no>advised</no> <no>to</no> <no>the</no> <method>Validation</method> <method>Authority</method> <no>and</no> <no>if</no> <no>feasible</no> <no>and</no> <no>practicable</no> <no>the</no> <no>UK</no> <no>Fisheries</no> <class>Administrations</class> <no>will</no> <no>endeavour</no> <no>to</no> <no>extend</no> <no>their</no>  <no>ERS</no> <no>system</no> <no>to</no> <no>accommodate</no> <no>alternative</no> <no>methods</no>. 

<no>2.5.1</no> <no>Frequency</no> <no>of</no> <class>Transmission</class> 
<no>The</no> <no>ELSS</no> <no>must</no> <no>permit</no> <no>the</no> <no>Master</no> <no>of</no> <no>the</no> <no>vessel</no> <no>to</no> <method>generate</method> <method>formatted</method> <method>data</method> <no>for</no> <class>transmission</class> <no>to</no> <no>the</no> <no>UK</no> <no>fisheries</no> <class>administrations</class>’ <no>ERS</no> <no>system</no>.  <no>There</no> <no>are</no> <no>2</no> <generalization>categories</generalization> <no>of</no> <class>transmission</class>, <no>those</no> <no>that</no> <no>must</no> <no>be</no> <class>generated</class> <class>automatically</class> <no>by</no> <no>the</no> <no>ELSS</no> <no>and</no> <no>those</no> <no>that</no> <no>can</no> <no>be</no> <no>generated</no> <no>and</no> <class>transmitted</class> <class>under</class> <no>the</no> <class>control</class> <no>of</no> <no>the</no> <no>Master</no> <no>of</no> <no>the</no> <no>vessel</no>.  <no>The</no> <no>data</no> <class>transmission</class> <no>categories</no> <no>are</no> <no>specified</no> <no>below</no>: 
• <no>Automatically</no> <no>by</no> <no>the</no> <no>ELSS</no> (<no>subject</no> <no>to</no> <no>be</no> <no>overridden</no> <no>by</no> <no>the</no> <no>vessel</no> <no>master</no>) 
o <no>at</no> <no>least</no> <no>on</no> <no>a</no> <no>daily</no> <no>basis</no> <no>not</no> <no>later</no> <no>than</no> <no>24:00</no> <no>even</no> <no>when</no> <no>there</no> <no>is</no> <no>no</no> <no>catch</no> <no>data</no> <no>with</no> <no>the</no> <no>proviso</no> <no>that</no> <no>if</no> <no>the</no> <no>vessel</no> <no>is</no> <no>in</no> <no>port</no>, <no>has</no> <no>no</no> <no>fish</no> <no>on</no> <no>board</no> <no>and</no> <no>has</no> <no>submitted</no> <no>a</no> <no>landing</no> <no>declaration</no>, <class>transmission</class> <no>may</no> <no>be</no> <no>suspended</no> <no>subject</no> <no>to</no> <no>prior</no> <no>notification</no> <no>to</no> <no>the</no> <no>Fisheries</no> <no>Monitoring</no> <no>Centre</no> <no>of</no> <no>the</no> <no>flag</no> <no>Member</no> <no>State</no>.  <class>Transmission</class> <no>must</no> <no>be</no> <no>resumed</no> 
<no>when</no> <no>the</no> <no>vessel</no> <no>leaves</no> <no>port</no> 
o <no>immediately</no> <no>after</no> <no>the</no> <no>last</no> <no>fishing</no> <no>operation</no> <no>has</no> <no>been</no> <no>completed</no> 
o <no>immediately</no> <no>on</no> <no>departing</no> <no>port</no> 
o <no>immediately</no> <no>after</no> <no>a</no> <no>transhipment</no> <no>immediately</no> <no>on</no> <no>completion</no> <no>of</no> <no>the</no> <no>Landing</no> <no>declaration</no> 
• <no>Generation</no> <no>and</no> <class>transmission</class> <no>under</no> <no>the</no> <no>control</no> <no>of</no> <no>the</no> <no>Master</no> <no>of</no> <no>the</no> <no>vessel</no> 
o <no>before</no> <no>entering</no> <no>into</no> <no>port</no> 
o <no>at</no> <no>the</no> <no>time</no> <no>of</no> <no>inspection</no> <no>at</no> <no>sea</no> 
o <no>at</no> <no>the</no> <class>request</class> <no>of</no> <no>the</no> <no>UK</no> <no>fisheries</no> <class>administrations</class> 
<no>2.5.2</no> <no>Data</no> <class>Corrections</class> 
<no>The</no> <no>ELSS</no> <no>must</no> <no>provide</no> <no>facilities</no> <no>to</no> <method>capture</method> <no>and</no> <method>deliver</method> <no>for</no> <class>transmission</class> <class>corrections</class> <no>to</no> <no>previously</no> <no>successfully</no> <no>transmitted</no> <no>data</no>. <no>Data</no> <class>corrections</class> <no>must</no> <no>not</no> <no>be</no> <no>transmitted</no> <no>piecemeal</no>; <no>the</no> <no>entire</no> <class>report</class> <no>containing</no> <no>one</no> <no>or</no> <no>more</no> <no>corrected</no> <no>items</no> <no>must</no> <no>be</no> <method>transmitted</method>.  <no>There</no> <no>is</no> <no>no</no> <no>requirement</no> <no>to</no> <no>identify</no> <no>the</no> <no>data</no> <no>items</no> <no>that</no> <no>have</no> <no>been</no> <no>corrected</no> <no>in</no> <no>the</no> <no>generated</no> <no>corrected</no> <class>report</class>. .  .   <no>All</no> <class>corrections</class> <no>must</no> <no>be</no> <no>easily</no> <method>identifiable</method> <no>within</no> <no>the</no> <no>ELSS</no> <no>user</no> <no>interface</no>. <no>The</no> <no>ELSS</no> <no>must</no> <no>only</no> <method>permit</method> <class>correction</class> <no>messages</no> <no>to</no> <no>be</no> <method>generated</method> <no>and</no> <method>sent</method> <no>for</no> <no>reports</no> <no>sent</no> <no>during</no> <no>a</no> <no>current</no> <no>trip</no> <no>up</no> <no>to</no> <no>the</no> <no>submission</no> <no>of</no> <no>the</no> <no>End</no> <no>of</no> <no>Fishing</no> <class>report</class> <no>for</no> <no>that</no> <no>voyage</no>  
<no>2.5.3</no> <no>Data</no> <class>Deletions</class> 
<no>The</no> <no>ELSS</no> <no>must</no> <no>provide</no> <no>facilities</no> <no>to</no> <method>transmit</method> <class>deletions</class> <no>to</no> <no>previously</no> <no>transmitted</no> <no>data</no>. <no>The</no> <no>ELSS</no> <no>must</no> <no>only</no> <no>permit</no> <no>deletion</no> <no>messages</no> <no>to</no> <no>be</no> <no>generated</no> <no>and</no> <no>sent</no> <no>for</no> <no>reports</no> <no>sent</no> <no>during</no> <no>a</no> <no>current</no> <no>trip</no> <no>up</no> <no>to</no> <no>the</no> <no>End</no> <no>of</no> <no>Fishing</no> <class>report</class> <no>for</no> <no>that</no> <no>voyage</no>. <no>All</no> <class>deletions</class> <no>must</no> <no>be</no> <no>easily</no> <method>identifiable</method> <no>within</no> <no>the</no> <no>ELSS</no> <no>user</no> <no>interface</no>. 
<no>2.5.4</no> <class>Acknowledgement</class> 
<no>The</no> <no>ELSS</no> <no>must</no> <no>be</no> <no>able</no> <no>to</no> <method>receive</method> <class>acknowledgement</class> (<no>RET</no>) <no>messages</no> <method>transmitted</method> <no>from</no> <no>the</no> <no>UK</no> <no>fisheries</no> <class>administrations</class>’ <no>ERS</no> <no>system</no>.  <no>The</no> <no>ELSS</no> <no>must</no> <no>match</no> <no>each</no> <class>acknowledgement</class> <no>message</no> <no>with</no> <no>the</no> <no>appropriate</no> <method>transmitted</method> <no>data</no> <no>operation</no>, <method>deletion</method> <no>or</no> <method>correction</method> <class>report</class>.  <no>The</no> <no>ELSS</no> <no>must</no> <no>be</no> <no>able</no> <no>to</no> <method>confirm</method> <no>that</no> <no>a</no> <class>transmission</class> <no>has</no> <no>been</no> <no>successfully</no> <no>acknowledged</no> <no>or</no> <method>display</method> <no>any</no> <method>error</method> <method>message</method> <no>should</no> <no>the</no> <no>ELSS</no> <no>receive</no> <no>a</no> <no>negative</no> <class>acknowledgement</class> <no>message</no>. 
<no>2.5.5</no> <method>Test</method> <class>Transmissions</class> 
<no>Prior</no> <no>to</no> <no>registering</no> <no>a</no> <no>product</no> <no>for</no> <no>approval</no>, <no>a</no> <method>test</method> <method>address</method> <no>for</no> <no>all</no> <no>test</no> <no>email</no> <class>transmissions</class> <no>and</no> <method>test</method> <method>logon</method> <no>details</no> <no>to</no> <no>the</no> <no>UK</no> <no>fisheries</no> <class>administrations</class>’ <no>ERS</no> <no>system</no> <no>will</no> <no>be</no> <no>provided</no> <no>on</no> <class>request</class>.  <no>All</no> <no>requests</no> <no>should</no> <no>be</no> <no>made</no> <no>by</no> <no>contacting</no> <no>the</no> <no>Validation</no> <no>Authority</no> <no>by</no> <no>email</no> <no>in</no> <no>the</no> <no>first</no> <no>instance</no>. <no>The</no> <no>email</no> <no>address</no> <no>is</no> <no>ERS</no>-<class>Logbook</class>-<no>Approvals@NCCGroup.com</no>. <no>Once</no> <no>operational</no> <no>the</no> <no>UK</no> <no>XML</no>/<no>XSD</no> <no>allows</no> <no>for</no> <no>a</no> <no>test</no> <no>message</no> <no>to</no> <no>be</no> <no>sent</no> <no>to</no> <no>the</no> <no>UK</no> <no>fisheries</no> <class>administrations</class>’ <no>ERS</no> <no>system</no>.  <no>This</no> <no>test</no> <no>facility</no> <no>must</no> <no>be</no> <no>used</no> <no>to</no> <method>send</method> <method>test</method> <class>transmissions</class> <no>to</no> <no>establish</no> <no>that</no> <no>the</no> <no>communications</no> <no>between</no> <no>the</no> <no>vessel</no> <no>and</no> <no>the</no> <no>UK</no> <no>fisheries</no> <class>administrations</class>’ <no>ERS</no> <no>system</no> <no>are</no> <no>fully</no> <no>operational</no>.  <no>The</no> <no>UK</no> <no>fisheries</no> <class>administrations</class>’ <no>ERS</no> <no>system</no> <no>will</no> <method>acknowledge</method> <no>any</no> <method>test</method> <no>messages</no> <no>but</no> <no>will</no> <no>not</no> <no>store</no> <no>any</no> <no>data</no> <no>that</no> <no>has</no> <no>been</no> <no>transmitted</no>.  
<no>2.6</no> <no>Specific</no> <no>High</no> <no>Level</no> <no>Requirements</no> 
<no>Some</no> <no>high</no> <no>level</no> <no>requirements</no> <no>are</no> <no>required</no> <no>of</no> <no>the</no> <no>ELSS</no>.  <no>These</no> <no>requirements</no> <no>are</no> <no>listed</no> <no>below</no>; 
• <no>ELSS</no> <no>must</no> <method>retain</method> <no>all</no> <class>logbook</class> <method>reports</method> <no>and</no> <no>any</no> <method>corrections</method> <no>on</no> <no>the</no> <no>system</no> <no>at</no> <no>least</no> <no>until</no> <no>the</no> <no>end</no> <no>of</no> <no>each</no> <no>trip</no>, <no>i.e</no>. <no>on</no> <no>submission</no>  <no>of</no> <no>the</no> <no>electronic</no> <no>landing</no> <no>declaration</no> <no>or</no> <no>of</no> <no>a</no> <no>transhipment</no> <class>report</class>. 
• <no>Any</no> <no>ELSS</no> <no>software</no> <no>updates</no> <no>must</no> <no>not</no> <no>impact</no> <no>upon</no> <no>the</no> <no>ELSS</no><no>’s</no> <no>ability</no> <no>to</no> <no>meet</no> <no>the</no> <no>requirements</no> <no>set</no> <no>out</no> <no>in</no> <no>this</no> <no>document</no>  <no>and</no> <no>other</no> <no>test</no> <no>documentation</no> . <no>If</no> <no>it</no> <no>does</no> <no>then</no> <no>the</no> <no>product</no> <no>must</no> <no>be</no> <no>submitted</no> <no>for</no> <no>re-approval</no>, <no>and</no> <no>can</no> <no>not</no> <no>be</no> <no>deployed</no> <no>by</no> <no>fishing</no> <no>vessels</no> <no>until</no> <no>this</no> <no>is</no> <no>granted</no> <no>and</no> <no>the</no> <no>new</no> <no>version</no> <no>id</no> <no>is</no> <no>published</no> <no>on</no> <no>the</no> <no>UKFA</no> <no>web</no> <no>site</no> <no>lists</no> 
• <no>ELSS</no> <no>security</no> <no>and</no> <no>access</no> <no>controls</no> <no>such</no> <no>that</no>  
o <no>one</no> <no>username</no>/<no>password</no> <no>must</no> <no>be</no> <no>provided</no> <no>for</no> <no>the</no> <no>owner</no> <no>of</no> <no>each</no> <no>vessel</no> 
o <no>the</no> <no>owner</no> <no>is</no> <no>then</no> <no>able</no> <no>to</no> <no>set</no> <no>up</no> <no>subsidiary</no> <no>users</no> <no>such</no> <no>as</no> <no>the</no> <no>master</no> <no>of</no> <no>the</no> <no>vessel</no> <no>with</no> <no>their</no> <no>own</no> <attribute>username</attribute> <no>and</no> <attribute>password</attribute>.   
o <no>the</no> <attribute>username</attribute> <no>is</no> <no>required</no> <no>to</no> <no>be</no> <method>recorded</method> <no>in</no> <no>each</no> <class>report</class> <no>completed</no> <no>and</no> <no>in</no> <no>each</no> <class>transmission</class> <method>made</method>; <no>the</no> <no>person</no> <no>who</no> <no>has</no> <no>entered</no> <no>the</no> <no>data</no> <no>is</no> <no>required</no> <no>to</no> “<no>sign</no>” <no>the</no> <no>Electronic</no> <class>Logbook</class> <no>data</no> <no>stating</no> <no>that</no> <no>they</no> <no>are</no> <no>aware</no> <no>of</no> <no>the</no> <no>responsibilities</no>/<no>liabilities</no> <no>they</no> <no>are</no> <no>committing</no> <no>to</no> <no>in</no> <no>completing</no> <no>and</no> <no>/ </no><no>or</no> <no>transmitting</no>  <no>a</no> <class>report</class>. 
o <no>Each</no> <no>copy</no> <no>of</no> <no>the</no> <no>ELSS</no> <no>installed</no> <no>must</no> <no>be</no> <no>provided</no> <no>with</no> <no>a</no> <no>unique</no> (<no>internal</no>?) <no>number</no> <no>that</no> <no>is</no> <no>automatically</no> <no>entered</no> <no>into</no> <no>each</no> <class>transmission</class> <no>to</no> <method>identify</method> <no>the</no> <method>instance</method> <no>of</no> <no>the</no> <no>ELSS</no> <no>from</no> <no>which</no> <no>the</no> <class>report</class> <no>has</no> <no>been</no> <method>transmitted</method>.  
• <no>ELSS</no> <no>must</no> <no>only</no> <no>be</no> <no>supplied</no> <no>for</no> <no>use</no> <no>at</no> <no>sea</no> <no>and</no> <no>loaded</no> <no>onto</no> <no>an</no> <no>onboard</no> <no>system</no> <no>and</no> <no>is</no> <no>not</no> <no>to</no> <no>be</no> <no>provided</no> <no>for</no> <no>onshore</no> <no>use</no> <no>by</no> <no>agents</no> <no>or</no> <no>representatives</no>. <class>Onshore entry</class> <no>is</no> <no>to</no> <no>be</no> <method>made</method> <no>through</no> <no>the</no> <no>ERS</no> <no>website</no> <no>or</no> <no>by</no> <no>use</no> <no>of</no> <no>the</no> <no>offline</no> <no>submission</no> <no>methods</no> <no>to</no> <no>be</no> <no>promulgated</no> <no>by</no> <no>the</no> <no>UK</no> <no>fisheries</no> <class>administrations</class>, <no>e.g</no>. <no>an</no> <no>emailed</no> <no>spreadsheet</no> <no>CSV</no> <no>formatted</no> <no>file</no>.  <no>To</no> <no>this</no> <no>end</no> <no>the</no> <no>UK</no>   <class>administrations</class> <no>will</no> <no>provide</no> <no>the</no> <no>Owner</no> <no>with</no> <no>the</no> <no>means</no> <no>for</no> <no>his</no> <no>agent</no>(<no>s</no>) <no>to</no> <method>logon</method> <no>to</no> <no>the</no> <no>ERS</no> <no>website</no> <no>to</no> <method>view</method> <no>the</no> <method>vessel trip record</method> <no>to</no> <no>date</no> <no>and</no> <no>the</no> <class>logbook</class> <attribute>numbers</attribute> <no>used</no>, <no>to</no> <no>aid</no> <no>their</no> <no>completion</no> <no>of</no> <no>the</no> <no>reports</no> <no>they</no> <no>wish</no> <no>to</no> <no>submit</no> <no>from</no> <no>their</no> <no>offices</no>. </document>
