<document><no>3.1</no> <class>Boot</class><no> Menu</no> 
<no>After</no>&#160;<no>booting</no>&#160;<no>your</no>&#160;<no>computer</no>&#160;<no>with</no>&#160;<no>GParted</no>&#160;<no>Live</no>,&#160;<no>this</no>&#160;<no>is</no>&#160;<no>the</no>&#160;<no>first</no>&#160;
<no>screen</no>&#160;<no>you</no>&#160;<no>see</no>.&#160;<no>GParted</no>&#160; <no>provides</no>&#160;<no>some</no>&#160; <no>other</no>&#160;<no>modes</no>,&#160;<no>other</no>&#160;<no>than</no>&#160; <no>the</no>&#160; <no>first</no>&#160;<no>default</no>.&#160; <no>These</no>&#160; include&#160; <no>loading</no>&#160;<no>to</no>&#160;<class>RAM&#160; only</class>,&#160; <class>safe&#160; graphic&#160; settings</class>,&#160;<no>and</no>&#160; <class>failsafe&#160; mode</class>.&#160; <no>You</no>&#160; <no>can</no>&#160; <no>also</no>&#160;<method>boot</method>&#160; <no>your</no>&#160; <no>computer</no><no>’s</no>&#160;<no>operating</no>&#160;<no>system</no>&#160;(<no>if</no>&#160;<no>any</no>)&#160;<no>and</no>&#160;<method>run</method>&#160;<method>RAM</method>&#160;<no>tests</no>&#160;<no>using</no>&#160;<no>Memtest86+</no>.&#160; <no>Selecting</no>&#160; <no>the</no>&#160;<no>first</no>&#160; <no>option</no>,&#160;<no>advances</no> <no>the</no>&#160;<no>application</no>&#160;<no>forwards</no>&#160;<no>and</no>&#160;<no>presents</no>&#160;<no>us</no>&#160;<no>with</no>&#160;<no>the</no>&#160;<no>next</no> <no>screen</no>.&#160;&#160;&#160;&#160;&#160;
&#160;&#160;
<no>3.2</no> <method>Select</method> <class>Keymap</class> 
<no>The</no>&#160;<class>keymap</class>&#160;<no>is</no>&#160;<no>the</no>&#160;<method>layout</method>&#160;<method>of</method>&#160;<method>symbols</method>&#160;<no>on</no>&#160;<no>your</no>&#160;<no>keyboard</no>. <no>Different</no>&#160; <class>keymaps</class>&#160; <no>are</no>&#160;<no>supported</no>;&#160; <no>this</no>&#160; <no>screen</no>&#160; <no>gives</no>&#160;<no>info</no>&#160;<no>about</no>&#160; <no>them</no>.&#160;<no>The</no>&#160;<no>default</no>&#160;<no>option</no>&#160;( <no>don’t</no>&#160;<no>touch</no>&#160;<class>keymap</class>)&#160;<no>is</no>&#160;<no>the</no>&#160;<no>recommended</no>&#160;<no>one</no>.&#160;

<no>3.3</no> <class>Language</class> <no>Selection</no> <no>Menu</no> 
<method>Selecting</method>&#160;<no>the</no>&#160;<class>keymap</class>&#160;<no>you</no>&#160;<no>want</no>,&#160;<method>brings</method>&#160;<no>you</no>&#160;<no>to</no>&#160;<no>the</no>&#160;<class>language</class>&#160;<no>selection</no>&#160;<no>menu</no>.&#160; <no>A</no>&#160; <no>list</no>&#160; <no>of</no>&#160; <no>a</no>&#160; <no>wide</no>&#160; <no>variety</no>&#160; <no>of</no>&#160;<no>supported</no>&#160; <class>languages</class>&#160; <no>is</no>&#160;<method>displayed</method>.&#160; <no>You</no>&#160; <no>then</no>&#160; <method>enter</method>&#160;<no>the</no>&#160; <method>number</method>&#160; <no>that</no>&#160;<no>corresponds</no>&#160; <no>to</no>&#160; <no>the</no>&#160; <no>desired</no>&#160;<no>language</no>.&#160;<no>After</no>&#160;<no>that</no>,&#160;<no>you</no>&#160;<no>are</no>&#160;<method>presented</method>&#160; <no>with</no>&#160; <no>a</no>&#160; <method>video&#160;mode</method>&#160;<no>preference</no>&#160;<no>menu</no>.&#160;<no>The</no>&#160;<no>default</no>&#160; <no>value</no>&#160; <no>you</no>&#160; <no>type</no>&#160; <no>is</no>&#160; <no>0</no>,&#160;<no>which</no>&#160; <no>loads</no>&#160; <no>the</no>&#160; <no>GParted</no>&#160;<no>Live</no>&#160;<no>application</no>.&#160;<no>If</no>&#160;<no>X‐window</no>&#160;<no>graphical</no>&#160; <no>environment</no>&#160;<no>fails</no>&#160;<no>to</no>&#160;<no>load</no>,&#160;<no>then</no>&#160;<no>you</no>&#160;<no>can</no>&#160;<no>type</no>&#160;<no>1</no>&#160;<no>for</no>&#160;
<no>manual</no>&#160;<no>configuration</no>,&#160;<no>or</no>&#160;<no>2</no>&#160; <no>for</no>&#160; <no>going</no>&#160; <no>to</no>&#160; <no>command</no>&#160;<no>line</no>. 

<no>3.4</no> <no>GParted</no> <class>Desktop</class> 
<no>On</no>&#160;<no>the</no>&#160;<class>desktop</class>&#160;<no>you</no>&#160;<no>can</no>&#160;<method>find</method>&#160;<no>all</no>&#160;<no>the</no>&#160;<no>program</no><no>’s</no>&#160;<method>functions</method>.&#160; <no>From</no>&#160; <no>here</no>&#160; <no>you</no>&#160; <no>can</no>&#160; <no>click</no>&#160; <no>on</no>&#160;<no>exit</no>&#160;<no>to</no>&#160;<method>quit</method>,&#160;<method>take</method>&#160;<no>a</no>&#160;<method>screenshot</method>&#160;<no>of</no>&#160; <no>the</no>&#160; <class>desktop</class>&#160; <no>or</no>&#160; <no>a</no>&#160;<no>window</no>,&#160;<method>open</method>&#160; <no>the</no>&#160; <method>terminal</method>,&#160; <method>open</method>&#160; <no>the</no>&#160;<class>main</class>&#160; <no>GParted</no>&#160; <class>window</class>,&#160; <method>find</method>&#160;<no>some</no>&#160;<method>info</method>&#160;<no>about</no>&#160;<no>GParted</no>&#160;<no>and</no>&#160;<no>its</no>&#160; <method>packages</method>,&#160; <no>or</no>&#160; <method>launch</method>&#160; <no>the</no>&#160;<no>screen</no>&#160;<method>resolution</method>&#160;<no>application</no>.&#160;    
 
<no>3.5</no> <no>GParted</no> <class>Main Window</class> 
<no>From</no>&#160;<no>this</no>&#160;<no>window</no>&#160;<no>you</no>&#160;<no>can</no>&#160;<method>perform</method>&#160;<no>all</no>&#160;<no>the</no>&#160;<method>actions</method>&#160;<no>supported</no>&#160;<no>by</no>&#160;<no>GParted</no>.&#160; <no>from</no> <no>here</no>&#160; <no>is</no>&#160;<no>a</no>&#160;<class>menu&#160;bar</class>&#160;<no>on</no>&#160;<no>the</no>&#160;<no>top</no>&#160;<no>of</no>&#160; <no>the</no>&#160; <no>window</no>,&#160; <no>with</no>&#160; <no>each</no>&#160;<no>option</no>&#160; (<no>GParted</no>,&#160; <method>Edit</method>,&#160; <method>View</method>,&#160;<method>Device</method>,&#160;<method>Partition</method>) <no>sponding</no>&#160;<no>to</no>&#160; <no>a</no>&#160; <no>set</no>&#160; <no>of</no>&#160; <no>actions</no>&#160; <no>you</no>&#160; <no>can</no>&#160;<no>perform</no>&#160;<no>on</no>&#160;<no>a</no>&#160;<no>disk</no>.&#160;<no>Under</no>&#160;<no>that</no>,&#160;<no>is</no>&#160;<no>a</no>&#160; <class>bar</class>&#160;<no>which</no>&#160; <no>contains</no>&#160; <no>the</no>&#160;<no>most</no>&#160;<no>common</no>&#160; <no>functions</no>&#160; <no>of</no>&#160; <no>the</no>&#160;<no>program</no>,&#160; <no>which</no>&#160; <no>you</no>&#160; <no>can</no>&#160;<association>perform</association>&#160;<no>on</no>&#160;<no>the</no>&#160;<class>drive</class>&#160;(<no>hard&#160;disk</no>,&#160;<no>USB</no>&#160; <no>flash</no>&#160; <no>etc</no>.)&#160; <method>selected</method>&#160; <no>from</no>&#160;<no>the</no>&#160;<no>drop</no>&#160;<no>down</no>&#160;<no>menu</no>&#160;<no>on</no>&#160;<no>the</no>&#160;<no>far</no>&#160;<no>right</no>.&#160; <no>Then</no>&#160; <no>a</no>&#160; <no>graphical</no>&#160;<no>representation</no>&#160; <no>of</no>&#160; <no>the</no>&#160; <no>selected</no>&#160;<no>drive</no><no>’s</no>&#160; <class>partitions</class> <no>appears</no>,&#160;<no>together</no>&#160; <no>with</no>&#160; <no>a</no>&#160; <no>more</no>&#160; <no>detailed</no>&#160;<no>list</no>&#160;<no>under</no>&#160;<no>that</no>.&#160;
  
<no>3.6</no> <method>Refresh</method> <no>Connected</no> <class>Devices</class> 
<no>From</no>&#160;<no>GParted</no>‐&gt;<method>Refresh</method>&#160;<class>Devices</class>&#160;<no>you</no>&#160;<no>can</no>&#160;<no>refresh</no>&#160;<no>the</no>&#160;<no>list</no>&#160;<no>of</no>&#160;<no>the</no>&#160; <no>connected</no>&#160;<no>devices</no>&#160;<no>in</no>&#160;<no>the</no>&#160;<no>system</no>.&#160;<no>This</no>&#160;<no>can</no>&#160;<no>be</no>&#160;<no>useful</no> <no>if</no>,&#160;<no>for</no>&#160;<no>example</no>,&#160; <no>you</no> <method>plug</method>&#160;<no>in</no>&#160;<no>a</no>&#160;<no>USB</no>&#160;<no>flash</no>&#160;<no>drive</no>&#160;<no>after</no>&#160;<no>GParted</no>&#160;<no>has</no>&#160;<method>booted</method>.&#160;<no>This</no>&#160;<no>function</no>&#160;<no>enables</no>&#160;<no>the</no>&#160;<method>recognition</method>&#160;<no>of</no>&#160;<no>the</no>&#160;<class>drive</class>.&#160;&#160;
      
<no>3.7</no> <method>Undo</method> <no>&amp;</no> <method>Apply</method> 
<no>Every</no>&#160;<no>time</no>&#160;<no>you</no>&#160;<no>perform</no>&#160;<no>an</no>&#160;<no>operation</no>,&#160;<no>it</no>&#160;<no>goes</no>&#160;<no>in</no>&#160;<no>pending</no>&#160;<no>mode</no>.&#160;<no>Then</no>,&#160; <no>you</no>&#160;<no>can</no>&#160;<method>undo</method>&#160;<no>if</no>&#160;<no>you</no>&#160;<no>regret</no>&#160;<no>your</no>&#160;<no>choice</no>,&#160;<no>or</no>&#160;<no>go</no>&#160;<no>ahead</no>&#160;<no>and</no>&#160;<method>click</method>&#160;<no>apply</no>&#160;<no>for</no>&#160; <no>the</no>&#160;<method>changes</method>&#160;<no>to</no>&#160;<no>happen</no>. <no>This</no>&#160;<no>can</no>&#160;<no>be</no>&#160;<no>done</no>&#160;<no>from</no>&#160;<method>Edit</method>‐&gt;<method>Undo</method>&#160; <no>Last</no>&#160; <no>Operation</no>,&#160; <method>Clear</method> <no>All</no> <method>Operations</method>,&#160;<method>Apply</method>&#160;<no>All</no>&#160;<method>Operations</method>.&#160;<method>Clear</method>&#160;<no>all</no>&#160;<no>removes</no>&#160; <no>every</no>&#160;<method>pending&#160;operation</method>&#160;<no>from</no>&#160;<no>the</no>&#160;<no>list</no>.&#160;<no>You</no>&#160;<no>can</no>&#160;<no>also</no>&#160;<method>undo</method>&#160;<no>and</no>&#160;<method>apply</method>&#160;<no>from</no> <no>the</no>&#160;<no>respective</no>&#160;<no>buttons</no>&#160;<no>on</no>&#160;<no>the</no>&#160;<no>main</no>&#160;<no>functions</no>&#160;<no>bar</no>.&#160;
  
<no>3.8</no> <method>View</method> <class>Device</class> <no>Information</no> 
<no>You</no>&#160; <no>can</no>&#160; <method>view</method>&#160; <no>the</no>&#160; <no>selected</no>&#160; <class>device</class><no>&apos;s</no>&#160; <no>information</no>&#160; <no>by</no>&#160;<method>clicking</method>&#160; <method>View</method><no>‐&gt;</no> <class>Device</class>&#160; <no>Information</no>.&#160; <no>This</no>&#160; <method>brings</method>&#160; <no>up</no>&#160;<method>information</method>&#160;<no>about</no>&#160;<no>the</no>&#160;<no>selected</no>&#160;<class>drive</class>&#160;<no>on</no>&#160;<no>the</no>&#160;<no>left</no>&#160;<no>side</no>&#160;<no>of</no>&#160; <no>the</no>&#160; <no>GParted</no>&#160; <no>main</no>&#160; <no>window</no>.&#160; <no>Details</no>&#160; <no>like</no>&#160; <no>the</no>&#160;<class>device</class><no>’s</no>&#160;model,&#160; size,&#160; heads,&#160; sectors,&#160; cylinders&#160; <no>etc</no>.&#160;<no>are</no>&#160;<no>shown</no>.&#160;
                
<no>3.9</no> <method>Create</method> <class>Partition</class> <class>Table</class> 
<method>Clicking</method> <no>on</no> <class>Device</class>‐&gt;<method>Create</method> <class>Partition</class> <class>Table</class> <no>lets</no> <no>you</no> <method>create</method> <no>the</no> <class>drive</class><no>’s</no> <class>partition table</class> <no>3</no> . <no>A</no> <class>warning</class> <no>is</no> <method>displayed</method> <no>saying</no> <no>that</no> <no>all</no> <no>of</no> <no>your</no> <no>data</no> <no>will</no> <no>be</no> <method>erased</method>. <no>So</no> <no>proceed</no> <no>with</no> <no>caution</no>. <no>A</no> <no>wide</no> <no>variety</no> <no>of</no> <class>partition tables</class> <no>are</no> <method>supported</method> <no>and</no> <no>the</no> <no>default</no> <no>one</no> <no>is</no> <no>ms‐dos</no>.
&#160;          
<no>3.10</no> <method>Create</method> <no>a</no> <no>New</no> <class>Partition</class> 
<no>To</no>&#160;<method>create</method>&#160;<no>a</no>&#160;<no>new</no>&#160;<class>partition</class>,&#160;<no>first</no>&#160;<method>select</method>&#160;<no>the</no>&#160;<no>desired</no>&#160;<class>hard&#160;disk</class>&#160;<no>or</no>&#160;<no>other</no>&#160;<class>device</class>,&#160;<no>from</no>&#160;<no>the</no>&#160;<no>drop</no>&#160; <no>down</no>&#160;<no>menu</no>&#160; <no>on</no>&#160; <no>the</no>&#160; <no>right</no>.&#160; <no>Then</no>&#160; <no>you</no>&#160; <no>can</no>&#160; <no>either</no>&#160; <class>click</class>&#160; <no>on</no>&#160; <no>New</no>&#160; <no>from</no>&#160; <no>the</no>&#160;<no>main</no>&#160;<no>functions</no>&#160;<no>bar</no>,&#160;<no>or</no>&#160;<no>go</no>&#160;<no>to</no>&#160;<class>Partition</class><no>‐&gt;</no><no>New</no>.&#160;<no>A</no>&#160; <no>pop</no>&#160;<no>up</no>&#160;<no>dialog</no>&#160;<no>window</no>&#160;<no>appears</no>&#160;<no>on</no>&#160;<no>screen</no>.&#160;
    
<no>Here</no>&#160;<no>you</no>&#160;<no>have</no>&#160;<no>various</no>&#160;<no>options</no>.&#160;<no>First</no>&#160;<no>of</no>&#160;<no>all</no>,&#160;<no>there</no>&#160;<no>is</no>&#160;<no>a</no>&#160;<class>slider</class>&#160;<no>which</no>&#160;<method>shrinks</method>&#160;<no>and</no>&#160;<method>moves</method>&#160;<no>to</no>&#160;<no>either</no>&#160;<no>side</no>.&#160;<no>This</no>&#160;<no>represents</no>&#160;<no>the</no>&#160;<class>size</class>&#160;<no>and</no>&#160;<class>position</class>&#160;<no>of</no>&#160;<no>the</no>&#160; <class>partition</class>&#160;<no>you</no>&#160;<no>will</no>&#160;<method>create</method>.&#160;<no>You</no>&#160;<no>can</no>&#160; <no>type</no>&#160; <no>in</no>&#160; <no>values</no>&#160;<no>by</no>&#160;<no>hand</no>,&#160;<no>or</no>&#160; <no>just</no>&#160;<no>use</no>&#160; <no>the</no>&#160; <no>slider</no>.&#160;<no>Then</no>,&#160; <no>you</no>&#160;<no>define</no>&#160; <no>the</no>&#160; type&#160;<no>of</no>&#160; <no>the</no>&#160;<class>partition</class>&#160;(<no>Primary</no>,&#160;<no>Logical</no>,&#160;<no>Extended</no>)&#160;<no>and</no>&#160;select&#160;<no>the</no>&#160;<no>desired</no>&#160;<class>file system</class>&#160;<no>to</no>&#160;<association>format</association>&#160;<no>the</no>&#160;<class>partition</class>.&#160;<no>The</no>&#160; <no>list</no>&#160; <no>is</no>&#160;<no>displayed</no>&#160; <no>in</no>&#160;<no>the</no>&#160; <no>last</no>&#160;<no>screenshot</no>.&#160;<no>You</no>&#160;<no>can</no>&#160;<no>also</no>&#160; <method>leave</method>&#160; <no>the</no>&#160;<class>partition</class>&#160;<method>unformatted</method>&#160; <no>if</no>&#160; <no>you</no>&#160;<no>wish</no>&#160; <no>to</no>&#160; <no>and</no>&#160; <no>format</no>&#160; <no>it</no>&#160; <no>later</no>.&#160; <no>If</no>&#160;<no>you</no>&#160;<no>wish</no>&#160; <no>to</no>&#160; <method>label</method>&#160; <no>the</no>&#160; <class>partition</class>,&#160;<no>or</no> <no>GParted</no>&#160;<no>lets</no>&#160;<no>you</no>&#160;<no>do</no>&#160;<no>so</no>&#160;<no>in</no>&#160;<no>this</no>&#160;<no>dialog</no>.&#160;<no>Press</no>&#160;<method>Add</method>&#160;<no>and</no>&#160;<no>then</no>&#160;<method>Apply</method>&#160;<no>to</no>&#160;<method>create</method>&#160;<no>the</no>&#160;<class>partition</class>.&#160;<no>In</no>&#160;<no>this</no>&#160; <class>screenshot</class>&#160;<no>we</no>&#160;<no>have</no>&#160; <no>selected</no>&#160;<no>this</no>&#160;<no>part</no>&#160;<no>of</no>&#160; <no>the</no>&#160;<no>disk</no>&#160;<no>as</no>&#160; <no>the</no>&#160;<class>partition</class>&#160;<no>we</no>&#160;<no>will</no>&#160; <no>create</no>.&#160; <no>It</no>&#160; <no>is</no>&#160; <method>shrunk</method>&#160;<no>and</no>&#160; <method>its</method>&#160;<no>on</no>&#160;<no>the</no>&#160;<no>start</no>&#160;<no>of</no>&#160;<no>the</no>&#160;<no>disk</no>.&#160;<no>In</no>&#160;<no>the</no>&#160;<no>same</no>&#160;<no>way</no>,&#160; <no>it</no>&#160;<no>can</no>&#160;<no>be</no>&#160; <no>larger</no>&#160;<no>or</no>&#160;<no>smaller</no>,&#160;<no>and</no>&#160;<no>sit</no>&#160; <no>in</no>&#160; <no>the</no>&#160;<no>end</no>,&#160; <no>anywhere</no>&#160;<no>else</no>&#160;<no>on</no>&#160;<no>the</no>&#160;<no>disk</no>. 

<no>3.11</no> <method>Delete</method> <no>a</no> <class>Partition</class>
<method>Select</method> <no>the</no> <class>partition</class> <no>you</no> <no>want</no> <no>to</no> <method>delete</method>. <no>Then</no> <no>press</no> <method>Delete</method> <no>on</no> <no>the</no> <no>main</no> <no>functions</no> <no>bar</no> <no>or</no> <no>go</no> <no>to</no> <class>Partition</class><no>‐&gt;</no><method>Delete</method>. <no>There</no> <no>is</no> <no>no</no> <no>dialog</no>, <no>or</no> <no>warning</no> <no>for</no> <no>this</no> <no>action</no>. <no>Of</no> <no>course</no> <no>you</no> <no>have</no> <no>to</no> <no>press</no> <method>Apply</method> <no>for</no> <no>the</no> <method>changes</method> <no>to</no> <no>take</no> <no>effect</no>, <no>or</no> <method>Undo</method> <no>if</no> <no>you</no> <no>changed</no> <no>your</no> <no>mind</no>.
 
<no>3.12</no> <method>Resize</method> <no>or</no> <method>Move</method> <no>a</no> <class>Partition</class>
<method>Select</method> <no>the</no> <class>partition</class> <no>you</no> <no>want</no> <no>to</no> <method>resize</method> <no>or</no> <method>move</method>. <no>Then</no> <method>click</method> <no>on</no> <method>Resize</method>/<method>Move</method> <no>from</no> <no>the</no> <no>main</no> <no>functions</no> <no>bar</no> <no>or</no> <no>go</no> <no>to</no> <class>Partition</class>‐&gt;<method>Resize</method>/<method>Move</method>. <no>A</no> <no>dialog</no> <no>window</no> <no>appears</no>, <no>with</no> <no>the</no> <no>same</no> <method>slider</method> <no>as</no> <no>in</no> <no>the</no> <method>create</method> <class>partition</class> <no>window</no>. <no>You</no> <no>use</no> <no>it</no> <no>in</no> <no>the</no> <no>same</no> <no>way</no> <no>or</no> <no>type</no> <no>in</no> <no>the</no> <no>numbers</no> <no>in</no> <no>Megabytes</no> <no>directly</no>. <no>In</no> <no>this</no> <no>screenshot</no>, <no>it</no> <no>appears</no> <no>that</no> <no>the</no> <class>partition</class> <association>spans</association> <no>the</no> <no>whole</no> <class>drive</class>; <no>we</no> <no>want</no> <no>to</no> <method>shrink</method> <no>it</no> <no>and</no> <method>free up</method> <no>the</no> <no>disk</no> <class>space</class> <no>after</no> <no>it</no>, <no>which</no> <no>will</no> <no>then</no> <no>become</no> unallocated <class>space</class>. <no>Press</no> <method>Resize</method>/<method>Move</method> <no>and</no> <no>then</no> <method>Apply</method>.

<no>3.13</no> <method>Copy</method> <class>Partition</class> 
<method>Select</method>&#160; <no>the</no>&#160; <class>partition</class>&#160; <no>you</no>&#160; <no>would</no>&#160; <no>like</no>&#160; <no>to</no>&#160; <method>copy</method>.&#160; <no>This</no>&#160; <no>is</no>&#160;<no>partition</no> <no>cloning</no>, <no>useful</no>&#160; <no>if</no>,&#160;<no>for</no>&#160;<no>example</no>,&#160;<no>you</no>&#160;<method>migrate</method>&#160;<no>to</no>&#160;<no>a</no>&#160;<no>larger</no>&#160;<no>hard</no>&#160;<no>drive</no>&#160;<no>and</no>&#160;<no>wish</no>&#160;<no>to</no>&#160; <no>keep</no>&#160;<no>your</no>&#160;<no>data</no>&#160;<no>and</no>&#160;<no>operating</no>&#160;<no>system</no>&#160; (<no>without</no>&#160; <no>reformatting</no>).&#160; <method>Click</method>&#160; <no>on</no>&#160; <method>Copy</method>&#160; <no>from</no>&#160; <no>the</no> &#160; <no>functions</no>&#160; <no>bar</no>&#160; <no>or</no>&#160; <no>go</no>&#160; <no>to</no>&#160;<class>Partition</class><no>‐&gt;</no><method>Copy</method>.&#160;<no>The</no>&#160;<no>selected</no>&#160;<class>partition</class>&#160;<no>is</no>&#160;<no>then</no>&#160;<method>copied</method>&#160;<no>to</no>&#160;<no>the</no>&#160;<no>clipboard</no>.&#160;
 
<no>3.14</no> <method>Paste</method> <class>Partition</class> 
<no>With</no>&#160;<no>this</no>&#160;<no>action</no>&#160;<no>you</no>&#160;<no>can</no>&#160;<method>paste</method>&#160;<no>the</no>&#160;copied&#160;<class>partition</class>&#160;<no>to</no>&#160;unallocated&#160;<class>space</class>&#160;<no>of</no>&#160;<no>the</no>&#160;<no>same</no>&#160;<class>drive</class>,&#160;<no>another</no>&#160;<class>drive</class>&#160;<no>in</no>&#160;<no>its</no>&#160;<no>entirety</no>,&#160;<no>or</no>&#160;<no>to</no>&#160;unallocated&#160;<class>space</class>&#160;
<no>of</no>&#160;<no>another</no>&#160;<class>drive</class>.&#160;<method>Select</method>&#160;<no>the</no>&#160;<no>whole</no>&#160;<class>drive</class>&#160;<no>or</no>&#160;<class>partition</class>&#160;<no>of</no>&#160;<no>a</no>&#160;<class>drive</class>&#160;<no>and</no>&#160;<no>then</no>&#160;<method>press</method>&#160;<method>Paste</method>&#160;<no>on</no>&#160;<no>the</no>&#160;<no>main</no>&#160;<no>functions</no>&#160;<no>bar</no>&#160;<no>or</no>&#160;<no>go</no>&#160;<no>to</no>&#160;<class>Partition</class><no>‐&gt;</no><method>Paste</method>.&#160;<no>A</no>&#160;<no>dialog</no>&#160;<no>window</no>&#160;<method>opens</method>.&#160;<no>As</no>&#160;<no>with</no>&#160;<method>Resize</method>/<method>Move</method>,&#160;<no>there</no>&#160;<no>is</no>&#160;<no>a</no>&#160;<no>slider</no>.&#160;<no>You</no>&#160;<no>can</no>&#160;<no>leave</no> <no>it</no>&#160; <no>at</no>&#160;<no>the</no>&#160;<no>default</no>&#160;<no>setting</no>,&#160;<no>which</no>&#160; <no>the</no>&#160;<no>exact</no>&#160;<no>same</no> size&#160;<no>of</no> <no>the</no> <method>partitioned</method> <no>being</no> <method>copied</method>, <no>or</no> <no>you</no> <no>can</no> <no>only</no> <method>slide</method> <no>it</no> <no>up</no> <no>for</no>&#160;<no>the</no>&#160;pasted&#160;<class>partition</class>&#160;<no>to</no>&#160;<association>take</association>&#160;<no>up</no>&#160;<no>more</no>&#160;(<no>free</no>)&#160;<class>space</class>&#160;<no>than</no>&#160;<no>the</no>&#160;<no>copied</no>
<no>one</no> <no>be</no>&#160;<no>at</no>&#160;<no>the</no>&#160;<no>start</no>&#160;<no>of</no>&#160;<no>the</no>.&#160;<no>You</no>&#160;<no>can</no>&#160;<no>also</no>&#160;<no>move</no>&#160;<no>around</no>&#160;<no>the</no>&#160;pasted&#160;<class>partition</class>,&#160;<no>it</no> <no>doesn’t</no>&#160;<no>have</no>&#160;<no>to</no>&#160;&#160;<no>unallocated</no>&#160;<no>space</no>. <no>Here</no> <no>you</no> <no>see</no> <no>the</no> <no>slider</no> <no>which</no> <no>defaults</no> <no>at</no> <no>the</no> size <no>of</no> <no>the</no> <class>partition</class> <no>to</no> <method>copy</method>, <no>but</no> <no>you</no> <no>can</no> <method>change</method> <no>that</no> <no>if</no> <no>you</no> <no>want</no>.&#160;<no>IMPORTANT</no>: <no>You</no> <no>can</no> <method>paste</method> <no>over</no> <no>an</no> existing <class>partition </class>(<no>whether</no> <no>it</no>’s <no>formatted</no> <no>or</no> <no>unformatted</no>). <no>A</no> <no>warning</no> <no>is</no> <no>shown</no> <no>that</no> <no>you</no> <no>will</no> <no>lose</no> <no>all</no> <no>of</no> <no>that</no> <class>partition</class><no>’s</no> <no>data</no>. <no>So</no> <method>paste</method> <no>with</no> <no>caution</no>. <no>Press</no> <method>Paste</method> <no>and</no> <no>then</no> <method>Apply</method>.
 
<no>3.15</no> <method>Format</method> <class>Partition</class> 
<no>After</no>&#160;<no>you</no>&#160;<no>have</no>&#160;<method>created</method>&#160;<no>a</no>&#160;<class>partition</class>&#160;(<no>regardless</no>&#160;<no>of</no>&#160;<no>formatting</no>&#160;<no>it</no>&#160;<no>or</no>&#160;<no>not</no>)&#160;<no>you</no>&#160;<no>can</no>&#160;<association>format</association>&#160;<no>it</no>&#160;<no>to</no>&#160;<no>the</no>&#160;<class>file system</class>&#160;<no>you</no>&#160;<no>like</no>. <no>First</no>,&#160;<method>select</method>&#160;<no>the</no>&#160;<class>partition</class>&#160;<no>you</no>&#160;<no>to</no>&#160;<method>format</method>.&#160;<no>Then</no>,&#160;<method>click</method>&#160;<no>on</no>&#160;<class>Partition</class><no>‐&gt;</no><method>Format</method> <no>to</no>.&#160;<no>A</no>&#160;<no>list</no>&#160;<no>of</no>&#160;<no>the</no>&#160;<no>supported</no>&#160;<class>file&#160;systems</class> <no>Click</no>&#160;<no>on</no>&#160;<no>the</no>&#160;<no>desired</no>&#160;<no>one</no>&#160;<no>and</no>&#160;<no>then</no>&#160;<no>click</no>&#160;<no>on</no>&#160;<no>Apply</no>. 

                       
<no>3.16</no> <method>Unmount</method> <class>Partition</class> 
<no>If</no>&#160; <no>you</no>&#160; <no>have</no>&#160;<method>mounted</method>&#160; <class>a</class>&#160; <class>partition</class>&#160; <no>to</no>&#160; <no>a</no>&#160; <no>specific</no>&#160;<no>mount</no>&#160; <no>point</no>,&#160; <no>you</no>&#160; <no>can</no>&#160; <no>unmount</no>&#160; <no>it</no>&#160; <no>by</no>&#160;<no>clicking</no>&#160;<no>on</no>&#160;<class>Partition</class><no>‐&gt;</no><no>Unmount</no>.&#160;<no>Please</no>&#160;<no>refer</no>&#160;<no>to</no>&#160;<no>3.21</no>&#160;<no>for</no>&#160;<no>an</no>&#160;<no>online</no>&#160;<no>guide</no>&#160;<no>on</no>&#160;<no>mounting</no>&#160;<no>partitions</no>&#160;<no>in</no>&#160;<no>GParted</no>. 
 
<no>3.17</no> <method>Manage</method> <class>Flags</class> 
<method>Selecting</method>&#160; <no>a</no>&#160; <class>partition</class>&#160; <no>and</no>&#160; <no>then</no>&#160;<method>clicking</method>&#160; <no>on</no>&#160; <class>Partition</class><no>‐&gt;</no><method>Manage</method>&#160;<class>Flags</class>,&#160; <method>brings</method>&#160; <no>up</no>&#160; <no>a</no>&#160; <method>dialog&#160;window</method>&#160;<no>with</no>&#160; <class>flags</class>&#160; <no>and</no>&#160; <class>checkboxes</class>.&#160;<no> These</no>&#160;<no>are</no>&#160; <no>functions</no>&#160; <no>supported</no>&#160; <no>by</no>&#160; <no>the</no>&#160;<class>partition</class>,&#160; <no>like</no>&#160; <no>if</no>&#160; <no>the</no>&#160; <class>partition</class>&#160; <no>is</no>&#160;<method>bootable</method>,&#160; <no>if</no>&#160; <no>it</no>&#160; <no>is</no>&#160; <method>hidden</method>&#160; <no>etc</no>.&#160; <no>You</no>&#160;<no>can</no>&#160; <method>change</method>&#160; <no>those</no>&#160; <no>here</no>.&#160; <no>Bear</no>&#160; <no>in</no>&#160;<no>mind</no>&#160;<no>that</no>&#160;<no>some</no>&#160;<no>functions</no>&#160;<no>are</no>&#160;<no>not</no>&#160;<no>supported</no>&#160;<no>by</no>&#160;some&#160;<class>partitions</class>.&#160;&#160;&#160;&#160;&#160;
  
<no>3.18</no> <method>Check</method> <no>and</no> <method>Repair</method> <class>File System</class> 
<association>Selecting</association>&#160;<no>a</no>&#160;<class>partition</class>&#160;<no>and</no>&#160;<no>then</no>&#160;<association>clicking</association>&#160;<no>on</no>&#160;<class>Partition</class>‐<no>&gt;</no><no>Check</no>,&#160;<method>sends</method>&#160;<no>in</no>&#160;<method>pending&#160;mode</method>&#160;<no>the</no>&#160;<method>check</method>&#160;<no>and</no>&#160;<method>repair</method>&#160;<class>partition</class>&#160;<no>errors</no>&#160;<no>operation</no>.&#160;<no>Click</no>&#160;<no>on</no>&#160;<method>Apply</method>&#160;<no>to</no>&#160;<no>have</no>&#160;<no>the</no>&#160;<class>partition</class>’<no>s&#160;</no><class>file system</class>&#160;<no>analyzed</no>,&#160;<method>checked</method>&#160;<no>for</no>&#160;<no>errors</no>&#160;<no>and</no>&#160;<method>repaired</method>&#160;<no>if</no>&#160;<no>errors</no>&#160;<no>are</no>&#160;<no>found</no>. 

<no>3.19</no> <class>Label Partition</class> 
<method>Selecting</method>&#160; <no>a</no>&#160; <class>partition</class>&#160;<no>clicking</no>&#160;<no>on</no>&#160;<no>Partition</no><no>‐&gt;</no><class>Labdialog&#160;window</class>&#160;<association>asking</association>&#160; <no>to</no>&#160;name&#160;<no>your</no>&#160;<class>partition</class>.&#160; <no>You</no>&#160; <no>could</no>&#160; <no>also</no>&#160; <no>do</no>&#160; <no>that</no>&#160;<no>when</no>&#160; <method>creating</method>&#160; <no>the</no>&#160; <class>partition</class>,&#160; <no>but</no>&#160; <no>if</no>&#160;<no>you</no>&#160;<no>missed</no>&#160;<no>it</no>&#160;<no>or</no>&#160;<no>didn’t</no> <no>support</no> <no>labeling</no>.
 
<no>3.20</no> <no>top</no> <no>or</no> <no>an</no> <class>Active Window</class> 
<method>Clicking</method>&#160; <no>on</no>&#160; <class>Screenshot</class>&#160; <no>on</no>&#160; <no>the</no>&#160; <class>desktop</class>,&#160; <method>opens</method>&#160; <no>a</no>&#160;<method>dialog</method>&#160; <no>window</no>&#160; <no>which</no>&#160; <no>informs</no>&#160; <no>you</no>&#160; <no>that</no>&#160; <no>after</no>&#160;<no>clicking</no>&#160; <no>Yes</no>,&#160; <no>a</no>&#160; <method>cross‐pointer</method>&#160; <method>appears</method>&#160; <no>and</no>&#160; <no>you</no>&#160;<method>select</method>&#160;<no>the</no>&#160;<no>window</no>&#160;<no>you</no>&#160;<no>want</no>&#160;<no>to</no>&#160;<method>print-screen</method>.&#160; <no>When</no>&#160; <no>the</no>&#160; <no>cross‐hair</no>&#160; <no>appears</no>,&#160; <no>you</no>&#160; <no>can</no>&#160; <method>click</method>&#160; <no>on</no>&#160;<no>any</no>&#160;<class>active&#160;window</class>&#160;<no>to</no>&#160;<association>take</association>&#160;<no>its</no>&#160;<class>screenshot</class>,&#160;<no>or</no>&#160;<method>click</method>&#160;<no>somewhere</no>&#160; <no>in</no>&#160; <no>the</no>&#160; <class>desktop</class><no>’s&#160;</no> <method>wallpaper</method>&#160; <no>for</no>&#160; <no>a</no>&#160;<no>general</no>&#160;<class>desktop</class>&#160;<no>screenshot</no>. 
  
<no>A</no>&#160; <no>preview</no>&#160; <no>of</no>&#160; <no>the</no>&#160; <no>screenshot</no>&#160; <no>is</no>&#160; <no>displayed</no>,&#160;<no>and</no> <no>a</no> <no>pop ‐up</no> <no>message</no> <no>informs</no> <no>you</no> <no>that</no> <no>your</no> <no>screenshot</no> <no>has</no> <no>been</no> <no>saved</no> <no>as</no> <no>gparted.jpeg</no> <no>under</no> <no>/root</no>. <no>For</no> <no>saving</no> <no>screenshots</no> <no>to</no> <no>a</no> <no>device</no>, <no>please</no> <no>refer</no> <no>to</no> <no>3.21</no>.

<no>3.21</no> <class>Terminal</class> <no>&amp;</no> <method>Mount</method> <class>Partitions</class> <no>and</no> <method>Save</method> <class>Screenshots</class> <no>to</no> <no>a</no> <no>Device</no>

<no>Apart</no>&#160;<no>from</no>&#160;<no>the</no>&#160;<no>main</no>&#160;<no>GParted</no>&#160;<no>window</no>,&#160;<no>you</no>&#160;<no>can</no>&#160;<no>also</no>&#160; <method>launch</method>&#160;<no>a</no>&#160;<method>command&#160; line&#160;utility</method>&#160;<no>by</no>&#160;<no>clicking</no>&#160;<no>on</no>&#160;<no>Terminal</no>. <no>This</no>&#160; <no>is</no>&#160; <no>useful</no>&#160; <no>for</no>&#160; <no>more</no>&#160;<no>advanced</no>&#160; <no>operations</no>,&#160; <no>or</no>&#160;<no>if</no> <no>some</no>&#160; <no>operations</no>&#160;<no>cannot</no>&#160; <no>be</no>&#160; <no>performed</no>&#160; <no>in</no>&#160; <no>shell</no>&#160;<no>is</no>&#160;<no>bash</no>.&#160;<no>For</no>&#160;<no>example</no>,&#160;<no>you</no>&#160;<no>can</no>&#160;<association>mount</association>&#160;<no>a</no>&#160;<class>partition</class>&#160;<no>to</no>&#160; <no>a</no>&#160;<association>mount&#160; point</association>&#160; <no>in</no>&#160; <no>the</no>&#160;<no>system</no>.&#160;<no>This</no>&#160;<no>can</no>&#160;<no>be</no>&#160;<no>done</no>&#160;<no>only</no>&#160; <no>through</no>&#160; <class>Terminal</class>.&#160; <no>It</no>&#160;<no>is</no>&#160; <no>also</no>&#160; <no>used</no>&#160; <no>for</no>&#160; <method>copying</method>&#160;<no>your</no>&#160; <no>saved</no>&#160; <class>screenshots</class>&#160;<no>from</no>&#160; <no>the</no>&#160; <no>system</no>’s&#160; <class>virtual&#160;drive</class>&#160; <no>to</no>&#160; <no>a</no>&#160; <class>hard&#160; disk</class>&#160; <no>or</no>&#160;<class>USB&#160;flash&#160;drive</class>.&#160;<no>There</no>&#160;<no>is</no>&#160;<no>a</no>&#160;<no>comprehensive</no>&#160; <no>guide</no>&#160; <no>on</no>&#160;<no>how</no>&#160;<no>to</no>&#160;do&#160;<no>this</no>&#160;<no>online</no>:&#160;<no>http://gparted.sourceforge.net/larry/tips/save_details.htm
</no>       
<no>3.22</no> <no>Information</no>
<method>Clicking</method>&#160;<no>on</no>&#160;<method>Info</method>&#160;<no>brings</no>&#160;<no>up</no>&#160;<no>a</no>&#160;<no>dialog</no>&#160;<no>window</no>,&#160;<no>on</no> <no>which</no> <no>you</no> <no>can</no> <method>select</method> <no>the</no> <no>List</no> <no>of</no> <class>packages</class> <no>or</no> <no>Windows</no> <method>Information</method>.&#160;<no>terminal</no> <no>and</no> <method>presents</method> <no>you</no> <no>with</no> <no>a</no> <no>list</no> <no>of</no> <class>packages</class> <no>and</no> <class>libraries</class> <method>installed</method> <no>in</no> <no>GParted</no>. <no>You</no> <method>quit</method> <no>by</no> <method>pressing</method> <method>q</method>. <no>The</no> <no>second</no> <no>option</no> <no>opens</no> <method>resize</method>‐<method>windows</method>.<no>txt</no> <no>in</no> <no>Terminal</no>, <no>which</no> <no>shows</no> <no>you</no> <no>some</no> <no>things</no> <no>you</no> <no>should</no> <no>be</no> <no>careful</no> <no>of</no> <no>when</no> <method>resizing</method> <method>Windows</method> <no>XP</no> <no>and</no> <no>Windows</no> <no>Vista</no> <no>partitions</no>. <no>You</no> <method>quit</method> <no>by</no> <method>pressing</method> <method>q</method>. 
    
<no>3.23</no> <no>Screen</no> <class>Resolution</class> <method>Changer</method>
<method>Clicking</method> <no>on</no> <no>Screen</no> <class>resolution</class> <no>brings</no> <no>up</no> <no>a</no> <no>window</no> <no>with</no> <no>monitor</no> <no>resolution</no> <no>options</no>. <no>Here</no> <no>you</no> c<no>an </no><method>select</method> <no>the</no> <class>resolution</class> <no>that</no> <no>best</no> <no>fits</no> <no>your</no> <class>monitor</class>. <no>You</no> <no>can</no> <no>also</no> <method>rotate</method> <no>your</no> <method>view</method>, <method>change</method> <method>layout</method> <no>if</no> <no>you</no> <no>have</no> <no>multiple</no> <class>monitors</class> <no>etc</no>.
 
<no>3.24</no> <class>Date</class> <no>and</no> <class>Time</class>
<class>Date</class> <no>and</no> <class>time</class> <no>is</no> <association>displayed</association> o<no>n </no><no>the</no> <class>desktop</class><no>’s</no> <class>taskbar</class>. <no>These</no> <no>settings</no> <no>are</no> <method>read</method> f<no>rom </no><no>the</no> <no>computer</no>’s <class>BIOS</class>.</document>
