<document><no>3.1</no> <no>System</no> <no>Feature</no> <no>1</no> - <method>Split</method> 
<method>Split</method> <no>a</no> <class>pdf document</class> <no>through</no> <no>the</no> <no>GUI</no> <no>Interface</no>. <no>This</no> <no>plugin</no> <no>allows</no> <no>you</no> <no>to</no> <no>set</no> <no>a</no> <no>number</no> <no>of</no> <no>options</no> <no>that</no> <no>will</no> <no>be</no> <no>used</no> <no>to</no> <method>split</method> <no>the</no> <no>document</no>. 
<no>3.1.1</no> <no>Description</no>  <no>The</no> <class>user</class> <no>can</no> <method>divide</method> <no>a</no> <class>pdf document</class> <no>into</no> <no>parts</no>, <no>following</no> <no>some</no> <no>options</no> <no>for</no> <no>how</no> <no>to</no> <method>split</method> <no>the</no> <class>document</class>. <no>Then</no> <no>he</no> <no>can</no> <no>save</no> <no>the</no> <attribute>output</attribute> <no>pdf</no> <class>files</class> <no>in</no> <no>a</no> <no>directory</no> <no>he</no> <no>wants</no>. 
<no>3.1.2</no> <no>Stimulus</no>/<no>Response</no> <no>Sequences</no>  <no>The</no> <class>user</class> <no>has</no> <no>to</no> <method>select</method> <no>the</no> <method>Split option</method> <no>from</no> <no>the</no> <no>plugins</no> <no>tree</no> (<no>or</no> <no>press</no> <no>the</no> “<no>S</no>” <no>key</no>) <no>to</no> <no>display</no> <no>the</no> <class>split panel</class>.                                                        

<no>The</no> <class>GUI Split panel</class> <generalization>consists</generalization> <no>of</no> <no>the</no> <no>following</no> <no>parts</no>: <no></no> <class>Selection panel</class>: <no>The</no> <class>user</class> <method>selects</method> <no>the</no> <class>document</class> <no>he</no> <no>wants</no> <no>to</no> <method>split</method> <no>from</no> <no>a</no> <no>directory</no>. <no>When</no> <no>the</no> <class>file</class> <no>is</no> <method>imported</method>, <no>some</no> <no>information</no> <no>about</no> <no>the</no> <class>file</class> <method>displayed</method> (<no>such</no> <no>as</no> <attribute>pages number</attribute>, <attribute>pdf version</attribute>…<no>)</no>. <no>If</no> <no>the</no> <class>document</class> <no>is</no> <attribute>protected</attribute> <no>the</no> <method>user</method> <no>have</no> <no>to</no> <method>enter</method> <no>the</no> <attribute>password</attribute> <no>to</no> <no>the</no> <no>appropriate</no> <no>field</no> <no>and</no> <no>then</no> <method>reload</method> <no>the</no> <method>pdf</method>. 
<no></no> <no>Split</no> <no>options</no>: <no>The</no> <class>user</class> <no>can</no> <method>choose</method> <no>between</no> <no>7</no> <generalization>types</generalization> <no>of</no> <class>splitting</class>: <no>−</no> <class>Burst</class>: <no>the</no> <attribute>input</attribute> <class>file</class> <no>will</no> <no>be</no> <association>split</association> <no>in</no> <method>single pages</method>. − <no>Split</no> <no>every</no> <class>“n” pages</class>: <no>the</no> <attribute>input</attribute> <class>file</class> <no>will</no> <no>be</no> <association>split</association> <no>every</no> <method>“n” pages</method>. <no>−</no> <no>Split</no> <class>even pages</class>: <no>the</no> <attribute>input</attribute> <class>file</class> <no>will</no> <no>be</no> <association>split</association> <no>at</no> <no>every</no><method> even page</method>. <no>−</no> <no>Split</no> <class>odd pages</class>: <no>the</no> <attribute>input</attribute> <class>file</class> <no>will</no> <no>be</no> <association>split</association> <no>at</no> <no>every</no> <method>odd page</method>. <no>−</no> <no>Split</no> <no>after</no> <no>these</no> <class>pages</class>: <no>the</no> <attribute>input</attribute> <class>file</class> <no>will</no> <no>be</no> <association>split</association> <no>at</no> <no>the</no> <method>given pages 
numbers</method>. <no>−</no> <no>Split</no> <no>at</no> <no>this</no> <class>size</class>: <no>the</no> <attribute>input</attribute> <class>file</class> <no>will</no> <no>be</no> <association>split</association> <no>in</no> <class>files</class> <no>of</no> <no>the</no> <method>given size</method> (<no>roughly</no>). − <no>Split</no> <no>by</no> <class>bookmark level</class>: <no>the</no> <attribute>input</attribute> <class>file</class> <no>will</no> <no>be</no> <association>split</association> <no>at</no> <no>every</no> <no>page</no> <no>linked</no> <no>by</no> <no>the</no> <method>bookmarks</method> <no>of</no> <no>the</no> <no>selected</no> <no>level</no> (<no>this</no> <no>can</no> <no>be</no> <no>very</no> <no>useful</no> <no>if</no> <no>you</no> <no>want</no> <no>to</no> <no>split</no> <no>an</no> <no>e-book</no> <no>in</no> <no>chapters</no>). 
<no></no> <no>Destination</no> <no>folder</no>: <no>The</no> <class>user</class> <method>selects</method> <no>the</no> <method>destination folder</method> <no>for</no> <no>the</no> <attribute>output</attribute> <class>files</class> (<no>specific</no> <no>or</no> <no>same</no> <no>as</no> <no>source</no>). <no>Also</no>, <no>he</no> <no>can</no> <no>select</no> <no>whether</no> <no>he</no> <no>wants</no> <no>the</no> <attribute>output</attribute> <class>files</class> <no>to</no> <no>be</no> <method>compressed</method> <no>or</no> <no>not</no>, <no>and</no> <no>the</no> <method>pdf version</method> <no>of</no> <no>the</no> <method>generated</method> <no>documents</no>. 
<no></no> <no>Output</no> <no>options</no>: <no>Here</no> <no>the</no> <class>user</class> <no>can</no> <method>define</method> <no>a</no> <method>pattern</method> <no>that</no> <no>will</no> <no>generate</no> <class>file</class> <attribute>names</attribute> <no>for</no> <no>the</no> <attribute>output</attribute> <class>files</class>. <no>The</no> <no>available</no> <no>complex</no> <no>prefixes</no> <no>that</no> <no>can</no> <no>be</no> <no>used</no> <no>are</no>: −  <class>[CURRENTPAGE]</class>: <no>This</no> <no>prefix</no> <no>variable</no> <no>ensures</no> <no>unique</no> <attribute>output</attribute> <class>file</class> <attribute>names</attribute> <no>and</no> <no>it</no>&apos;s <method>replaced</method> <no>with</no> <no>the</no> <method>current page number</method>. <no>The</no> <no>number</no> <no>of</no> <no>digits</no> <no>of</no> <no>the</no> <no>generated</no> <no>prefix</no> <no>can</no> <no>be</no> <no>specified</no> <no>appending</no> <no>any</no> <no>number</no> <no>of</no> “<no>#</no>” <no>at</no> <no>the</no> <no>prefix</no> <no>name</no>, <no>inside</no> <no>the</no> <no>square</no> <no>brackets</no> (<no>e.g</no>. <no>the</no> <no>prefix</no> [<no>CURRENTPAGE</no><no>###</no>] <no>will</no> <no>generate</no> <no>prefixes</no> <no>like</no> ‘<no>001</no>’, ‘<no>002</no>’...). 
− <class>[TIMESTAMP]</class>: <no>This</no> <no>prefix</no> <no>variable</no> <no>ensures</no> <no>unique</no> <attribute>output</attribute> <class>file</class> <attribute>names</attribute> <no>and</no> <no>it</no>&apos;s <method>replaced</method> <no>with</no> <no>the</no> <method>current date and time</method>. <no>Time</no> <no>has</no> <no>milliseconds</no> <no>precision</no> <no>and</no> <no>the</no> <no>replaced</no> <no>variable</no> <no>will</no> <no>be</no> <no>something</no> <no>like</no> “<no>20100206</no>_<no>045107232</no>” <no>that</no> <no>is</no> “<no>YYYYMMDD_HHmmssSSS</no>”. 
− <class>[FILENUMBER]:</class> <no>This</no> <no>prefix</no> <no>variable</no> <no>ensures</no> <no>unique</no> <attribute>output</attribute> <class>file</class> <attribute>names</attribute> <no>and</no> <no>it</no>&apos;s <method>replaced</method> <no>with</no> <no>a</no> <class>file</class> <attribute>number</attribute> <no>according</no> <no>to</no> <no>the</no> <method>output order</method>. <no>The</no> <no>number</no> <no>of</no> <no>digits</no> <no>of</no> <no>the</no> <no>generated</no> <no>prefix</no> <no>can</no> <no>be</no> <no>specified</no> <no>appending</no> <no>any</no> <no>number</no> <no>of</no> &apos;<no>#</no>&apos; <no>at</no> <no>the</no> <no>prefix</no> <no>name</no>, <no>inside</no> <no>the</no> <no>square</no> <no>brackets</no> (<no>e.g</no>. [<no>FILENUMBER</no><no>###</no>] <no>will</no> <no>generate</no> <no>prefixes</no> <no>like</no> &apos;<no>001</no>&apos;, &apos;<no>002</no>&apos;...). <no>A</no> <no>starting</no> <no>number</no> <no>can</no> <no>be</no> <no>appended</no> <no>at</no> <no>the</no> <no>prefix</no> <no>name</no> <no>inside</no> <no>the</no> <no>square</no> <no>brackets</no> (<no>e.g</no>. [<no>FILENUMBER13</no>] <no>will</no> <no>generate</no> <no>prefixes</no> <no>like</no> &apos;<no>13</no>&apos;, &apos;<no>14</no>&apos;...). <no>Finally</no>, <no>it</no> <no>can</no> <no>be</no> <no>combined</no> <no>a</no> <no>started</no> <no>number</no> <no>and</no> <no>the</no> <no>number</no> <no>of</no> <no>digits</no> (<no>e.g</no>. [<no>FILENUMBER</no><no>###13</no>] <no>will</no> <no>generate</no> <no>prefixes</no> <no>like</no> &apos;<no>013</no>&apos;, &apos;<no>014</no>&apos;...). 
− <class>[BASENAME]</class>: <no>This</no> <no>prefix</no> <no>variable</no> <no>is</no> <method>replaced</method> <no>with</no> <no>the</no> <no>original</no> <no>name</no> <no>of</no> <no>the</no> <method>input document</method>. <no>It</no> <no>does</no> <no>not</no> <no>ensure</no> <no>unique</no> <attribute>output</attribute> <class>file</class> <no>names</no> <no>and</no> <no>it</no> <no>must</no> <no>be</no> <no>used</no> <no>together</no> <no>with</no> <no>other</no> <no>variables</no>. <no>If</no> <no>it</no> <no>is</no> <no>used</no> <no>alone</no>, <no>the</no> <no>system</no> <no>will</no> <no>use</no> <no>the</no> <no>default</no> <no>filename</no> <no>pattern</no>. 
− <class>[BOOKMARK_NAME]</class>: <no>This</no> <no>prefix</no> <no>variable</no> <no>can</no> <no>be</no> <no>used</no> <no>only</no> <no>when</no> <no>splitting</no> <no>by</no> <no>bookmarks</no> <no>level</no>. <no>It</no> <no>ensures</no> <no>unique</no> <attribute>output</attribute> <class>file</class> <attribute>names</attribute> (<no>unless</no> <no>two</no> <no>or</no> <no>more</no> <no>bookmarks</no> <no>have</no> <no>the</no> <no>same</no> <no>name</no>) <no>and</no> <no>it</no> <no>enables</no> <no>variable</no> <no>substitution</no>. <no>It</no><no>&apos;s</no> <method>replaced</method> <no>with</no> <no>the</no> <method>bookmark name</method>. <no>Some</no> <no>characters</no> <no>of</no> <no>the</no> <no>bookmark</no> <no>name</no> <no>could</no> <no>be</no> <no>stripped</no> <no>if</no> <no>they</no> <no>are</no> <no>not</no> <no>valid</no> <no>character</no> <no>for</no> <no>a</no> <class>file</class> <no>name</no>. 
 
− <no>If</no> <no>left</no> <no>blank</no>, <no>the</no> <attribute>output</attribute> <class>file</class> <attribute>names</attribute> <no>will</no> <no>take</no> <no>the</no> <no>default</no> <no>pattern</no> [<no>CURRENTPAGE</no>] _ [<no>BASENAME</no>]. 
− <no>It</no> <no>can</no> <no>be</no> <no>written</no> <no>anything</no> <no>before</no> <no>or</no> <no>after</no> <no>of</no> <no>these</no> <no>prefixes</no>. <no></no> <no>RUN</no> <no>button</no>: <no>After</no> <no>the</no> <class>user</class> <no>sets</no> <no>all</no> <no>these</no> <no>parameters</no>, <no>he</no> <no>presses</no> <no>the</no> <no>RUN</no> <no>button</no> <no>and</no> <no>the</no> <no>splitting</no> <no>starts</no>. 
<no>3.1.3</no> <no>Functional</no> <no>Requirements</no> 
<no>REQ-1</no>: <no>The</no> <class>user</class> <no>can</no> <method>split</method> <no>only</no> <no>once</no> <method>document</method> <no>at</no> <no>a</no> <no>time</no>. <no>REQ-2</no>: <no>The</no> <no>compression</no> <no>of</no> <no>the</no> <attribute>output</attribute> <class>files</class> <no>requires</no> <no>pdf</no> <no>version</no> <no>1.5</no> <no>or</no> <no>above</no>. <no>REQ-3</no>: <no>The</no> <no>number</no> <no>of</no> <no>digits</no> <no>that</no> <no>can</no> <no>be</no> <no>used</no> <no>for</no> <no>the</no> <no>unique</no> [<no>FILENUMBER</no>] <no>prefix</no> <no>must</no> <no>be</no> <no>10</no> <no>or</no> <no>less</no>. 

<no>3.2</no> <no>System</no> <no>Feature</no> <no>2</no> - <method>Merge</method>/<method>Extract</method> 
<method>Merge</method> <no>many</no> <method>pdf documents</method> <no>or</no> <no>subsections</no> <no>of</no> <no>them</no>. <no>Extract</no> <no>sections</no> <no>of</no> <no>a</no> <no>document</no> <no>into</no> <no>a</no> <no>single</no> <no>document</no>. 
<no>3.2.1</no> <no>Description</no>  <class>Users</class> <no>can</no> <method>merge</method> <no>many</no> <method>pdf documents</method> <no>or</no> <method>subsections</method> <no>of</no> <no>them</no> <no>together</no>. <no>In</no> <no>the</no> <no>same</no> <no>way</no>, <no>they</no> <no>can</no> <method>extract</method> <no>some</no> <method>sections</method> <no>of</no> <no>a</no> <no>pdf</no> <no>document</no> <method>into a single document</method>.                         
<no>3.2.2</no> <no>Stimulus</no>/<no>Response</no> <no>Sequences</no>  <no>The</no> <class>user</class> <no>has</no> <no>to</no> <no>select</no> <no>the</no> <method>Merge</method>/<method>Extract</method> <no>option</no> <no>from</no> <no>the</no> <no>plugins</no> <no>tree</no> (<no>or</no> <no>press</no> <no>the</no> “<no>M</no>” <no>key</no>) <no>to</no> <no>display</no> <no>the</no> <class>merge/extract panel</class>. <no>The</no> <no>GUI</no> <class>Merge/Extract panel</class> <method>enables</method> <no>the</no> <class>user</class> <no>to</no> <method>select</method> <no>more</no> <no>than</no> <no>one</no> <class>file</class> <no>to</no> <no>handle</no>. <no>Once</no> <no>the</no> <class>user</class> <method>selects</method> <no>the</no> <class>file</class>/<class>files</class> <no>they</no> <no>are</no> <no>automatically</no> <method>inserted</method> <no>into</no> <no>the</no> <no>selection</no> <no>table</no> <no>with</no> <no>some</no> <no>specific</no> <no>details</no>. <no>Now</no>, <no>the</no> <class>user</class> <no>can</no> <method>change</method> <no>the</no> <method>order</method> <no>and</no>/<no>or</no> <method>select</method> <no>the</no> <method>pages</method> <no>of</no> <no>the</no> <class>file</class>/<class>files</class> <no>that</no> <no>he</no> <no>wants</no> <no>to</no> <no>be</no> <no>included</no> <no>in</no> <no>the</no> <no>final</no> <no>document</no>. 
 <no>In</no> <no>the</no> <no>Page</no> <no>Selection</no> <no>column</no> <no>of</no> <no>the</no> <no>table</no>, <class>user</class> <no>can</no> <no>write</no>: − “<class>All</class>”: <no>to</no> <method>merge</method> <no>the</no> <method>whole</method> <no>document</no>. − “<class>page</class> - <no>to</no> <class>page</class>”: <no>to</no> <method>merge</method> <method>pages</method> <no>between</no> “<no>page</no>” <no>and</no> “<no>to</no> <no>page</no>” (e.g. 8-15 <no>if</no> <no>he</no> 
<no>want</no> <no>to</no> <no>merge</no> <no>pages</no> <no>between</no> <no>8</no> <no>and</no> <no>15</no>). − “<class>page</class> -”: <no>to</no> <method>merge</method> <method>pages</method> <no>starting</no> <no>from</no> “<no>page</no>” <no>till</no> <no>the</no> <method>end</method> <no>of</no> <no>the</no> <no>document</no>. − <no>A</no> <class>single page</class> <no>number</no>, <no>if</no> <no>he</no> <no>wants</no> <no>only</no> <no>that</no> <no>page</no> <no>of</no> <no>the</no> <no>document</no>. − <no>Commas</no> (<no>without</no> <no>any</no> <no>blanks</no>) <no>to</no> <no>separate</no> <no>the</no> <no>different</no> <no>values</no> (<no>e.g</no>. “<no>2,12</no>-<no>16,17</no>-” 
<no>if</no> <no>he</no> <no>wants</no> <no>to</no> <no>merge</no> <no>page</no> <no>2</no>, <no>pages</no> <no>between</no> <no>12</no> <no>and</no> <no>16</no>, <no>and</no> <no>all</no> <no>the</no> <no>other</no> <no>pages</no> <no>from</no> <no>page17</no> <no>to</no> <no>the</no> <no>end</no>). 
<no>In</no> <no>the</no> <attribute>Password</attribute> <no>column</no> <class>user</class> <no>has</no> <no>to</no> <method>set</method> <no>the</no> <attribute>password</attribute> <no>if</no> <no>the</no> <no>document</no> <no>is</no> <no>protected</no> <no>and</no> <no>then</no> <association>reload</association> <no>the</no> <class>file</class>. <no>The</no> <class>user</class> <no>can</no> <association>change</association> <no>the</no> <association>order</association> <no>of</no> <no>the</no> <class>files</class> <no>by</no> <no>using</no> “<no>Move</no> <no>Up</no>” <no>and</no> “<no>Move</no> <no>Down</no>” <no>buttons</no>, <no>or</no> <no>make</no> <no>the</no> <no>list</no> <no>be</no> <no>ordered</no> <no>by</no> <no>the</no> <no>value</no> <no>of</no> <no>a</no> <no>specific</no> <no>column</no> <no>by</no> <no>clicking</no> <no>the</no> <no>header</no> <no>of</no> <no>that</no> <no>column</no>. <no>The</no> <class>user</class> <no>has</no> <no>the</no> <no>ability</no> <no>to</no> <association>export</association> <no>the</no> <no>list</no> <no>of</no> <no>the</no> <no>selected</no> <class>files</class> <no>as</no> <no>an</no> <no>xml</no> <class>file</class> <no>that</no> <no>can</no> <no>be</no> <no>used</no> <no>as</no> <no>an</no> <attribute>input</attribute> <class>file</class> <no>for</no> <no>the</no> <no>console</no> “<no>concat</no>” <no>command</no>, <no>-l</no> <no>option</no>. <no>If</no> <no>the</no> <no>pdf</no> <no>documents</no> <no>contain</no> <no>forms</no>, <no>the</no> <class>user</class> <no>must</no> <association>add</association> <no>that</no> <no>to</no> <no>the</no> <association>merge</association> <no>options</no>. <no>Finally</no>, <no>the</no> <class>user</class> <association>selects</association> <no>the</no> <attribute>output</attribute> <class>file</class> <no>path</no> <no>or</no> <no>let</no> <no>the</no> <no>PDFsam</no> <no>create</no> <no>one</no> <no>by</no> <no>default</no> <no>to</no> <no>the</no> <no>same</no> <no>folder</no> <no>as</no> <no>one</no> <no>of</no> <no>the</no> <attribute>imported</attribute> <class>files</class>. <no>Also</no>, <no>he</no> <no>can</no> <no>select</no> <no>whether</no> <no>he</no> <no>wants</no> <no>the</no> <attribute>output</attribute> <class>file</class> <no>to</no> <no>be</no> <no>compressed</no> <no>or</no> <no>not</no>, <no>and</no> <no>the</no> <no>pdf</no> <no>version</no> <no>of</no> <no>the</no> <no>generated</no> <no>document</no>. <no>The</no> <class>user</class> <method>presses</method> <no>the</no> <method>RUN</method> <no>button</no> <no>to</no> <no>start</no> <no>the</no> <no>merging</no> <no>of</no> <no>the</no> <class>files</class>. 
<no>3.2.3</no> <no>Functional</no> <no>Requirements</no> 
<no>REQ-1</no>: <no>pages</no> <no>number</no> <no>in</no> <no>the</no> <no>page</no> <no>selection</no> <no>must</no> <no>be</no> <no>comprehended</no>. <no>REQ-2</no>: <no>The</no> <no>compression</no> <no>of</no> <no>the</no> <attribute>output</attribute> <class>files</class> <no>requires</no> <no>pdf</no> <no>version</no> <no>1.5</no> <no>or</no> <no>above</no>. 
<no>3.3</no> <no>System</no> <no>Feature</no> <no>3</no> - <no>Alternate</no> <method>Mix</method> 
<no>Mix</no> <no>two</no> <no>pdf</no> <no>documents</no>. 
<no>3.3.1</no> <no>Description</no>  <class>Users</class> <no>may</no> <no>want</no> <no>to</no> <method>combine</method> <method>documents</method> <no>together</no> <no>by</no> <no>taking</no> <no>pages</no> <no>alternatively</no> <no>from</no> <no>two</no> <no>existing</no> <no>pdf</no> <no>documents</no> (<no>e.g</no>. <no>for</no> <no>documents</no> <no>coming</no> <no>from</no> <no>one-sided</no> <no>scanners</no>). <no>The</no> <no>resulting</no> <no>document</no> <no>will</no> <no>be</no> <no>composed</no> <no>by</no> <no>pages</no> <no>taken</no> <no>alternatively</no> <no>from</no> <no>the</no> <no>two</no> <no>input</no> <no>documents</no>. 
<no>3.3.2</no> <no>Stimulus</no>/<no>Response</no> <no>Sequences</no> 
 <no>The</no> <no>GUI</no> <class>Alternate Mix panel</class> <generalization>consists</generalization> <no>of</no> <no>the</no> <no>following</no> <no>parts</no>: <no></no> <no>Selection</no> <no>panel</no>: <no>The</no> <class>user</class> <method>selects</method> <no>the</no> <no>two</no> <method>documents</method> <no>that</no> <no>he</no> <no>wants</no> <no>to</no> <no>mix</no> <no>from</no> <no>a</no> <no>directory</no>. When <no>the</no> <class>files</class> <no>are</no> <method>imported</method>, <no>some</no> <no>information</no> <no>about</no> <no>the</no> <class>file</class> <method>displayed</method> <no>to</no> <no>the</no> <no>selection</no> <no>table</no> (<no>such</no> <no>as</no> <no>pages</no> <no>number</no>, <no>pdf</no> <no>version</no>…). <no>If</no> <no>the</no> <no>documents</no> <no>are</no> <no>protected</no> <no>the</no> <class>user</class> <no>has</no> <no>to</no> <method>enter</method> <no>the</no> <attribute>password</attribute> <no>to</no> <no>the</no> <no>appropriate</no> <no>field</no> <no>and</no> <no>then</no> <method>reload</method> <no>the</no> <no>pdf</no>. <no>The</no> <class>user</class> <no>can</no> <association>change</association> <no>the</no> <association>order</association> <no>of</no> <no>the</no> <no>two</no> <class>files</class> <no>by</no> <no>using</no> “<no>Move</no> <no>Up</no>” <no>and</no> “<no>Move</no> <no>Down</no>” <no>buttons</no>, <no>or</no> <no>make</no> <no>the</no> <no>list</no> <no>be</no> <no>ordered</no> <no>by</no> <no>the</no> <no>value</no> <no>of</no> <no>a</no> <no>specific</no> <no>column</no> <no>by</no> <no>clicking</no> <no>the</no> <no>header</no> <no>of</no> <no>that</no> <no>column</no>. 
<no></no> <no>Mix</no> <no>options</no>: <no>The</no> <class>user</class> <no>can</no> <method>modify</method> <no>the</no> <no>following</no> <no>parameters</no>: <no>−</no> <class>Reverse first </class><no>document</no>: <no>if</no> <no>he</no> <no>wants</no> <no>to</no> <no>take</no> <no>pages</no> <no>from</no> <no>the</no> <no>first</no> <no>document</no> <no>in</no> <no>reverse</no> <no>order</no> (<no>starting</no> <no>from</no> <no>the</no> <no>last</no> <no>page</no>). <no>−</no> <class>Reverse second</class> <no>document</no>: <no>if</no> <no>he</no> <no>wants</no> <no>to</no> <no>take</no> <no>pages</no> <no>from</no> <no>the</no> <no>second</no> <no>document</no> <no>in</no> <no>reverse</no> <no>order</no> (<no>starting</no> <no>from</no> <no>the</no> <no>last</no> <no>page</no>). <no>−</no> <no>Number</no> <no>of</no> <class>pages</class> <no>to</no> <class> switch</class> <no>document</no>: <no>the</no> <class>user</class> <no>with</no> <no>this</no> <no>option</no> <no>can</no> <method>define</method> <no>the</no> <method>step size</method> <no>of</no> <no>the</no> <no>mix</no>. <no>The</no> <no>default</no> <no>behavior</no> <no>is</no> <no>to</no> <no>take</no> <no>one</no> <no>page</no> <no>from</no> <no>the</no> <no>first</no> <no>document</no> <no>and</no> <no>one</no> <no>from</no> <no>the</no> <no>second</no> <no>one</no>. <no>However</no> <no>this</no> <no>step</no> <no>can</no> <no>be</no> <no>configured</no> <no>by</no> <no>this</no> <no>option</no> <no>telling</no> <no>PDFsam</no> <no>how</no> <no>many</no> <no>pages</no> <no>it</no> <no>should</no> <no>take</no> <no>from</no> <no>one</no> <no>document</no> <no>before</no> <no>switching</no> <no>to</no> <no>the</no> <no>other</no>. 
<no></no> <no>Destination</no> <attribute>output</attribute> <class>file</class>: <no>The</no> <class>user</class> <method>selects</method> <no>the</no> <method>destination</method> <no>folder</no> <no>for</no> <no>the</no> <attribute>output</attribute> <class>files</class> <no>or</no> <no>let</no> <no>the</no> <no>PDFsam</no> <no>create</no> <no>one</no> <no>by</no> <no>default</no> <no>to</no> <no>the</no> <no>same</no> <no>folder</no> <no>as</no> <no>one</no> <no>of</no> <no>the</no> <attribute>imported</attribute> <class>files</class>. <no>Also</no>, <no>he</no> <no>can</no> <no>select</no> <no>whether</no> <no>he</no> <no>wants</no> <no>the</no> <attribute>output</attribute> <class>files</class> <no>to</no> <no>be</no> <no>compressed</no> <no>or</no> <no>not</no>, <no>and</no> <no>the</no> <no>pdf</no> <no>version</no> <no>of</no> <no>the</no> <no>generated</no> <no>documents</no>. 
<no></no> <no>RUN</no> <no>button</no>: <no>After</no> <no>the</no> <class>user</class> <method>sets</method> <no>the</no> <method>parameters</method>, <no>he</no> <no>presses</no> <no>the</no> <no>RUN</no> <no>button</no> <no>and</no> <no>the</no> <no>mixing</no> <no>of</no> <no>the</no> <no>2</no> <no>documents</no> <no>starts</no>. 
<no>3.3.3</no> <no>Functional</no> <no>Requirements</no> 
<no>REQ-1</no>: <no>The</no> <class>user</class> <no>can</no> <no>mix</no> <no>only</no> <no>2</no> <no>documents</no> <no>at</no> <no>a</no> <no>time</no> (<no>not</no> <no>more</no> <no>or</no> <no>less</no>).                   
<no>This</no> <no>is</no> <no>a</no> <no>screenshot</no> <no>of</no> <no>the</no> <no>Alternate</no> <no>Mix</no> <no>plugin</no> 

<no>3.4</no> <no>System</no> <no>Feature</no> <no>4</no> - <method>Rotate</method> 
<method>Rotates</method> <method>pages</method> <no>of</no> <no>pdf</no> <no>documents</no>. 
<no>3.4.1</no> <no>Description</no>  <no>The</no> <class>users</class> <no>have</no> <no>the</no> <no>ability</no> <no>to</no> <no>bulk</no> <method>rotate</method> <method>pages</method> <no>in</no> <no>different</no> <no>documents</no>. <no>With</no> <no>this</no> 
<no>plugin</no> <no>they</no> <no>cannot</no> <method>select</method> <no>specific</no> <method>pages</method> <no>that</no> <no>they</no> <no>want</no> <no>to</no> <method>rotate</method> <no>but</no> <no>all</no> <no>the</no> <no>document</no>/<no>documents</no> <no>will</no> <no>be</no> <no>rotated</no>. 
<no>3.4.2</no> <no>Stimulus</no>/<no>Response</no> <no>Sequences</no> 
 <no>The</no> <no>GUI</no> <class>Rotate panel</class> <generalization>consists</generalization> <no>of</no> <no>the</no> <no>following</no> <no>parts</no>:  <class>Selection panel</class>: <no>The</no> <class>users</class> <method>select</method> <no>the</no> <method>documents</method> <no>that</no> <no>want</no> <no>to</no> <no>rotate</no> <no>their</no> <no>pages</no> <no>from</no> <no>a</no> <no>directory</no>. <no>When</no> <no>the</no> <class>files</class> <no>are</no> <method>imported</method>, <no>some</no> <no>information</no> <no>about</no> <no>the</no> <class>file</class> <method>displayed</method> <no>to</no> <no>the</no> <no>selection</no> <no>table</no> (<no>such</no> <no>as</no> <no>pages</no> <no>number</no>, <no>pdf</no> <no>version</no>…). <no>If</no> <no>the</no> <no>documents</no> <no>are</no> <no>protected</no> <no>the</no> <class>users</class> <no>has</no> <no>to</no> <method>enter</method> <no>the</no> <attribute>password</attribute> <no>to</no> <no>the</no> <no>appropriate</no> <no>field</no> <no>and</no> <no>then</no> <method>reload</method> <no>the</no> <no>pdf</no>. <no>The</no> <class>users</class> <no>cannot</no> <no>select</no> <no>the</no> <no>pages</no> <no>that</no> <no>they</no> <no>want</no> <no>to</no> <no>rotate</no>, <no>so</no> <no>the</no> <no>whole</no> <no>document</no>/<no>documents</no> <no>will</no> <no>be</no> <method>rotated</method> (<no>for</no> <no>specific</no> <no>page</no> <no>rotate</no> <no>refer</no> <no>to</no> <no>section</no> <no>3.5</no>). 
<no></no> <no>Rotation</no> <no>options</no>: <no>The</no> <class>user</class> <no>can</no> <method>modify</method> <no>the</no> <no>following</no> <no>parameters</no>: − <class>Clockwise rotation </class>(<no>in</no> <no>degrees</no>): <no>the</no> <class>users</class> <method>select</method> <no>the</no> <no>rotation</no> <method>degrees</method>. <no>The</no> <no>rotation</no> <no>will</no> <no>be</no> <no>applied</no> <no>clockwise</no>. − <class>Pages</class>: <no>the</no> <class>users</class> <association>select</association> <no>the</no> <class>pages</class> <no>they</no> <no>want</no> <no>to</no> <no>rotate</no> (<no>All</no>, <no>Even</no> <no>or</no> <no>Odd</no>). 
 
<no></no> <no>Destination</no> <attribute>output</attribute> <class>file</class>: <no>The</no> <class>user</class> <method>selects</method> <no>the</no> <method>destination</method> <no>folder</no> <no>for</no> <no>the</no> <attribute>output</attribute> <class>files</class> <no>or</no> <no>let</no> <no>the</no> <no>PDFsam</no> <no>create</no> <no>one</no> <no>by</no> <no>default</no> <no>to</no> <no>the</no> <no>same</no> <no>folder</no> <no>as</no> <no>one</no> <no>of</no> <no>the</no> <attribute>imported</attribute> <class>files</class>. <no>Also</no>, <no>he</no> <no>can</no> <no>select</no> <no>whether</no> <no>he</no> <no>wants</no> <no>the</no> <attribute>output</attribute> <class>files</class> <no>to</no> <no>be</no> <method>compressed</method> <no>or</no> <no>not</no>, <no>and</no> <no>the</no> <no>pdf</no> <no>version</no> <no>of</no> <no>the</no> <no>generated</no> <no>documents</no>. 
<no></no> <no>Output</no> <no>options</no>: <no>Here</no> <no>the</no> <class>user</class> <no>can</no> <method>define</method> <no>a</no> <method>pattern</method> <no>that</no> <no>will</no> <method>generate</method> <method>file</method> <attribute>names</attribute> <no>for</no> <no>the</no> <attribute>output</attribute> <class>files</class>. (<no>for</no> <no>the</no> <no>available</no> <no>complex</no> <no>prefixes</no> <no>that</no> <no>can</no> <no>be</no> <no>used</no> <no>refer</no> <no>to</no> <no>section</no> <no>1</no>) 
<no></no> <no>RUN</no> <no>button</no>: <no>After</no> <no>the</no> <class>user</class> <no>sets</no> <no>the</no> <no>parameters</no>, <no>he</no> <no>presses</no> <no>the</no> <no>RUN</no> <no>button</no> <no>and</no> <no>the</no> <no>rotation</no> <no>of</no> <no>the</no> <no>2</no> <no>documents</no> <no>starts</no>. 
<no>3.4.3</no> <no>Functional</no> <no>Requirements</no> 
<no>REQ-1</no>: <no>The</no> <no>compression</no> <no>of</no> <no>the</no> <attribute>output</attribute> <class>files</class> <no>requires</no> <no>pdf</no> <no>version</no> <no>1.5</no> <no>or</no> <no>above</no>. <no>REQ-2</no>: <no>The</no> <no>number</no> <no>of</no> <no>digits</no> <no>that</no> <no>can</no> <no>be</no> <no>used</no> <no>for</no> <no>the</no> <no>unique</no> [<no>FILENUMBER</no>] 
<no>prefix</no> <no>must</no> <no>be</no> <no>10</no> <no>or</no> <no>less</no>. 

<no>3.5</no> <no>System</no> <no>Feature</no> <no>5</no> - <no>Visually</no> <method>reorder</method> 
<no>Rotate</no>, <no>reorder</no> <no>and</no> <no>delete</no> <no>specific</no> <no>pages</no> <no>from</no> <no>a</no> <no>pdf</no> <no>document</no>. 
<no>3.5.1</no> <no>Description</no>  <class>Users</class> <no>want</no> <no>an</no> <no>easy</no> <no>way</no> <no>to</no> <method>manipulate</method> <no>specific</no> <class>pages</class> <no>of</no> <no>a</no> <no>pdf</no> <no>document</no> <no>through</no> <no>a</no> <class>user</class> <no>friendly</no> <no>graphical</no> <no>interface</no> <no>with</no> <no>simple</no> <no>functions</no>. <no>With</no> <no>this</no> <no>plugin</no> <no>they</no> <no>can</no> <no>rotate</no>, <no>reorder</no> <no>or</no> <no>delete</no> <no>selected</no> <no>pages</no> <no>of</no> <no>a</no> <no>pdf</no> <class>file</class>. 
<no>3.5.2</no> <no>Stimulus</no>/<no>Response</no> <no>Sequences</no> 
 <no>The</no> <no>GUI</no> <class>Visual reorder panel</class> <generalization>consists</generalization> <no>of</no> <no>the</no> <no>following</no> <no>parts</no>: <class> Selection panel</class>: <no>The</no> <class>users</class> <method>select</method> <no>the</no> <method>document</method> <no>that</no> <no>they</no> <no>want</no> <no>to</no> <no>manipulate</no> <no>from</no> <no>a</no> <no>directory</no>. <no>The</no> <no>program</no> <method>creates</method> <method>thumbnails</method> <no>for</no> <no>each</no> <method>page</method> <no>of</no> <no>the</no> <no>pdf</no> <no>document</no> <no>and</no> <no>presents</no> <no>them</no> <no>into</no> <no>a</no> <no>subpanel</no>. <no>When</no> <no>the</no> <method>thumbnails</method> <method>load</method>, <no>the</no> <class>users</class> <no>have</no> <no>the</no> <no>following</no> <no>abilities</no>: − <class>Select specific pages</class> <no>by</no> <no>clicking</no> <no>on</no> <no>them</no> <no>through</no> <no>the</no> <no>graphical</no> <no>interface</no>. − <class>Change the order</class>: <no>The</no> <class>user</class> <no>can</no> <method>change</method> <method>pages</method> <method>order</method> <no>by</no>: 
• <method>Dragging</method> <no>them</no>. • <no>Using</no> <no>the</no> “<method>Move Up</method>” <no>and</no> <method>“Move Down</method>” <no>functions</no>. • <method>Reversing</method> <no>the</no> <no>selected</no> <no>pages</no>: <no>The</no> <class>user</class> <no>can</no> <method>select</method> <no>some</no> <method>pages</method> <no>and</no> <method>reverse</method> <no>their</no> <no>order</no> <no>using</no> <no>the</no> “<no>Reverse</no>” <no>button</no>. − <class>Zoom-in/Zoom-out</class>: <no>the</no> <class>user</class> <no>can</no> <method>change</method> <no>the</no> <method>zoom</method> <no>level</no> <no>of</no> <no>the</no> <no>thumbnails</no> <no>preview</no>.  <no>−</no> <class>Delete/Undelete</class>: <no>these</no> <no>pages</no> <no>won</no><no>’t</no> <no>be</no> <no>included</no> <no>in</no> <no>the</no> <attribute>output</attribute> <class>file</class>. <no>−</no> <class>Rotate left/right</class>: <no>the</no> <class>user</class> <no>can</no> <method>rotate</method> <no>the</no> <no>selected</no> <method>pages</method> <no>clockwise</no> <no>or</no> <no>anticlockwise</no>. <no>−</no> <class>Reverse selected pages:</class> <no>The</no> <class>user</class> <no>can</no> <no>select</no> <no>some</no> <no>pages</no> <no>and</no> <method>reverse</method> <no>their</no> <method>order</method>. <no>−</no> <class>Preview a selected page</class> <no>in</no> <no>a</no> <no>built-in</no> <no>Image</no> <no>viewer</no>. <no>All</no> <no>these</no> <no>conversions</no> <no>can</no> <no>be</no> <no>accessed</no> <no>either</no> <no>by</no> <no>right</no> <no>clicking</no> <no>on</no> <no>the</no> <no>selected</no> <no>pages</no> <no>or</no> <no>by</no> <no>the</no> <no>graphical</no> <no>interface</no><no>’s</no> <no>buttons</no>. <no>The</no> <no>changes</no> <no>will</no> <no>be</no> <no>applied</no> <no>to</no> <no>the</no> <attribute>output</attribute> <class>file</class>. 

 <no></no> <no>Destination</no> <attribute>output</attribute> <class>file</class>: <no>The</no> <class>user</class> <method>selects</method> <no>the</no> <method>destination</method> <no>folder</no> <no>for</no> <no>the</no> <attribute>output</attribute> <class>file</class> <no>or</no> <no>lets</no> <no>PDFsam</no> <no>create</no> <no>one</no> <no>by</no> <no>default</no> <no>to</no> <no>the</no> <no>same</no> <no>folder</no> <no>of</no> <no>the</no> <method>imported</method> <class>file</class>. <no>Also</no>, <no>he</no> <no>can</no> <no>select</no> <no>whether</no> <no>he</no> <no>wants</no> <no>the</no> <attribute>output</attribute> <class>file</class> <no>to</no> <no>be</no> <method>compressed</method> <no>or</no> <no>not</no>, <no>and</no> <no>the</no> <method>pdf version</method> <no>of</no> <no>the</no> <method>generated</method> <no>documents</no>. 
<no></no> <no>RUN</no> <no>button</no>: <no>After</no> <no>the</no> <class>user</class> <no>makes</no> <no>the</no> <method>changes</method> <no>he</no> <no>wants</no>, <no>he</no> <no>can</no> <no>press</no> <no>the</no> <no>RUN</no> <no>button</no> <no>to</no> <no>start</no> <no>the</no> <no>operation</no>. 
<no>3.5.3</no> <no>Functional</no> <no>Requirements</no> 
<no>REQ-1</no>: <no>The</no> <no>compression</no> <no>of</no> <no>the</no> <attribute>output</attribute> <class>files</class> <no>requires</no> <no>pdf</no> <no>version</no> <no>1.5</no> <no>or</no> <no>above</no>. <no>REQ-2</no>: <no>The</no> <class>user</class> <no>can</no> <no>manipulate</no> <no>only</no> <no>1</no> <no>document</no> <no>at</no> <no>a</no> <no>time</no> (<no>not</no> <no>more</no>). 

<no>3.6</no> <no>System</no> <no>Feature</no> <no>6</no> - <no>Visually</no> <class>compose</class> 
<no>Compose</no> <no>a</no> <no>pdf</no> <no>document</no> <no>from</no> <no>the</no> <no>pages</no> <no>of</no> <no>others</no> <no>pdf</no> <no>documents</no>. 
<no>3.6.1</no> <no>Description</no>  <class>Users</class> <no>can</no> <method>combine</method> <no>multiple</no> <method>pdf documents</method> <no>in</no> <no>a</no> <no>single</no> <no>pdf</no> <no>document</no> <no>through</no> <no>a</no> <class>user</class> <no>friendly</no> <no>graphical</no> <no>interface</no> <no>with</no> <no>simple</no> <no>utilities</no>. <no>They</no> <no>can</no> <no>open</no> <no>one</no> <no>or</no> <no>more</no> <no>pdf</no> <no>documents</no> <no>and</no> <no>compose</no> <no>a</no> <no>single</no> <no>document</no> <no>that</no> <no>consists</no> <no>of</no> <no>parts</no> <no>of</no> <no>the</no> <no>original</no> <no>documents</no>. <no>They</no> <no>can</no> <no>also</no> <no>make</no> <no>all</no> <no>the</no> <no>basic</no> <no>functions</no> (<no>reorder</no>, <no>rotate</no>, <no>reverse</no>...) <no>to</no> <no>the</no> <no>final</no> <no>document</no>. 
<no>3.6.2</no> <no>Stimulus</no>/<no>Response</no> <no>Sequences</no> 
 <no>The</no> <no>GUI</no> <class>Visual document composer panel</class> <generalization>consists</generalization> <no>of</no> <no>the</no> <no>following</no> <no>parts</no>:  <class>Selection panel</class>: <no>The</no> <class>Selection panel</class> <no>is</no> <generalization>divided</generalization> <no>into</no> <no>two</no> <no>parts</no>: 
− <no>The</no> <no>panel</no> <no>where</no> <no>the</no> <class>user</class> <no>can</no> <method>open</method> <no>the</no> <method>input pdf</method> <no>documents</no>. <no>The</no> <class>user</class> <no>can</no> <association>open</association> <no>several</no> <class>files</class> <no>together</no>. <no>They</no> <no>can</no>: • <method>Zoom in</method>/<no>out</no> <no>to</no> <method>change</method> <no>the</no> <no>scale</no> <method>size</method> <no>of</no> <no>the</no> <no>thumbnails</no>. • <method>Preview</method> <no>any</no><method> page</method> <no>they</no> <no>want</no> <no>in</no> <no>the</no> <no>Image</no> <no>Viewer</no>. 
− <no>And</no> <no>the</no> <no>panel</no> <no>where</no> <no>the</no> <class>user</class> <method>composes</method> <no>the</no> <method>final document</method>. <no>It</no> <no>offers</no> <no>all</no> <no>the</no> <no>basic</no> <no>utilities</no>: • “<method>Move Up</method>” <no>and</no> “<no>Move</no> <no>Down</no>” <no>functions</no>. • <method>Delete</method> <no>any</no> <no>page</no>. • <method>Rotate clockwise</method> <no>and</no> <method>anticlockwise</method>. • <method>Reversing</method> <no>the</no> <no>selected</no> pages. • <method>Preview</method> <no>any</no> <no>selected</no> <no>page</no> <no>in</no> <no>the</no> <no>Image</no> <no>Viewer</no>. 
<no>All</no> <no>these</no> <no>conversions</no> <no>can</no> <no>be</no> <no>accessed</no> <no>either</no> <no>by</no> <no>right</no> <no>clicking</no> <no>on</no> <no>the</no> <no>selected</no> <no>pages</no> <no>or</no> <no>by</no> <no>the</no> <no>graphical</no> <no>interface</no><no>’s</no> <no>buttons</no>. <no>The</no> <method>changes</method> <no>will</no> <no>be</no> <method>applied</method> <no>to</no> <no>the</no> <attribute>output</attribute> <class>file</class>. 
<no></no> <no>Destination</no> <attribute>output</attribute> <class>file</class>: <no>The</no> <class>user</class> <method>selects</method> <no>the</no> <method>destination</method> <no>folder</no> <no>for</no> <no>the</no> <attribute>output</attribute> <class>file</class> <no>or</no> <method>sets</method> <no>the</no> <no>same</no> <method>output</method> <method>folder</method> <no>of</no> <no>an</no> <attribute>imported</attribute> <class>file</class>. <no>Also</no>, <no>he</no> <no>can</no> <method>select</method> <no>whether</no> <no>he</no> <no>wants</no> <no>the</no> <attribute>output</attribute> <class>file</class> <no>to</no> <no>be</no> <method>compressed</method> <no>or</no> <no>not</no>, <no>and</no> <no>the</no> <method>pdf</method> <no>version</no> <no>of</no> <no>the</no> <method>generated</method> <no>documents</no>. 
<no></no> <no>RUN</no> <no>button</no>: <no>After</no> <no>the</no> <class>user</class> <no>makes</no> <no>the</no> <no>changes</no> <no>he</no> <no>wants</no>, <no>he</no> <no>can</no> <no>press</no> <no>the</no> <no>RUN</no> <no>button</no> <no>to</no> <no>start</no> <no>the</no> <no>operation</no>. 

<no>3.6.3</no> <no>Functional</no> <no>Requirements</no> 
<no>N</no>/<no>A</no> 
<no>3.7</no> <no>System</no> <no>Feature</no> <no>7</no> - <no>Working</no> <no>Environment</no> 
<method>Save/Load</method> <no>a</no> <class>working environment</class>. 
<no>3.7.1</no> <no>Description</no> <no>and</no> <no>Priority</no>  <class>Users</class> <no>have</no> <no>the</no> <no>ability</no> <no>to</no> <method>save</method> <no>the</no> <class>working environment</class> <no>with</no> <no>all</no> <no>the</no> <no>status</no> <no>of</no> <no>every</no> <no>part</no> <no>of</no> <no>the</no> <no>application</no>, <no>so</no> <no>they</no> <no>don</no><no>’t</no> <no>have</no> <no>to</no> <no>set</no> <no>the</no> <no>options</no> <no>of</no> <no>each</no> <no>plugin</no> <no>every</no> <no>time</no> <no>they</no> <no>open</no> <no>the</no> <no>application</no>. <no>This</no> <no>feature</no> <no>is</no> <no>very</no> <no>useful</no> <no>for</no> <no>repetitive</no> <no>tasks</no>, <no>where</no> <no>users</no> <no>save</no> <no>a</no> <no>lot</no> <no>of</no> <no>time</no> <no>with</no> <no>this</no> <no>possibility</no>. 
<no>3.7.2</no> <no>Stimulus</no>/<no>Response</no> <no>Sequences</no>  <no>The</no> <class>user</class> <no>can</no> <no>access</no> <no>this</no> <no>feature</no> by: 
<no></no> <no>Pressing</no> <method>“Alt + S”</method> <no>for</no> <method>save</method>, <no>and</no> “<method>Alt + L”</method> <no>for</no> <method>load</method> <no>the</no> <no>environment</no>. <no></no> <no>Pressing</no> <no>the</no> <class>File</class> <no>button</no> <no>at</no> <no>the</no> <no>very</no> <no>top</no> <no>of</no> <no>the</no> <no>window</no>, <no>and</no> <no>then</no> <no>choose</no> <method>Save</method> <no>or</no> <method>Load</method> <no>the</no> <no>environment</no>. <no></no> <no>Pressing</no> <no>the</no> <no>appropriate</no> <no>icons</no> <no>under</no> <no>the</no> <no>bar</no> <no>menu</no>. 
           
<no>3.7.3</no> <no>Functional</no> <no>Requirements</no> 
<no>REQ-1</no>: <no>Operation</no> <no>system</no> <no>on</no> <no>the</no> <no>computer</no> <no>system</no> 
<no>3.8</no> <no>System</no> <no>Feature</no> <no>8</no> - <class>Log Panel</class> 
<method>Displays</method> <method>log messages</method> <no>for</no> <no>the</no> <no>operation</no> <no>of</no> <no>PDFsam</no><no>’s</no> <no>functions</no>. 
<no>3.8.1</no> <no>Description</no> <no>and</no> <no>Priority</no>  <class>Users</class> <no>can</no> <no>understand</no> <no>how</no> <no>PDFsam</no> <no>responds</no> <no>to</no> <no>their</no> <no>actions</no> <no>by</no> <association>viewing</association> <no>the</no> <method>log messages </method><no>in</no> <no>the</no> <class>log panel</class>. <no>3.8.2</no> <no>Stimulus</no>/<no>Response</no> <no>Sequences</no>  <class>Users</class> <no>can</no> <association>discern</association> <no>the</no> <no>proper</no> <no>function</no> <no>of</no> <no>the</no> <no>application</no> <no>by</no> <no>the</no> <class>messages</class> <no>that</no> <no>are</no> <no>displayed</no> <no>in</no> <no>the</no> <no>log</no> <no>panel</no>. <no>There</no> <no>are</no> <no>3</no> <generalization>kinds</generalization> <no>of</no> <class>message</class> <no>separating</no> <no>by</no> <no>color</no>: <no></no> <class>Black message </class>(<no>DEBUG</no> <no>or</no> <no>INFO</no>) <no>is</no> <no>just</no> <no>an</no> <no>information</no> <no>about</no> <no>what</no> <no>the</no> <method>application</method> <no>is</no> <method>doing</method>. <no></no><class> Blue message </class>(<no>WARNING</no>) <no>is</no> <no>a</no> <method>Warning</method> <no>telling</no> <no>that</no> <no>there</no><no>’s</no> <no>an</no> <no>unexpected</no> <no>situation</no> <no>that</no> <no>the</no> <no>application</no> <no>can</no> <no>handle</no>. <no></no> <class>Red message</class> (<no>ERROR</no> <no>or</no> <no>FATAL</no>) <no>is</no> <no>an</no> <method>error</method> <no>that</no> <no>PDFsam</no> <no>can</no><no>’t</no> <no>handle</no>. <no>There</no> <no>is</no> <no>also</no> <no>the</no> <no>possibility</no> <no>to</no> <no>select</no> <no>and</no> <no>copy</no> <no>the</no> <no>log</no> <no>text</no>, <no>clear</no> <no>it</no>, <no>or</no> <no>save</no> <no>the</no> <no>log</no> <no>text</no> <no>to</no> <no>a</no> <class>file</class>. 
                  
<no>3.8.3</no> <no>Functional</no> <no>Requirements</no> 
<no>REQ-1</no>: <no>Log</no> <no>level</no> <no>must</no> <no>not</no> <no>be</no> <no>OFF</no> (<no>in</no> <no>the</no> <no>Settings</no> <no>panel</no>) <no>in</no> <no>order</no> <no>to</no> <no>work</no> <no>this</no> <no>function</no>
 
<no>3.9</no> <no>System</no> <no>Feature</no> <no>9</no> - <class>Settings</class> 
<no>Settings</no> <no>for</no> <no>the</no> <no>main</no> <no>PDFsam</no><no>’s</no> <no>GUI</no>. 
<no>3.9.1</no> <no>Description</no>  <class>Users</class> <no>are</no> <no>allowed</no> <no>to</no> <no>make</no> <association>modifications</association> <no>on</no> <no>PDFsam</no><no>’s</no> <class>working environment</class>, <no>in</no> <no>order</no> <no>to</no> <no>adapt</no> <no>to</no> <no>their</no> <no>preferences</no> <no>and</no> <no>cover</no> <no>their</no> <no>needs</no> <no>more</no> <no>sufficiently</no>. <no>In</no> <no>general</no>, <no>available</no> <no>settings</no> <no>refer</no> <no>on</no>: <no>application</no> <no>language</no>, <no>theme</no> <no>of</no> <no>the</no> <no>application</no> <no>GUI</no> <no>Interface</no>, <no>alert</no> <no>sounds</no> <no>and</no> <no>dialog</no> <no>boxes</no>, <no>the</no> <no>log</no> <no>detail</no> <no>level</no>, <no>the</no> <no>thumbnails</no> <no>creation</no> <no>library</no>, <no>auto</no> <no>update</no>, <no>default</no> <no>working</no> <no>environment</no> <no>and</no> <no>the</no> <no>default</no> <no>working</no> <no>directory</no>. 

<no>3.9.2</no> <no>Stimulus</no>/<no>Response</no> <no>Sequences</no> 
 <no>The</no> <class>user</class> <no>has</no> <no>to</no> <association>select</association> <class>Settings</class> <no>below</no> <no>the</no> <no>plugins</no> <no>tree</no> <no>and</no> <no>the</no> <no>Settings</no> <no>main</no> <no>panel</no> <no>appears</no> <no>with</no> <no>all</no> <no>the</no> <no>available</no> <no>choices</no> <no>that</no> <no>the</no> <class>user</class> <no>can</no> <no>do</no>. <no>Specifically</no>, <no>in</no> <no>this</no> <no>section</no> <no>a</no> <class>user</class> <no>can</no> <method>modify</method> <no>the</no> <no>following</no> <no>options</no>: <no></no> <attribute>Language</attribute>: <no>The</no> <class>user</class> <no>can</no> <no>select</no> <no>the</no> <no>preferred</no> <no>application</no> <no>language</no>. <no></no> <attribute>Look and feel</attribute>: <no>The</no> <class>user</class> <no>sets</no> <no>his</no> <no>preferred</no> <no>PDFsam</no><no>’s</no> <no>look</no> <no>and</no> <no>feel</no> <no>and</no> <no>his</no> <no>preferred</no> <no>theme</no> <no>to</no> <no>be</no> <no>used</no>. 
 
<no></no> <attribute>Log level</attribute>: <no>The</no> <class>user</class> <no>can</no> <method>set</method> <no>the</no> <no>detail</no> <no>of</no> <no>the</no> <method>log messages</method> <no>that</no> <no>he</no> <no>want</no> <no>to</no> <no>see</no> <no>in</no> <no>the</no> <no>log</no> <no>panel</no>. 
<no></no> <no>The</no> <attribute>thumbnails creation library</attribute>  <no></no> <no>Check</no> <no>for</no> <attribute>updates</attribute> <no>automatically</no>. <no></no> <no>Turn</no> <no>on</no> <no>or</no> <no>off</no><attribute> alert</attribute> <no>sounds</no>. <no></no> <no>Ask</no> <no>for</no><attribute> overwrite</attribute> <no>confirmation</no>: <no>Show</no> <no>a</no> <no>dialogue</no> <no>box</no> <no>asking</no> <no>the</no> <class>user</class> <no>for</no> <no>confirmation</no> <no>when</no> “<method>Overwrite</method>” <no>is</no> <no>selected</no>. <no></no> <attribute>Default environment</attribute>: <no>The</no> <class>user</class> <method>selects</method> <no>a</no> <no>previously</no> <method>saved</method> <method>environment</method> <class>file</class> <no>that</no> <no>will</no> <no>be</no> <no>automatically</no> <no>loaded</no> <no>at</no> <no>start</no> <no>up</no>. <no></no> <attribute>Default working directory</attribute>: <no>The</no> <no>directory</no> <no>where</no> <no>the</no> <method>documents</method> <no>will</no> <no>be</no> <method>saved</method> <no>and</no> <method>loaded</method> <no>by</no> <no>default</no>. <no>The</no> <class>user</class> <no>has</no> <no>to</no> <no>click</no> <no>the</no> <method>Save</method> <no>button</no> <no>and</no> <method>restart</method> <no>the</no> <no>application</no> <no>to</no> <no>have</no> <no>his</no> <no>changes</no> <no>applied</no>.  
<no>3.9.3</no> <no>Functional</no> <no>Requirements</no> 
<no>REQ-1</no>: <no>Restart</no> <no>PDFsam</no> <no>application</no> <no>to</no> <no>be</no> <no>the</no> <no>changes</no> <no>applied</no>. 

 
</document>
