<document><no>The</no> <no>system</no> <no>must</no> <no>support</no> <no>a</no> <class>computerized banking network</class> <no>that</no> <association>includes</association> <no>both</no> <class>human cashiers</class> <no>and</no> <class>ATMs</class>. <no>The</no> <class>computerized banking network</class> <no>will</no> <no>be</no> <association>shared</association> <no>by</no> <no>a</no> <class>consortium of banks</class>. <no>Each</no> <class>bank</class> <association>provides</association> <no>a</no> <class>computer</class> <no>that</no> <association>maintains</association> <no>the</no> <class>bank</class>&apos;<association>s</association> <class>accounts</class> <no>and</no> <association>processes</association> <class>transactions</class> <no>against</no> <no>the</no> <class>accounts</class>. <class>Cashier stations</class> <no>are</no> <association>owned</association> <no>by</no> <class>individual banks</class>. <class>Cashier station</class> <association>communicate</association> <no>directly</no> <no>with</no> <no>the</no> <class>bank</class>&apos;s<class> computers</class>. <class>Human cashiers</class> <method>enter</method> <no>the </no><class>account</class> <attribute>data</attribute> <no>and</no> <class>transaction</class> <attribute>data</attribute>. <no>An </no><class>ATM</class> <association>communicates</association> <no>with</no> <no>a</no> <class>central computer</class>. <no>The</no> <class>central computer</class> <association>clears</association> <class>transactions</class> <no>with</no> <no>the</no> <class>banks</class>. <no>An</no> <class>ATM</class> <method>accepts a cash card</method> <no>and</no> <association>interacts</association> <no>with</no> <no>the</no> <class>user</class>. <no>An</no> <class>ATM</class> <association>communicates</association> <no>with</no> <no>the</no> <class>central computer</class> <no>to</no> <no>carry</no> <no>out</no> <class>transactions</class>. <no>An</no> <class>ATM </class><method>dispenses cash</method>, <no>and</no> <method>prints receipts</method>. <no>The</no> <no>system</no> <no>requires</no> <no>appropriate</no> <no>record-keeping</no> <no>and</no> <no>security</no> <no>provisions</no>. <no>The</no> <no>system</no> <no>must</no> <no>handle</no> <no>concurrent</no> <no>access</no> <no>to</no> <no>the</no> <no>same</no> <class>account</class> <no>correctly</no>. <no>The</no> <class>banks</class> <no>will</no> <association>provide</association> <no>the</no> <class>bank</class><association>&apos;s</association> <association>own</association> <class>software</class> <no>for</no> <no>the</no> <class>bank</class><association>&apos;s</association> <association>own</association> <class>computers</class>. </document>
