<document><class>Flights</class> <association>land</association> <no>and</no> <association>depart</association> <no>from</no> <class>city</class><association>&apos;s</association> <class>airport</class>. <no>Some</no> <no>of</no> <no>the</no> <no>big</no> <class>cities</class> <no>may</no> <association>have</association> <no>more</no> <no>than</no> <no>one</no> <class>airports</class>. <no>Every</no> <class>flight</class> <association>belongs</association> <no>to</no> <no>specific</no> <class>airline</class>. <no>The</no> <class>planes</class> <association>have</association> <no>many</no> <class>flights</class> <no>to</no> <no>different</no> <class>airports</class>. <no>Each</no> <class>plane</class> <no>is</no> <no>identified</no> <no>with</no> <attribute>serial number</attribute> <no>and</no> <attribute>model</attribute>.
<no>e.g.</no> <no>hyperseonic</no>. <no>There</no> <no>are</no> <no>specific</no> <class>pilots</class> <no>for</no> <no>each</no> <class>airline</class>. <class>Pilots</class> <association>fly</association> <no>many</no> <class>flights</class>. <no>Each</no> <class>fligh</class>t <no>is</no> <no>identified</no> <no>by</no> <class>flight</class><no>&apos;s</no> <attribute>number</attribute> <no>and</no> <attribute>date</attribute> <no>on</no> <no>which</no> <class>flight</class> <no>is</no> <attribute>scheduled</attribute>. <no>The</no> <class>passenger</class> <method>reserves</method> <no>a</no> <class>seat</class> <no>for</no> <no>a</no> <class>fligh</class>t. <no>The</no> <class>seat</class> <no>is</no> <no>identified</no> <no>by</no> <no>a</no> <attribute>location</attribute>.</document>
