<document><no>The</no> <no>organisation</no> <no>offers</no> <no>a</no> <no>variety</no> <no>of</no> <class>courses</class> <no>in</no> <no>a</no> <no>avariety</no> <no>of</no> <attribute>areas</attribute> <no>such</no> <no>as</no> <no>learning</no> <no>management</no> <no>techniques</no> <no>and</no> <no>understanding</no> <no>different</no> <no>software</no> <no>languages</no> <no>and</no> <no>technologies</no>. <no>Each</no> <class>course</class> <no>is</no> <generalization>made up of</generalization> set of <class>topics</class>. <class>Tutors</class> <no>in</no> <no>the</no> <no>organisation</no> <no>are</no> <association>assigned</association> <class>courses</class> <no>to</no> <method>teach</method> <no>according</no> <no>to</no> <no>the</no> <attribute>area</attribute> <no>that</no> <no>is</no> <no>specialized</no> <no>in</no> <no>and</no> <no>their</no> <attribute>availability</attribute>. <no>The</no> <no>organisation</no> <method>publish</method> <no>and</no> <method>maintain</method> <no>a</no> <method>calendar</method> <no>of</no> <no>different</no> <class>courses</class> <no>and</no> <association>assign</association> <class>tutors </class><no>every</no> <no>year</no>. <no>There</no> <no>is</no> <no>a</no> <no>group</no> <no>of</no> <class>Course Administrator</class> <no>in</no> <no>the</no> <no>organisation</no> <no>to</no> <method>manage</method><no> the</no> <class>courses</class> <association>including</association> <class>course content</class>, <association>assign</association> <class>courses</class> <no>to</no> <class>tutor</class> <no>and</no> <no>define</no> the <no>course schedule</no>.
<no>The</no> <no>training</no> <no>organisation</no> <no>aim</no> <no>to</no> <no>use</no> <no>the</no> <no>Course-ware Management System</no> <no>to</no> <no>get</no> <no>a</no> <no>bette</no>r <no>control</no> <no>and</no> <no>visibility</no> <no>to</no> <no>the</no> <no>management</no> <no>of</no> <class>courses</class> <no>as</no> <no>also</no> <no>to</no> <no>streamline</no> <no>the</no> <no>process</no> <no>of</no> <method>generating</method> <no>and</no> <method>managing</method> <no>the</no> <class>schedule</class> <no>of</no> <no>the</no> <no>different</no> <class>courses</class>.</document>