<document><no>The</no> <no>library</no> <no>System</no> <no>is</no> <no>used</no> <no>by</no> <no>the</no> <no>Informatics</no> <class>students</class> <no>and</no> <class>Faculty</class>. <no>The</no> <class>Library</class> contains <class>Books</class> <no>and</no> <class>Journals</class>. <class>Books</class> <no>can</no> <no>be</no> <association>issued</association> <no>to</no> <no>both</no> <no>the</no> <class>Students</class> <no>and</no> <class>Faculty</class>. <class>Journals</class> <no>can</no> <no>only</no> <no>be</no> <association>issued</association> <no>to</no> <no>the</no> <class>Faculty</class>. <class>Books</class> <no>and</no> <class>Journals</class> <no>can</no> <no>only</no> <no>be</no> <association>issued</association> <no>by</no> <no>the</no> <class>Librarian</class>. <no>The</no> <class>deputyLibrarian</class> <no>is</no> <class>incharge</class> <no>of</no> <method>receiving</method> <no>the</no> <attribute>Returned</attribute> <class>Books</class> <no>and</no> <class>Journals</class>. <no>The</no> <class>Accountant</class> <no>is</no> <no>responsible</no> <no>for</no> <association>receiving</association> <no>the</no> <attribute>fine</attribute> <no>for</no> <attribute>overdue</attribute> <class>books</class>. <attribute>Fine</attribute> <no>is</no> <method>charged</method> <no>only</no> <no>to</no> <class>students</class>, <no>and</no> <no>not</no> <no>to</no> <no>the</no> <class>Faculty</class>.</document>
