<document><no>The</no> <no>LMS</no> <no>should</no> <method>store</method> <no>all</no> <attribute>information</attribute> <no>about</no> <class>librarians</class> <no>and</no> <class>patrons</class>, <no>their</no> <attribute>access</attribute><attribute> keys</attribute>, <attribute>priority</attribute> <no>and</no> etc. <no>The</no> <no>LMS</no> <no>should</no> <method>store</method> <no>all</no> <attribute>information</attribute> <no>about</no> <class>items</class> <no>and</no> <class>patrons</class> <no>in</no> <no>two</no> <no>separated</no> <no>databases</no>.<no>The</no> <no>LMS</no> <no>allow</no> <no>searching</no> <class>items</class> <no>by</no> <attribute>author</attribute>, <attribute>title</attribute> <no>or</no> <attribute>keywords</attribute>. <no>The</no> <no>LMS</no> <no>should</no> <method>support</method> <no>500</no> <class>patrons</class> <no>and</no> <no>1000</no> <class>requests</class><no>/min</no> <no>simultaneously</no>. <no>The</no> <no>LMS</no> <no>should</no> <no>allow</no> <class>librarians</class> <no>to</no> <association>add</association>, <association>delete</association> <no>and</no> <association>modify</association> <class>items</class> <no>in</no> <no>database</no>, <no>and</no> <association>check</association> <attribute>availability</attribute> <class>of</class> <no>the</no> <class>items</class>.<no>The</no> <no>LMS</no> <no>should</no> <method>generate</method> <class>request</class> <no>&apos;s</no> <attribute>reports</attribute> <no>for</no> <class>librarians</class> <no>every day</no>, <no>on</no> <no>base</no> <no>of</no> <no>which</no> <class>librarians</class> <no>could</no> <no>make</no> <method>decisions</method> <no>about</no> <attribute>acquiring</attribute> <no>or</no> <attribute>retirement</attribute> <no>the</no> <class>item</class>. <no>The</no> <no>LMS</no> <no>should</no> <no>create</no> <method>notification</method> <no>and</no> <method>send</method> <no>to</no> <class>patrons</class> <no>by</no> <method>e-mail</method> <no>automatically</no> <no>after</no> <class>item</class><no>&apos;s</no> <attribute>overdue</attribute>. <no>The</no> <no>LMS</no> <no>should</no> <no>allow</no> <class>patrons</class> <no>to</no> <method>get</method> <no>their</no> <attribute>personal information</attribute> <no>and</no> <attribute>status</attribute>. <no>The</no> <no>LMS</no> <no>should</no> <no>provide</no> <no>to</no> <method>search</method>, <class>request</class> <no>and</no> <method>renew</method> <class>items</class> <no>either</no> <no>from</no> <no>the</no> <class>library</class> <no>computers</no> <no>or</no> <no>from</no> <no>outside</no> <no>the</no> <class>library</class> <no>through</no> <class>College</class><no>site</no> <no>though</no> <no>the</no> <no>Internet</no>. <no>The</no> <no>LMS</no> <no>should</no> <no>provide</no> <method>access</method> <no>to</no> <method>previous</method> <no>Access-based database</no>, <no>online databases</no>. <no>The</no> <no>LMS</no> <no>will</no> <no>be</no> <no>integrated</no> <no>with</no> <no>other</no> <class>colleges</class> <no>and</no> <class>universities</class> <no>and</no> <method>allow</method> <method>interlibrary loans</method>.
</document>
