<document><no>Each</no> <class>customer</class> <no>has</no> <no>unique</no> <attribute>id</attribute> <no>and</no> <no>is</no> <association>linked</association> <no>to</no> <no>exactly</no> <no>one</no> <class>account</class>. <class>Account</class> <association>owns</association> <class>shopping cart</class> <no>and</no> <class>orders</class>. <class>Customer</class> <no>may</no> <no>be</no> <no>a</no><class>web user</class>.<class>Customer</class> <class>could</class> <method>register</method> <no>as</no> <no>a</no> <class>web user</class> <no>to</no> <no>be</no> <no>able</no> <no>to</no> <association>buy</association> <class>items</class> <no>online</no>. <class>Customer</class> <no>is</no> <no>not</no> <no>required</no> <no>to</no> <no>be</no> <no>a</no> <class>web user</class> <no>because</no> <method>purchases</method> <no>could</no> <no>also</no> <no>be</no> <no>made</no> <no>by</no> <no>phone</no> <no>or</no> <no>by</no> <method>ordering</method> <no>from</no> <no>catalogues</no>. <class>Web user</class> <no>has</no> <attribute>login name</attribute> <no>which</no> <no>also</no> <no>serves</no> <no>as</no> <no>unique</no> <attribute>id</attribute>. <class>Web user</class> <no>could</no> <no>be</no> <no>in</no> <no>several</no> <attribute>states </attribute>- <no>new,</no> <no>active</no>, <no>temporary blocked</no>, <no>or</no>  <no>account banned</no>. <class>Web user</class> <no>can</no> <no>be</no> <association>linked</association> <no>to</no> <no>a</no> <class>shopping cart</class>. <class>Shopping car</class>t <association>belongs</association> <no>to</no> <class>account</class>. <class>Account</class> <association>owns</association> <class>customer</class> <class>orders</class>. <class>Customer</class> <no>may</no> <association>have</association> <no>no</no> <no>cutomer orders</no>. <class>Customer</class> <class>orders</class> <no>are</no> <no>sorted</no> <no>and</no> <no>unique</no>. <no>Each</no> <class>customer</class> <class>order</class> <no>could</no> <association>refer</association> <no>to</no> <no>several</no> <class>payments</class>, <no>possibly</no> <no>none</no>. <no>Every</no> <class>payment</class> <no>has</no> <no>unique</no> <attribute>id</attribute> <no>and</no> <no>is</no> <association>related</association> <no>to</no> <no>exactly</no> <no>one</no> <class>account</class>. <no>Each</no> <class>customer</class> <class>order</class> <no>has</no> <no>current</no> <class>order</class> <attribute>status</attribute>. <no>Both</no> <class>order</class> <no>and</no> <class>shopping cart</class> <association>have</association> <no>line</no> <class>items</class> <association>linked</association> <no>to</no> <no>a</no> <no>specific</no> <class>product</class>. <no>Each</no> <no>line</no> <class>item</class> <no>is</no> <association>related</association> <no>to</no> <no>exactly</no> <no>one</no> <class>product</class>. <no>A</no> <class>product</class> <no>could</no> <no>be</no> <association>associated</association> <no>to</no> <no>many</no> <no>line</no> <class>items</class> <no>or</no> <no>no</no> <no>line</no> <class>item</class> <no>at</no> <no>all</no>. </document>
