<document><class>Users</class> includes <class>passengers</class>, <class>train officials</class>. <no>The</no> <class>user</class> <no>must</no> <method>type</method> <no>a</no> <no>valid</no> username <no>and</no> password <no>to</no> <no>gain</no> <no>access</no>. <class>Passenger</class> <no>can</no> make <no>a</no> <class>reservation</class> <no>for</no> <no>a</no> <no>particular</no> <class>train</class> <no>on</no> <no>a</no> <no>particular</no> date for a certain number of  <class>tickets</class>. <no>A</no> <no>new</no> <class>reservation</class> <no>is</no> <method>added</method> <no>to</no> <no>the</no> <no>list</no> <no>of</no> <no>current</no> <class>reservations</class>  <class>Passenger</class> <no>can</no> <association>drop</association> <no>a</no> <class>reservation</class> <no>for</no> <no>a</no> <no>particula</no>r <class>train</class> <no>on</no> <no>a</no> <no>particular</no> date for <no>a</no> certain number of <class>tickets</class> <no>and</no> <no>a</no> <no>chosen</no> <class>reservation</class> <no>is</no> <method>dropped</method> <no>from</no> <no>the</no> <no>list</no> <no>of</no> <no>current</no> <class>reservations</class> <no>and</no> <no>the</no> <class>passenger</class> <class>account</class> balance <no>gets</no> <method>updated</method>. <class>Passenger</class> <no>can</no> <association>see</association> <no>a</no> <no>list</no> <no>of</no> <no>all</no> <no>his/her</no> <no>current</no> <class>reservations</class>. <class>Passenger</class> <no>can</no> <method>see</method> <no>a</no> <no>list</no> <method>o</method>f <no>all</no> scheduled <class>train</class> departures <no>including</no> <class>train</class> name, city from <no>and</no> to <no>which</no> <no>the</no> <class>train</class> <no>is</no> <no>going</no>, <no>the</no> number <no>of</no> seats <class>available,</class> <no>and</no> <no>the</no> prices <no>for</no> <no>different</no> <class>ticket</class> types. <class>User</class> <no>can</no> <method>see</method> <no>the</no> <no>list</no> <no>of</no> <no>the</no> <no>current</no> balance due <no>and</no> payments received <no>in</no> <no>the</no> <no>past</no>. <class>Passenger</class> <no>can</no> <method>pay</method> <no>his</no> <no>current</no> <class>reservation</class> <no>cost</no>. <no>The</no> <class>Passenger</class> <no>may</no> <no>either</no> <method>pay</method> <method>entire</method> balance due <no>or</no> <no>select</no> <no>to</no> <method>pay</method> <method>in</method> <method>person</method> <no>within</no> <no>48</no> <no>hours</no>. <no>The</no> <class>user</class> <no>must</no> <no>also</no> <method>input</method> <no>a</no> <no>valid</no> credit card number <no>or</no> CRM. <class>Train</class> <class>officials</class> <no>can</no> <association>add</association> <no>a</no> <class>train</class> <no>with</no> <no>a</no> <no>particular</no> seat type <no>on</no> <no>a</no> <no>particular</no> date <no>and</no> time <no>to</no> <no>travel</no> <no>between</no> <no>the</no> cities specified. <no>The</no> <class>train</class> schedule information <no>is</no> <method>updated</method>. <class>Train</class> <class>officials</class> <no>can</no> <association>drop</association> <association>a</association> <class>train</class> <no>of</no> <no>a</no> <no>particular</no> seat type <no>on</no> <no>a</no> <no>particular</no> date <no>and</no> time <no>that</no> <no>was</no> <no>traveling</no> <no>between</no> <no>the</no> cities specified. <no>The</no> <class>train</class> schedule gets <method>updated</method>.
  

 </document>