<document><no>In</no> <no>a</no> <no>popular</no> <no>London</no> <no>restaurant</no>, <no>the</no> <no>following</no> <no>system</no> <no>is</no> <no>required</no> <no>to</no> <no>speed</no> <no>uppreparation</no> <no>of</no> <no>meals</no>. <no>Each</no> <class>waiter</class> <no>is</no> <association>assigned</association> <no>a group of</no> <class>tables</class>, <no>after</no> <association>taking</association> <class>orders</class> <no>for</no> <no>a</no> <class>table</class> <no>the</no> <class>waiters</class> <method>enter</method> <no>the</no> <class>orders</class> <no>(a</no> <no>list</no> <no>of</no> <class>dishes</class> <no>and</no> <class>drinks</class> <class>ordered</class> <no>by</no> <no>the</no> <no>diner</no> <no>or</no> <no>group</no> <no>of</no> <no>diners)</no> <no>into</no> <no>the</no> <no>system</no> <no>at</no> <no>the</no> <no>PC</no>. <no>The</no> <class>waiter</class> <no>usually</no> <no>knows</no> <no>of</no> <no>any</no> <class>dishes</class><no> that</no> <no>are</no> <attribute>unavailable</attribute> <no>before</no> <method>taking</method> <no>an</no> <class>order</class> <no>but</no> <no>occasionally</no> <no>one</no> <no>of</no> <no>the</no> <attribute>specials</attribute> <no>will</no> <no>sell</no> <no>out</no>. <no>The</no> <no>system</no> <no>must</no> <association>confirm</association> <no>the</no> <attribute>availability</attribute> <no>of</no> <class>dishes</class>. <no>Should</no> <no>an</no> <no>item</no> <no>not</no> <no>be</no> <no>available</no> <no>the</no> <no>system</no> <no>must</no> <no>allow</no> <no>the</no> <class>waiter</class> <no>to</no> <method>change</method> <no>or</no> <no>even</no> <method>delete</method> <no>a</no> <class>customers</class> <class>order</class>. <class>Dishes</class> <no>to</no> <no>be</no> <attribute>prepared</attribute> <no>are</no> <method>sent</method> <no>to</no> <no>the</no> <class>kitchen</class>, <class>drinks</class> <class>orders</class> <no>to</no> <no>the</no> <class>bar</class>. <class>Starters</class> <no>and</no> <class>main</class> <class>course</class> <class>orders</class> <no>are</no> <no>usually</no> <method>taken</method> <no>together</no>. <class>Drinks</class> <no>and</no> <class>desert</class> <class>orders</class> <no>may</no> <no>be</no> <method>taken</method> <no>separately</no>. <class>Kitchen</class> <class>staff</class> <association>sees</association> <no>the</no> <class>dish</class> <class>orders</class> <no>on</no> <no>their</no> <no>screen</no>, <method>prepare</method> <no>them</no> <no>in</no> <no>an</no> <no>appropriate</no> <no>sequence</no> <no>and</no> <method>confirm</method> <method>preparation</method> <no>to</no> <no>the</no> <no>system</no> <no>when</no> <no>complete</no>, <no>similarly</no> <no>with</no> <no>the</no> <class>bar</class>. <no>When</no> <no>a</no> <class>waiter</class> <method>sees</method> <no>the</no> <method>completion</method> <method>indications</method> <no>on</no> <no>his</no> <no>terminal</no> <no>he</no> <method>collects</method> <no>the</no> <no>items</no> <no>and</no> <association>takes</association> <no>them</no> <no>to</no> <no>the</no> <class>table</class>. <no>The</no> <class>waiter</class> <no>can</no> <no>also</no> <method>check</method> <no>on</no> <no>the</no> <attribute>status</attribute> <no>of</no> <class>dish</class> <no>and</no> <class>drink</class> <class>orders</class>. <no>At</no> <no>the</no> <no>end</no> <no>of</no> <no>the</no> <no>meal</no> <no>the</no> <class>waiter</class> <no>will</no> <no>have</no> <no>the</no> <no>system</no> <method>print</method> <no>a</no> <method>bill</method>, <no>and</no> <no>he</no> <no>will</no> <method>enter</method> <no>the</no> <method>details</method> <no>of</no> <class>payment</class> <no>for</no> <no>it</no>. <no>The</no> <class>management</class> <no>can</no> <method>give</method> <method>discounts</method>.<no>The</no> <no>system</no> <no>keeps</no> <association>track</association> <no>of</no> <no>the</no> <association>numbers</association> <no>of</no> <association>customers</association> <association>served</association> <no>by</no> <no>each</no> <class>waiter</class> <no>and</no> <no>the</no> <association>amount</association> <no>of</no> <association>money</association> <association>taken</association> <no>by</no> <no>each</no> <class>waiter</class>. <no>The</no> <class>management</class> <no>can</no> <method>view</method> <no>these</no> <method>statistics</method>. </document>
