<document><no>The</no> <class>Retailer</class> <method>checks</method> <no>for</no> <no>the</no> <attribute>availability</attribute> <no>of</no> <class>goods</class> <no>in</no> <no>the</no> <class>store</class>. <no>If </no><no>the</no> <attribute>stock</attribute> <no>of</no> <class>goods</class> <no>is</no> <no>less</no> <no>then</no> <class>retailer</class> <association>places</association> <class>order</class> <no>for</no> <class>goods</class>. <no>While</no> <no>ordering</no> <no>the</no> <class>goods</class>, <class>goods</class> area <association>received</association> at <class>store</class>, <no>the</no> <class>retailer</class> <no>then</no> <association>arrange</association> <no>them</no> <no>by</no> <attribute>product</attribute> <no>or</no> <no>by</no> <attribute>price</attribute>,<no>then</no> <class>retailer</class> <no>makes</no> <method>payment</method>. <no>If</no> <no>the</no> <attribute>stock</attribute> <no>of</no> <class>goods</class> <no>is</no> <attribute>available</attribute> <no>then</no> <class>retailer</class> <no>will</no> <association>arrange</association> <class>goods</class> <no>for</no><no> selling</no>.<no>The</no> <class>retailer</class> <no>then</no> <association>sales</association> <no>the</no> <class>goods</class> <no>directly</no> <no>to</no> <no>the</no> <class>customer</class>. <no>The</no> <class>customer</class> <method>buys</method> <no>the</no> <no>items</no> <no>from</no> <class>retailer</class>. <no>The</no> <class>retailer</class> <method>preapares</method> <method>bill</method> <no>for</no> <class>goods</class> <association>purchased</association> <no>by</no> <no>the</no> <class>customer</class>, <no>he</no> <method>receives</method> <no>amount</no> <no>by</no> <no>credit</no> <no>or</no> <no>by</no> <no>cash</no> <no>from</no> <class>customer</class>. <no>The</no> <class>supplier</class> <association>supplies</association> <no>the</no> <class>goods</class> <no>to</no> <no>the</no> <class>store</class> <no>in</no> <no>the</no> <no>system.</no></document>