<document><no>Use Case</no> <class>Log In</class> 
<no>Primary Actor</no> <class>Waiter</class> 
<no>Goal In Context</no> <no>Enable</no> <class>waiter</class> <no>access</no> <no>to</no> <no>the</no> <no>system</no> <no>through</no> <no>a</no> <no>tablet</no> 
<no>Preconditions</no> <no>The</no> <class>waiter</class> <no>has</no> <no>a</no> <no>valid</no> <attribute>username</attribute> <no>and</no> <attribute>password</attribute> <no>and</no> <no>is</no> <no>not</no> <no>already</no> <no>logged</no> <no>in</no> 
<no>Trigger</no> <no>The</no> <class>waiter</class> <no>requires</no> <no>access</no> <no>to</no> <no>the</no> <no>system</no> <no>to</no> <no>perform</no> <no>their</no> <no>job</no> 
<no>Scenario</no> <no>1)</no> <no>The</no> <class>waiter</class> <association>selects</association> <association>‘Log In’</association> <no>from</no> <no>the</no> <class>tablet </class><class>menu</class> <no>2)</no> <no>The</no> <class>tablet</class> <association>prompts</association> <no>the</no> <class>user</class> <no>for</no> <no>their</no> <attribute>username </attribute><no>and</no> <attribute>password </attribute> <no>3)</no> <attribute>The</attribute> <class>user</class> <method>enters</method> <no>their</no> <attribute>username </attribute><no>and</no> <attribute>password </attribute><no>4)</no> <no>The</no> <class>tablet </class><no>enables</no> <no>access</no> <no>to</no> <class>the</class> <no>system</no> <no>according</no> <no>to</no> <no>access</no> control 
<no>Exceptions</no> <no>The</no> <class>waiter </class><method>enters</method> <no>an</no> <no>invalid</no> <attribute>username </attribute> <no> or </no>  <attribute>password </attribute>

 
<no>Use Case</no> <class>Log Out</class> 
<no>Primary Actor</no> <class>Waiter</class> 
<no>Goal In Context</no> <no>Disable</no> <class>waiter </class><no>access</no> <no>to</no> <no>the</no> <no>system</no> <no>through</no> <no>a</no> <class>tablet </class>
<no>Preconditions</no> <no>The</no> <class>waiter </class><no>is</no> <no>already</no> <no>logged</no> <no>in</no> 
<no>Trigger</no> <no>The</no> <class>waiter </class><no>no</no> <no>longer</no> <no>requires</no> <no>access</no> <no>to</no> <no>the</no> <no>system</no> <no>to</no> <no>perform</no><no> their</no> <no>job</no> 
<no>Scenario</no> <no>1)</no> <no>The</no> <class>waiter </class><association>selects</association> <class>‘Log Out</class>’ <no>from</no> <no>the</no> <class>tablet </class><class>menu</class>  <no>2)</no> <no>The</no> <class>tablet </class><method>disables</method> <method>access</method> <no>to</no> <no>the</no> <no>system</no> 
<no>Exceptions</no>  

 
<no>Use Case</no> <method>Activate</method> <class>Table</class> 
<no>Primary Actor</no> <class>Waiter</class> 
<no>Goal In Context</no> <method>Activate</method> <no>the</no> <no>surface</no> <no>computer</no> <no>in</no> <no>a</no> <no>table</no> <no>to</no> <no>enable</no> <class>customer</class> <no>functionality </no>
<no>Preconditions</no> <no>The</no> <class>waiter </class><no>is</no> <no>already</no> <no>logged in</no> 
<no>Trigger</no> <no>A</no> <no>new</no> <no>group</no> <no>of</no> <class>customers</class> <no>have</no> <no>been</no> <method>seated</method> <no>at</no> <no>the</no> <no>table</no> 
<no>Scenario</no> <no>1)</no> <no>The</no> <class>waiter </class><method>selects</method> <method>‘Activate Table’</method> <no>from</no> <no>the</no> <class>tablet </class><class>menu</class> <no>2)</no> <no>The</no> <class>waiter </class><association>selects</association> <no>a</no> <association>free deactivated</association> <class>table</class> <no>from</no> <no>those</no> <no>available</no> <no>3)</no> <no>The</no> <class>waiter </class><method>selects</method> <no>the</no> <method>seats</method> <no>to</no> <no>be</no> <no>occupied</no> <no>by</no> <class>customers</class> <no>4)</no> <no>The</no> <no>surface</no> <no>computer</no> <no>in</no> <no>the</no> <class>table</class> <no>is</no> <attribute>activated</attribute> <no>and</no> <no>an</no> <class>account</class> <no>is</no> <method>created</method> <no>5)</no> <no>An</no> <attribute>empty</attribute> <class>order </class><no>is</no> <no>automatically</no> <association>created</association> <no>for</no> <no>each</no> <class>customer</class> <no>at</no> <no>the</no> <class>table</class> <no>6)</no> <no>The</no> <class>waiter </class><no>is</no> <method>assigned</method> <no>to</no> <no>take</no> <no>care</no> <no>of</no> <no>the</no> <class>table</class><no>’s</no> <class>account</class> 
<no>Exceptions</no> <no>There</no> <no>are</no> <no>no</no> <no>free</no> <attribute>deactivated</attribute> <class>tables</class> <method>available</method> 

 
<no>Use Case</no> <method>Deactivate</method> <class>Table</class> 
<no>Primary Actor</no> <class>Waiter</class> 
<no>Goal In Context</no> <method>Deactivate</method> <no>the</no> <no>surface</no> <no>computer</no> <no>in</no> <no>a</no> <class>table</class> <no>once</no> <no>its</no> <class>customers</class> <no>have</no> <method>left</method>  
<no>Preconditions</no> <no>The</no> <class>account</class> <no>(every</no> <no>meal)</no> <association>associated</association> <no>with</no> <no>the</no> <class>table</class> <no>has</no> <no>been</no> <method>finalised</method>/<method>paid</method> 
<no>Trigger</no> <no>A</no> <class>table</class> <no>of</no> <class>customers</class> <association>finalise</association> <no>their</no> <class>account</class> <no>and</no> <method>leave</method> <no>the</no> <no>restaurant</no> 
<no>Scenario</no> <no>1)</no> <no>The</no> <class>waiter </class><method>selects</method> <method>&apos;Deactivate Table&apos;</method> <no>from</no> <no>the</no> <class>tablet </class><class>menu</class> <no>2)</no> <no>The</no> <class>waiter </class><association>selects</association> <no>the</no> <class>table</class> <no>to</no> <no>be</no> <attribute>deactivated</attribute> <no>3)</no> <no>The</no> <class>table</class> <no>is</no> <method>deactivated</method> <no>and</no> <no>its</no> <class>account</class> <attribute>details</attribute> <no>are</no> <method>archived</method> <no>4)</no> <no>The</no> <class>account</class> <no>is</no> <method>deleted</method> <no>from</no> <no>the</no> <no>active</no> <no>system</no> 
<no>Exceptions</no>  

 
<no>Use Case</no> <method>Accept</method> <class>Order </class>
<no>Primary Actor</no> <class>Waiter </class>
<no>Goal In Context</no> <method>Accept</method> <no>an</no> <class>order </class><no>that</no> <no>has</no> <no>been</no> <association>placed</association> <association>by</association> <no>a</no> <class>customer</class> 
<no>Preconditions</no> <no>A</no> <class>customer</class> <association>has</association> <association>placed</association> <no>an</no> <class>order </class>
<no>Trigger</no> <no>The</no> <class>waiter </class><no>chooses</no> <no>to</no> <association>serve</association> <no>the</no> <class>customer</class> 
<no>Scenario</no> <no>1)</no> <no>The</no> <class>waiter </class><method>selects</method> &apos;<method>Take Order</method>&apos; <no>from</no> <no>the</no> <class>tablet </class><class>menu</class> <no>2)</no> <no>The</no> <class>waiter </class><association>selects</association> <no>a</no> <class>table</class> <no>with</no> <attribute>pending</attribute> <class>orders</class> <class>from</class> <no>those</no> <method>assigned</method> <no>to</no> <no>them</no> <no>3)</no> <no>The</no> <class>waiter </class><association>selects</association> <no>a</no> <association>pending</association> <class>order </class><no>from</no> <no>the</no> <no>selected</no> <class>table</class> <no>4)</no> <no>The</no> <class>waiter </class><association>confirms</association> <no>the</no> <class>order</class><no>and</no> <association>selects ‘Accept’</association> <no>from</no> <no>the</no> <class>tablet </class><class>menu</class> <no>5)</no> <no>The</no> <class>items</class> <no>in</no> <no>the</no> <class>order </class><no>are</no> <method>sent</method> <no>to</no> <no>the</no> <no>kitchen</no> <no>for</no> <no>preparation</no> <no>6)</no> <no>The</no> <class>order </class><no>is</no> <association>added</association> <no>to</no> <no>the</no> <class>customer</class><no>’s</no> <attribute>meal</attribute> (<no>and</no> <no>the</no> <class>table</class><association>’s</association> <class>account</class>) 
<no>Exceptions</no> <no>The</no> <class>waiter </class><association>rejects</association> <no>the</no> <class>order </class><no>by</no> <association>selecting</association> <association>&apos;Reject&apos;</association> <no>from</no> <no>the</no> <class>tablet </class><class>menu</class> 
 
<no>Use Case</no> <method>Deliver</method> <class>Item</class> 
<no>Primary Actor</no> <class>Waiter</class> 
<no>Goal In Context</no> <method>Deliver</method> <no>a</no> <attribute>ready</attribute> <class>item</class> <no>to</no> <no>its</no> <class>customer</class> 
<no>Preconditions</no> <no>An</no> <class>item</class> <no>for</no> <no>a</no> <class>table</class> <attribute>assigned</attribute> <no>to</no> <no>the</no> <class>waiter </class><no>is</no> <method>prepared</method> <no>and</no> <method>ready </method>
<no>Trigger</no> <no>The</no> <no>system</no> <method>sends</method> <no>an</no> <method>alert</method> <no>to</no> <no>the</no> <class>waiter </class><no>notifying</no> <no>them</no> <no>the</no> <class>item</class> <no>is</no> <method>ready</method> 
<no>Scenario</no> <no>1)</no> <no>The</no> <class>waiter </class><method>reads</method> <no>the</no> <method>alert</method>, <association>noting</association> <no>the</no> <class>item</class> <no>and</no> <no>its</no> <class>table</class>/<attribute>seat</attribute> <attribute>number</attribute> <no>2)</no> <no>The</no> <class>waiter </class><association>delivers</association> <no>the</no> <class>item</class> <no>to</no> <no>the</no> <class>customer</class> <no>who</no> <method>ordered</method> <no>it</no>  <no>3)</no> <no>The</no> <class>waiter </class><association>marks</association> <no>the</no> <class>item</class> <no>as</no> <method>delivered</method> <no>through</no> <no>the</no> <class>tablet </class>
<no>Exceptions</no>  

 
<no>Use Case</no> <method>Process</method> <attribute>Bankcard</attribute> <class>Payment</class> 
<no>Primary Actor</no> <class>Waiter</class> 
<no>Goal In Context</no> <method>Charge</method> <no>a</no> <class>customer</class> <no>for</no> <no>their</no> <attribute>meals</attribute> <association>taking</association> <no>a</no> <attribute>bankcard</attribute> <class>payment</class> 
<no>Preconditions</no> <attribute>Meals</attribute> <no>have</no> <no>been</no> <method>assigned</method> <no>to</no> <no>the</no> <class>customer</class><no>’s</no> <attribute>bankcard</attribute> <class>payment</class> <no>bill</no> 
<no>Trigger</no> <no>The</no> <class>waiter </class><method>chooses</method> <no>to</no> <method>finalise</method> <no>a</no> <class>customer</class><no>’s</no> <method>bill </method>
<no>Scenario</no> <no>1)</no> <no>The</no> <class>waiter </class><method>selects</method> &apos;<method>Bill Table&apos;</method><no> from</no> <no>the</no> <class>tablet </class><class>menu</class> <no>2)</no> <no>The</no> <class>waiter </class><association>selects</association> <no>a</no> <class>table</class> <no>with</no> <attribute>outstanding</attribute> <attribute>bills</attribute> <no>from</no> <no>which</no> <no>the</no> <class>customer</class>’s <no>have</no> <no>asked</no> <no>to</no> <no>finalise</no> <no>their</no> <attribute>account</attribute> <no>3)</no> <no>The</no> <class>waiter </class><method>selects</method> <no>a</no> <class>customer</class> <no>to</no> <method>process</method> <class>payment</class> <no>for</no>, <no>from</no> <no>a</no> <no>list</no> <no>of</no> 
<class>customers</class> <no>with</no> <attribute>meals</attribute> <association>assigned</association> <no>to</no> <no>their</no> <attribute>bankcard</attribute> <class>payment</class> <no>bill</no> <no>4)</no> <no>The</no> <method>waiter </method><method>swipes</method> <no>the</no> <class>customer</class><no>&apos;s</no> <attribute>bankcard</attribute> <no>through</no> <no>the</no> <class>tablet </class><no>5)</no> <no>The</no> <no>system</no> <no>interfaces</no> <no>with</no> <no>the</no> <method>register</method> <no>system</no> <no>to</no> <method>process</method> <no>the</no> <class>payment</class> <no>6)</no> <no>The</no> <attribute>meals</attribute> <no>are</no> <method>marked</method> <no>as</no> <method>paid</method> <no>and</no> <method>disappear</method> <no>from</no> <no>the</no> <no>surface</no> <no>computer </no>
<no>Exceptions</no> <no>The</no> <class>transaction</class> <class>is</class> <method>rejected</method> <no>by</no> <no>the</no> <no>register</no> <no>system</no> 

 
<no>Use Case</no> <method>Process</method> <attribute>Cash</attribute> <class>Payment </class>
<no>Primary Actor</no> <class>Waiter </class>
<no>Goal In Context</no> <method>Charge</method> <no>a</no> <class>table</class> <no>of</no> <class>customers</class> <no>for</no> <no>their</no> <attribute>meals</attribute> <no>taking</no> <no>a</no> <no>collective</no> <attribute>cash</attribute> <class>payment</class> 
<no>Preconditions</no> <attribute>Meals</attribute> <no>have</no> <no>been</no> <method>assigned</method> <no>to</no> <no>the</no> <class>table</class><no>’s</no> <attribute>cash</attribute> <class>payment</class> <no>bill</no> 
<no>Trigger</no> <no>The</no> <class>waiter </class><method>chooses</method> <no>to</no> <method>finalise</method> <no>a</no> <class>customer</class><no>’s</no> <no>bill</no> 
<no>Scenario</no> <no>1)</no> <no>The</no> <class>waiter </class><association>selects</association> <association>&apos;Bill Table&apos;</association> <no>from</no> <no>the</no> <class>tablet </class><class>menu</class> <no>2)</no> <no>The</no> <class>waiter </class><association>selects</association> <no>a</no> <class>table</class> <no>with</no> <no>outstanding</no> <no>bills</no> <no>from</no> <no>which</no> <no>the</no> <class>customer</class><no>’s</no> 
<no>have</no> <method>asked</method> <no>to</no> <method>finalise</method> <no>their</no> <class>account</class> <no>3)</no> <no>The</no> <class>waiter </class><association>selects</association> &apos;<association>Cash Payment</association>&apos; <no>from</no> <no>the</no> <class>tablet </class><class>menu</class> <no>4)</no> <no>The</no> <class>waiter </class><association>takes</association> <association>cash</association> <no>from</no> <class>customers</class> <no>and</no> <no>moves</no> <no>to</no> <no>the</no> <class>payment</class> <no>system</no> <no>5)</no> <no>The</no> <class>tablet </class><no>automatically</no> <association>connects</association> <no>with</no> <no>the</no> <class>payment</class> <no>system</no> <no>when</no> <no>in</no> 
<no>proximity</no> <no>6)</no> <no>The</no> <class>waiter </class><association>processes</association> <no>the</no> <class>payment</class> <no>using</no> <no>the</no> <class>payment</class> <no>system</no> <no>7)</no> <no>The</no> <attribute>meals</attribute> <no>are</no> <method>marked</method> <no>as</no> <method>paid</method> <no>and</no> <no>disappear</no> <no>from</no> <no>the</no> <no>surface</no> <no>computer</no> <no>8)</no> <no>The</no> <class>waiter </class><association>returns</association> <no>to</no> <no>the</no> <class>customers</class> <no>with</no> <no>their</no> <no>change</no> 
<no>Exceptions</no> <attribute>Insufficient</attribute> <attribute>cash</attribute> <no>is</no> <no>provided</no> <no>by</no> <no>the</no> <class>customers</class> 

 
<no>Use Case</no> <method>Pay</method> <attribute>Bill</attribute> 
<no>Primary Actor</no> <class>Customer</class> 
<no>Goal In Context</no> <no>A</no> <class>customer</class> <no>decides</no> <no>to</no> <method>pay</method> <no>for</no> <no>their</no> <attribute>meals</attribute> <no>when</no> <no>they</no> <no>are</no> <no>ready</no> <no>to</no> <no>leave</no> 
<no>Preconditions</no> <no>Every</no> <class>item</class> <association>ordered</association> <no>by</no> <no>the</no> <class>customer</class> <no>has</no> <no>been</no> <attribute>delivered</attribute> <no>or</no> <attribute>cancelled</attribute> 
<no>Trigger</no> <no>The</no> <class>customer</class> <method>asks</method> <no>to</no> <method>finalise</method> <no>their</no> <attribute>bill</attribute> 
<no>Scenario</no> <no>1)</no> <no>The</no> <class>customer</class> <no>double-taps</no> <no>the</no> <class>table</class> <no>to</no> <no>bring</no> <no>up</no> <no>a</no> <class>menu</class> <no>2)</no> <no>The</no> <class>customer</class> <method>selects</method> &apos;<method>Ask</method> <method>For</method> <method>Bill</method>&apos; <no>from</no> <no>the</no> <class>menu</class> <no>3)</no> <no>The</no> <no>surface</no> <no>computer</no> <no>enters</no> <no>billing</no> <no>mode</no> <no>and</no> <no>displays</no> <no>a </no><no>representation</no> <no>of</no> <no>each</no> <class>customer</class><no>&apos;s</no> <attribute>bankcard</attribute> <class>payment</class>, <no>a</no> <class>table</class> <attribute>cash</attribute> <class>payment</class> <no>and</no> <no>each</no> <class>customer</class><no>&apos;s</no> <attribute>meal</attribute> 
<no>4)</no> <no>The</no> <class>customer</class> <method>drags</method>/<method>assigns</method> <no>their</no> <attribute>meals</attribute> <no>into</no> <no>the</no> <no>appropriate</no> <class>payment</class> <no>5)</no> <no>The</no> <class>customer </class><method>drags</method>/<method>assigns</method> <no>any</no> <attribute>tip</attribute> <attribute>denominations</attribute> <no>into</no> <no>the</no> <no>appropriate</no> <class>payment</class> <no>6)</no> <no>The</no> <class>customer</class> <method>finalises</method> <no>the</no> <method>assignment</method> <method>process</method> <no>and</no> <no>an</no> <attribute>alert</attribute> <no>is</no> <method>sent</method> <no>to</no> <no>the</no> <class>waiter</class> <association>assigned</association> <no>to</no> <no>the</no> <class>table</class> <no>7)</no> <no>The</no> <class>waiter </class><association>processes</association> <no>the</no> <class>payment</class> <no>8)</no> <no>The</no> <class>customer</class> <no>double-taps</no> <no>the</no> <no>dismiss</no> <no>menu</no> <no>option</no> <no>on</no> <no>the</no> <class>table</class> <no>to</no> <no>close</no> <no>the</no> 
<class>menu</class> 
<no>Exceptions</no> <no>The</no> <class>customer</class> <method>cancels</method> <no>billing mode 
</no>
 
<no>Use Case</no> <method>Place</method> <class>Order </class>
<no>Primary Actor</no> <class>Customer</class> 
<no>Goal In Context</no> <method>Place</method> <no>an</no> <class>order</class> <no>for</no> <no>menu</no> <class>items</class> <no>from</no> <no>the</no> <no>restaurant</no> 
<no>Preconditions</no> <no>The</no> <class>customer</class> <no>has</no> <no>been</no> <no>seated</no> <no>at</no> <no>an</no> <attribute>activated</attribute> <class>table</class> 
<no>Trigger</no> <no>The</no> <class>customer</class> <no>wants</no> <no>to</no> <class>order </class><no>one</no> <no>or</no> <no>more</no> <no>menu</no> <class>items</class> 
<no>Scenario</no> <no>1)</no> <no>The</no> <class>customer</class> <no>double-taps</no> <no>the</no> <class>table</class> <no>to</no> <no>bring</no> <no>up</no> <no>a</no> <no>menu</no> <no>2)</no> <no>The</no> <class>customer</class> <method>selects</method> &apos;<method>Order</method>&apos; <no>from</no> <no>the</no> <no>menu</no> <no>3)</no> <no>The</no> <no>surface</no> <no>computer</no> <no>in</no> <no>the</no> <class>table</class> <method>displays</method> <no>an</no> <attribute>empty</attribute> <class>order </class><no>and</no> <no>the</no> <no>available</no> 
<no>food</no><class>/</class><no>beverage</no>/<no>dietary</no> <no>requirement</no> <class>items</class> <no>4)</no> <no>The</no> <class>customer</class> <association>navigates</association> <no>through</no> <no>the</no> <attribute>available</attribute> <class>items</class> <no>and</no> <method>adds</method> <no>the</no> <no>ones</no> <no>they</no> 
<no>want</no> <no>by</no> <no>dragging</no> <no>them</no> <no>from</no> <no>the</no> <no>menu</no> <no>onto</no> <no>their</no> <class>order </class>(<no>menu</no> <class>items</class> <no>can</no> <no>be</no> <method>removes</method> <no>by</no> <no>dragging</no> <no>them</no> <no>out</no> <no>of</no> <no>the</no> <class>order</class> 
<no>5)</no> <no>The</no> <class>customer</class> <method>selects</method> &apos;<method>Place Order&apos;</method> <no>from</no> <no>the</no> <no>menu</no> <no>6)</no> <no>The</no> <class>waiter </class><association>assigned</association> <no>to</no> <no>the</no> <class>table</class><no>’s</no> <class>account</class> <no>is</no> <method>notified</method> <no>that</no> <no>the</no> <class>order </class><no>has</no> <no>been</no> 
<method>placed</method> <no>7)</no> <no>The</no> <class>customer</class> <no>double-taps</no> <no>the</no> <method>dismiss</method> <no>menu</no> <no>option</no> <no>on</no> <no>the</no> <class>table</class> <no>to</no> <no>close</no> <no>the</no> 
<no>menu</no> 
<no>Exceptions</no> <no>The</no> <class>customer</class> <association>cancels</association> <no>the</no> <class>order </class><no>by</no> <method>selecting</method> &apos;<method>Cancel</method>&apos; <no>from</no> <no>the</no> <no>menu</no> 
 
<no>Use Case</no> <method>Call</method> <class>Waiter</class> 
<no>Primary Actor</no> <class>Customer</class> 
<no>Goal In Context</no> <no>Get</no> <no>assistance</no> <no>from</no> <no>the</no> <class>waiter </class><association>assigned</association> <no>to</no> <no>the</no> <class>customer</class>’s <class>table</class> 
<no>Preconditions</no> <no>The</no> <class>customer</class> <no>has</no> <no>been</no> <association>seated</association> <no>at</no> <no>an</no> <attribute>activated</attribute> <class>table</class> 
<no>Trigger</no> <no>The</no> <class>customer</class> <method>decides</method> <no>they</no> <method>require</method> <class>waiter </class><method>assistance</method> 
<no>Scenario</no> <no>1)</no> <no>The</no> <class>customer</class> <no>double-taps</no> <no>the</no> <class>table</class> <no>to</no> <no>bring</no> <no>up</no> <no>a</no> <no>menu</no> <no>2)</no> <no>The</no> <class>customer</class> <method>selects</method> <method>&apos;Call Waiter&apos;</method> <no>from</no> <no>the</no> <no>menu</no> <no>3)</no> <no>An</no> <class>alert</class> <no>is</no> <association>sent</association> <no>to</no> <no>the</no> <class>waiter </class><association>assigned</association> <no>to</no> <no>the</no> <class>table</class> 
<no>Exceptions</no>  
 
 
<no>Use Case</no> <method>Abort</method> <class>Meal</class> 
<no>Primary Actor</no> <class>Supervisor</class> 
<no>Goal In Context</no> <method>Abort</method> <no>a</no> <class>customer</class><no>’s</no> <attribute>meal</attribute> <no>with</no> <no>no</no> <no>expectation</no> <no>of</no> <class>payment</class> 
<no>Preconditions</no> <no>The</no> <attribute>meal</attribute> <method>exists</method> <no>and</no> <no>is</no> <no>associated</no> <no>with</no> <no>the</no> <class>customer</class> 
<no>Trigger</no> <no>Exceptional</no> <no>circumstances</no> <no>arise</no> <no>and</no> <no>the</no> <class>supervisor</class> <no>must</no> <method>abort</method> <no>the</no> <attribute>meal</attribute> 
<no>Scenario</no> <no>1)</no> <no>The</no> <class>supervisor</class> <method>selects</method> &apos;<method>Abort Meal&apos;</method> <no>from</no> <no>the</no> <class>tablet </class><no>menu</no> <no>2)</no> <no>The</no> <class>supervisor</class> <association>selects</association> <no>a</no> <class>table</class> <no>from</no> <no>those</no> <no>that</no> <no>have</no> <attribute>active</attribute> <attribute>meals</attribute> <no>3)</no> <no>The</no> <class>supervisor</class> <method>selects</method> <no>an</no> <attribute>active</attribute> <attribute>meal</attribute> <no>from</no> <no>the</no> <attribute>selected</attribute> <class>table</class> <no>1)</no> <no>The</no> <attribute>details</attribute> <no>of</no> <no>the</no> <attribute>meal</attribute>, <no>the</no> <method>abortion</method> <no>and</no> <no>the</no> <method>supervisor</method> <no>are</no> <method>archived</method> <no>4)</no> <no>The</no> <attribute>active</attribute> <attribute>meal</attribute> <no>is</no> <method>deleted</method> <no>from</no> <no>the</no> <no>active</no> <no>system</no> 
<no>Exceptions</no>  

 
<no>Use Case</no> <method>Abort</method> <class>Account</class> 
<no>Primary Actor</no> <class>Supervisor</class> 
<no>Goal In Context</no> <method>Abort</method> <no>a</no> <class>table</class><no>’s</no> <class>account</class> <no>with</no> <no>no</no> <no>expectation</no> <no>of</no> <class>payment</class> 
<no>Preconditions</no> <no>The</no> <class>account</class> <method>exists</method> <no>and</no> <no>is</no> <no>associated</no> <no>with</no> <no>the</no> <class>table</class> 
<no>Trigger</no> <no>Exceptional</no> <no>circumstances</no> <no>arise</no> <no>and</no> <no>the</no> <class>supervisor</class> <no>must</no> <method>abort</method> <no>the</no> <class>account</class> 
<no>Scenario</no> <no>2)</no> <no>The</no> <class>supervisor</class> <method>selects</method> &apos;<method>Abort Account</method>&apos; <no>from</no> <no>the</no> <class>tablet </class><no>menu</no> <no>3)</no> <no>The</no> <class>supervisor</class> <association>selects</association> <no>a</no> <class>table</class> <no>from</no> <no>those</no> <no>that</no> <no>have</no> <attribute>active</attribute> <class>accounts</class> <no>4)</no> <no>The</no> <attribute>details</attribute> <no>of</no> <no>the</no> <class>account</class>, <no>the</no> <method>abortion</method> <no>and</no> <no>the</no> <class>supervisor</class> <no>are</no> <method>archived</method> <no>5)</no> <no>The</no> <attribute>active</attribute> <class>account</class> <no>is</no> <method>deleted</method> <method>from</method> <no>the</no> <method>active</method> <no>system</no> 
<no>Exceptions</no>  

 
<no>Use Case</no> <method>Issue</method> <attribute>Refund</attribute> 
<no>Primary Actor</no> <class>Supervisor</class> 
<no>Goal In Context</no> <method>Refund</method> <no>a</no> <class>customer</class><no>’s</no> <class>payment</class> <no>for</no> <no>a</no> <attribute>meal</attribute> 
<no>Preconditions</no> <no>The</no> <class>customer</class> <method>paid</method> <no>for</no> <no>a</no> <attribute>meal</attribute> <no>in</no> <no>the</no> <no>restaurant</no> 
<no>Trigger</no> <no>Exceptional</no> <no>circumstances</no> <no>arise</no> <no>and</no> <no>the</no> <class>supervisor</class> <no>must</no> <association>refund</association> <no>the</no> <class>payment</class> 
<no>Scenario</no> <no>1)</no> <no>The</no> <class>supervisor</class> <method>confirms</method> <no>that</no> <attribute>refund</attribute> <no>should</no> <no>be</no> <no>given</no> <no>2)</no> <no>The</no> <class>supervisor</class> <method>selects</method> &apos;<method>Issue Refund</method>&apos; <no>from</no> <no>the</no> <class>tablet </class><no>menu</no> <no>3)</no> <no>The</no> <class>supervisor</class> <method>selects</method> <no>the</no> <attribute>meal</attribute> <no>from</no> <no>a</no> <no>list</no> <no>for</no> <no>the</no> <no>given</no> <attribute>date</attribute> <no>4)</no> <no>The</no> <class>supervisor</class> <method>selects</method> ‘<method>Confirm Refund</method>’ <no>from</no> <no>the</no> <class>tablet </class><no>menu</no>  <no>5)</no> <no>The</no> <attribute>details</attribute> <no>of</no> <no>the</no> <attribute>meal</attribute>, <no>the</no> <attribute>refund</attribute> <no>and</no> <no>the</no> <class>supervisor</class> <no>are</no> <method>archived</method> <no>6)</no> <no>The</no> <class>supervisor</class> <method>returns</method> <no>the</no> <method>cost</method> <no>of</no> <no>the</no> <attribute>meal</attribute> <no>to</no> <no>the</no> <class>customer</class> 
<no>Exceptions</no>  

 
<no>Use Case</no> <method>Accept</method>/<method>Reject</method> <class>Item</class> 
<no>Primary Actor</no> <class>Chef</class> 
<no>Goal In Context</no> <method>Notify</method> <class>waiters</class> <no>if</no> <no>an</no> <class>item</class> <no>cannot</no> <no>be</no> <attribute>prepared</attribute> 
<no>Preconditions</no> <no>The</no> <class>item</class> <no>has</no> <no>not</no> <no>already</no> <no>been</no> <attribute>accepted</attribute> or <attribute>rejected</attribute> 
<no>Trigger</no> <class>Chef</class> <no>proceeds</no> <no>to</no> <no>action</no> <no>the</no> <attribute>pending</attribute> <class>items</class> <no>on</no> <no>a</no> <no>kitchen</no> <no>display</no> 
<no>Scenario</no> <no>1)</no> <no>The</no> <class>chef </class><method>checks</method> <no>if</no> <no>the</no> <attribute>pending</attribute> <class>item</class> <no>can</no> <no>be</no> <attribute>fulfilled</attribute> <no>and</no> <method>rejects</method> <no>or</no> <method>accepts</method> <no>it</no> <no>2)</no> <no>An</no> <attribute>accepted</attribute> <attribute>pending</attribute> <class>item</class> <no>is</no> <method>added</method> <no>to</no> <no>a</no> <no>list</no> <no>of</no> <class>items</class> <no>to</no> <method>prepare</method> <no>3)</no> <no>A</no> <attribute>rejected</attribute> <attribute>pending</attribute> <class>item</class> is <method>removed</method> <no>from</no> <no>the</no> <no>kitchen</no> <no>display</no> <no>and</no> <no>an</no> <method>alert</method> <no>is</no> 
<method>sent</method> <no>to</no> <no>the</no> <class>waiter </class><method>assigned</method> <no>to</no> <no>the</no> <attribute>pending</attribute> <class>item</class><no>’s</no> <class>account</class> 
<no>Exceptions</no>  
 
 
<no>Use Case</no> <method>Indicate</method> <class>Item</class> <attribute>Ready</attribute> 
<no>Primary Actor</no> <class>Chef</class> 
<no>Goal In Context</no> <method>Alert</method> <no>the</no> <no>appropriate</no> <class>waiter </class><no>that</no> <no>an</no> <class>item</class> <no>is</no> <attribute>ready</attribute> <no>to</no> <no>be</no> <method>delivered</method> 
<no>Preconditions</no> <no>The</no> <class>item</class> <no>has</no> <no>been</no> <association>accepted</association> <no>by</no> <no>a</no> <class>chef </class>
<no>Trigger</no> <class>Item</class> <no>preparation</no> <no>completes</no> 
<no>Scenario</no> <no>1)</no> <no>The</no> <class>chef </class><association>selects</association> <no>the</no> <class>item</class> <class>from</class> <no>the</no> <no>list</no> <no>of</no> <class>items</class> <no>to</no> <no>prepare</no> <no>2)</no> <no>The</no> <class>chef </class><method>selects</method> <method>&apos;Ready&apos;</method> <no>from</no> <no>the</no> <no>display</no> <no>menu</no> <no>3)</no> <no>An</no> <attribute>alert</attribute> <no>is</no> <method>sent</method> <no>to</no> <no>the</no> <class>waiter </class><association>assigned</association> <no>to</no> <no>the</no> <association>prepared</association> <class>item</class><no>’s</no> <class>account</class>  
<no>Exceptions</no>  


</document>
