<document><no>4.1.</no> <method>Create</method> <class>Species</class> <class>Habitat</class> <class>Record</class> (<no>Prior</no> <no>to</no> <no>Field</no> <no>Work</no>)
<no>4.1.1</no>. <no>Description</no> <no>and</no> <no>Priority</no> 
<no>This</no> <no>section</no> <no>describes</no> <no>the</no> <no>processes</no> <no>involved</no> <no>with</no> <no>the</no> <method>creation</method> <no>of</no> <no>new</no> <class>species habitat</class> <no>feature</no> <class>record</class> <no>in</no> <no>the</no> <class>Species Habitat</class> <no>Management</no> <no>Tool</no>.  <class>Users</class> <no>will</no> <association>choose</association> <no>the</no> <class>species</class>  <no>and</no> <association>related</association> <class>habitat </class><no>information</no>.  (<no>Mandatory</no>)  
<no>4.1.2</no>. <no>Stimulus</no>/<no>Response</no> <no>Sequences</no> 
<no>Stimulus</no>: <no>1</no> <class>User</class> <no>clicks</no> <no>on</no> <no>button</no> <no>to</no> <method>launch</method> <no>the</no> <method>Species Habitat Management Tool</method>. 
<no>Response</no>: <no>The</no> <no>system</no> <no>will</no> <method>load</method> <no>a</no> <no>window</no> <class>form</class> <no>for</no> <no>data</no> <no>entry</no>.  <no>The</no> <class>form</class> <no>will</no> <method>auto fill</method> <method>dropdown tools</method> <no>with</no> <no>data</no> <no>stored</no> <no>in</no> <no>application</no> <no>lookup</no> <no>tables</no>. 
 
<no>Stimulus</no>: <no>2</no> <class>User</class> <method>initiates</method> <no>the</no> <method>application</method> <no>for</no> <no>the</no> <no>first</no> <no>time</no>. 
<no>Response</no>: <no>The</no> <no>system</no> <no>will</no> <method>prompt</method> <no>the</no> <class>user</class> <no>to</no> <method>set</method> <no>the</no> <method>default values</method> <no>for</no> <attribute>Wildlife Area Unit</attribute>, <attribute>verification source</attribute> <no>and</no> <attribute>source type</attribute> <no>and</no> <attribute>method</attribute>.  

<no>Stimulus</no>: <no>3</no> <class>User</class> <method>selects</method> <attribute>valid</attribute> <class>Species</class> <no>profile</no> (<no>a</no> <no>combination</no> <no>of</no> <attribute>population designation</attribute>, <attribute>behavior</attribute> <no>and</no> <attribute>life history</attribute> <no>information</no>).   
<no>Response</no>: <no>The</no> <no>system</no> <method>creates</method> <no>a</no> <no>new</no> <class>species</class> <class>record</class> <no>and</no> <method>navigates</method> <no>the</no> <class>user</class> <no>to</no> <no>the</no> <no>selected</no> <no>WLA</no>.   
<no>Stimulus</no>: <no>5</no> <no>The</no> <class>user</class> <no>is</no> <no>presented</no> <no>a</no> <method>create</method>/<method>edit</method> <method>form</method>.  <no>The</no> <class>user</class> <method>defines</method> <no>the</no> <method>attributes</method> <no>of</no> <no>a</no> <no>new</no> <class>Species</class> <class>Habitat</class> <no>table</no> <class>record</class>. 
<no>Response</no>: <no>The</no> <no>system</no> <no>will</no> <method>create</method> <no>and</no> <method>track</method> <no>the</no> <attribute>pending</attribute> <class>species</class> <class>habitat</class> <class>record</class> <no>in</no> <no>the</no> <no>database</no>.  
<no>Stimulus</no>: <no>6</no> <no>The</no> <class>user</class> <association>creates</association> <no>a</no> <class>Species</class> <class>Habitat</class> <class>record</class> <no>prior</no> <no>to</no> <method>creating</method> <class>spatial</class> <no>data</no>. <no>Response</no>: <no>The</no> <no>tool</no> <no>will</no> <method>create</method> <no>a</no> <no>new</no> <class>Species</class> <class>Habitat</class> <class>record</class> <no>without</no> <association>linked</association> <class>spatial</class> <no>data</no>.  
 <no>Stimulus</no>:   <class>User</class> <no>may</no> <method>end</method> <method>session</method> <no>or</no> <method>move on</method> <no>to</no> <class>spatial</class> <method>data</method> <method>editing</method> <no>Response</no>: <no>System</no> <no>will</no> <method>save</method> <no>all</no> <method>edits </method><no>to</no> <class>species</class> <class>habitat</class> <no>data</no> <no>table</no> <no>and</no> <method>end</method> <method>edit</method> <method>session</method>, <no>or</no> <class>user</class> <no>continues</no> <no>to</no> <method>create</method> <class>spatial</class> <class>feature</class>.  
<no>Stimulus</no>: <no>7</no> <class>User</class> <no>optionally</no> <method>creates</method> <no>a</no> <no>new</no> <class>spatial</class> <class>feature</class> <no>for</no> <no>the</no> <no>current</no> <no>edit</no> <class>record</class> <no>in</no> <no>ArcGIS</no> <no>environment</no>, <no>with</no>  <no>PHS</no>, <no>WSDM</no>, <no>REGAP</no> <no>and</no>/<no>or</no> <no>other</no> <no>background</no> <no>layers</no> <no>turned</no> <no>on</no> <no>or</no> <no>off</no> <no>by</no> <class>user</class> <no>from</no> <no>within</no> <no>the</no> <no>ArcGIS</no> <no>platform</no> 
<no>Response</no>: <no>The</no> <no>system</no> <no>enables</no> <no>the</no> <no>link</no> <no>button</no> <no>when</no> <no>a</no> <class>feature</class> <no>is</no> <attribute>selected</attribute> <no>that</no> <no>does</no> <no>not</no> <no>have</no> <no>a</no> <association>linked</association> <class>Species</class> <class>Habitat</class> <attribute>Id</attribute>.  
<no>Stimulus</no>:  <class>User</class> <no>queries</no> <no>existing</no> <class>spatial</class> <class>feature</class> (<no>previously</no> <no>digitized</no> <no>for</no> <no>another</no> <no>species</no>) <no>to</no> <association>adopt</association> <no>and</no> <no>or</no> <association>modify</association> <no>for</no> <attribute>active</attribute> <class>species</class> <class>record</class>. 
<no>Response</no>: <no>The</no> <no>system</no> <no>will</no> <method>open</method> <no>a</no> <method>query page</method>, <method>zoom</method> <no>to</no> image <no>and</no> enable <method>cut</method>, <method>paste</method> <no>and</no> <method>edit</method> functions.  

 <no>Stimulus</no>: <no>8</no> <no>The</no> <class>user</class> <method>selects</method> <no>one</no> <no>or</no> <no>more</no> <class>spatial</class> <class>features</class> <no>and</no> <no>then</no> <association>links</association> <class>spatial</class> <no>data</no> <no>to</no> <no>the</no> <attribute>active</attribute> <class>species</class> <class>habitat</class> <class>record</class>. <no>Response</no>: <no>The</no> <no>tool</no> <no>will</no> <association>set</association> <no>the</no> <class>Species</class> <class>Habitat</class> <class>Record</class> <attribute>ID</attribute> <no>in</no> <no>the</no> <no>selected</no> <class>spatial</class> <class>features</class> <no>to</no> <no>the</no> <class>Species Habitat</class> <class>Record</class> <attribute>Id</attribute> <no>creating</no> <no>a</no> <no>linked</no> <no>relationship</no>.     
<no>Stimulus</no>: <no>9</no> <no>The</no> <class>user</class> <association>unlinks</association> <no>selected</no> <class>spatial</class> <no>data</no> <no>to</no> <no>a</no> <class>species</class> <class>habitat</class> <class>record</class>. 
<no>Response</no>: <no>The</no> <no>tool</no> <no>will</no> <method>set</method> <no>the</no> <class>Species</class> <class>Habitat</class> <class>Record</class> <attribute>Id</attribute> <no>in</no> <no>the</no> <attribute>selected</attribute> <class>feature</class> <no>to</no> <no>zero</no> (<no>0</no>) <no>to</no> <association>unlink</association> <no>the</no> <class>spatial</class> <class>record</class> <no>with</no> <no>the</no> <class>Species</class> <class>Habitat</class> <class>Record</class>.   
<no>Stimulus</no>: <no>14</no> <class>User</class> <association>edits</association> <no>the</no> <attribute>verification</attribute> <attribute>source</attribute> <no>of</no> <no>the</no> <class>Species</class> <class>Habitat</class> <class>Record</class>.
<no>Response</no>: <no>The</no> <no>tool</no> <no>overrides</no> <no>the</no> <no>default</no> <no>value</no> <no>in</no> <no>the</no> <no>current</no> <class>record</class>.  
<no>Stimulus</no>: <no>The</no> <class>user</class> <association>selects</association> <no>all</no> <class>features</class> <no>involved</no> <no>with</no> <no>the</no> <method>creation</method> <no>of</no> <no>the</no> <class>species</class> <class>habitat</class> <attribute>polygon</attribute> <no>and</no> <no>clicks</no> <no>on</no> <no>the</no> <method>generate</method> <method>metadata</method> <no>tool</no>. 
<no>Response</no>: <no>The</no> <no>tool</no> <no>should</no> <no>run</no> <no>a</no> <no>process</no> <no>that</no> <no>uses</no> <no>the</no> <no>configuration</no> <no>found</no> <no>in</no> <no>the</no> <no>application</no> <no>to</no> <method>gather</method> <class>feature</class> <attribute>metadata</attribute> <no>information</no> <no>from</no> <no>the</no> <attribute>selected</attribute> <class>feature</class> <no>classes</no> <no>and</no> <method>stores</method> <no>this</no> <attribute>metadata</attribute> <no>information</no> <no>into</no> <no>the</no> <no>appropriate</no> <no>table</no>.
 
<no>Stimulus</no>:  <class>User</class> <no>chooses</no> <no>to</no> “<method>save</method> <no>current</no> <class>record</class> <no>and</no> <method>create</method> <no>a</no> <method>new</method> <no>one</no>”, <no>or</no> “<method>end</method> <method>session</method>”. 
<no>Response</no>: <no>If</no> <no>the</no> <no>choice</no> <no>is</no> <no>to</no> <no>save</no> <no>and</no> <method>create</method> <method>new</method> <class>record</class> <no>then</no> <no>the</no> <attribute>current</attribute> <class>record</class> <no>is</no> <no>saved</no> <no>and</no> <no>Stimulus</no> <no>15</no>.  <no>If</no> <class>user</class> <no>chooses</no> <no>to</no> <no>end</no> <no>the</no> <no>session</no> <no>then</no> <no>the</no> <attribute>current</attribute> <class>record</class> <no>is</no> <method>saved</method> <no>and</no> <no>Stimulus</no> <no>16</no>. 
 
<no>Stimulus</no>: <no>15</no> <class>User</class> <method>copies</method> <no>a</no> <attribute>current</attribute> <class>record</class>. 
<no>Response</no>: <no>The</no> <no>system</no> <no>will</no> <method>propagate</method> <no>all</no> <method>attribute</method> <no>values</no> <no>to</no> <no>the</no> <method>next</method> <class>record</class> <attribute>created</attribute>.  <no>The</no> <class>verification</class> <class>flag</class> <no>get</no> <method>set</method> <no>to</no> <method>nothing</method>.  <no>If</no> <method>verification</method> default <class>record</class> <no>is</no> <attribute>set</attribute>, <no>it</no> <no>will</no> <no>be</no> <no>referenced</no> <no>in</no> <no>the</no> <attribute>copied</attribute> <class>record</class>.  
<no>Stimulus</no>: <no>16</no> <class>User</class> <no>clicks</no> <no>on</no> <no>the</no> <method>Create</method> <class>Session</class> <no>close</no> <no>button</no>. <no>Response</no>: <no>The</no> <no>system</no> <no>will</no> <method>save</method> <no>all</no> <no>edits</no> <no>in</no> <no>the</no> <class>species</class> <class>habitat</class> <no>table</no>, <class>feature</class> <no>classes</no>, <no>and</no> related tables.  

<no>4.1.3</no>. <no>Functional</no> <no>Requirements</no> 
<no>Create.Form</no> <no>The</no> <no>tool</no> <no>shall</no> <no>provide</no> <no>an</no> <no>easy</no> <no>to</no> <no>use</no> <class>form</class> <no>for</no> <no>the</no> <no>attribution</no> <no>of</no> <no>a</no> <class>species</class> <class>habitat</class> <class>record</class>.  <no>This</no> <no>form</no> <no>should</no> <no>be</no> <no>used</no> <no>for</no> <method>querying</method> (<no>section</no> <no>4.3</no>) <no>and</no> <method>editing</method> (<no>section</no> <no>4.2</no>) <no>functionality</no> <no>as</no> <no>well</no>. 
<no>Create.Type.Selection</no> <no>The</no> <no>tool</no> <no>shall</no> <no>allow</no> <no>the</no> <method>selection</method> <no>of</no> <class>Species</class> <no>in</no> <method>query</method>/<method>edit</method> <no>mode</no>.
<no>Create.Data.Type</no> <no>The</no> <no>tool</no> <no>shall</no> <no>allow</no> <no>the</no> <method>creation</method> <no>of</no> <method>point</method>, <method>line</method> <no>or</no> <method>polygon</method> <class>features</class>. 
<no>Create.Tools.Edit</no> <no>The</no> <no>tool</no> <no>shall</no> <method>use</method> <no>the</no> <no>existing</no> <method>editing tools</method> <no>provided</no> <no>by</no> <no>ArcGIS</no> 
<no>Desktop.Create.Tools.Add</no> <no>The</no> <no>tool</no> <no>shall</no> <no>allow</no> <no>the</no> <class>user</class> <no>to</no> <method>create</method> <no>multiple</no> <class>feature</class> <no>types</no> <no>for</no> <no>a</no> <class>species</class> <class>habitat</class> <class>spatial</class> <class>record</class>. <no>Create.Tools.Copy</no> <no>The</no> <no>tool</no> <no>shall</no> <no>provide</no> <no>the</no> <no>functionality</no> <no>to</no> <method>import</method> <attribute>existing</attribute> <class>spatial</class> <class>data</class> <class>features</class> <no>into</no> <no>as</no> <attribute>new</attribute> <class>species</class> <class>habitat</class> <class>feature</class>(<no>s</no><no>)</no>. <no>Create.Dates.Calendar</no> <no>The</no> <no>tool</no> <no>shall</no> <no>provide</no> <no>a</no> <class>calendar</class> <no>control</no> <no>for</no> <no>the</no> <method>selection</method> <no>of</no> <attribute>date</attribute> <no>attribute</no> <no>information</no>. 
<no>Create.Feature.Duplicate</no> <no>The</no> <no>tool</no> <no>shall</no> <no>provide</no> <no>the</no> <no>ability</no> <no>to</no> <method>duplicate</method> <class>spatial</class> <no>and</no> <no>attribute</no> <class>data</class> <no>from</no> <no>one</no> <class>feature</class>/<class>record</class> <no>to</no> <no>a</no> <no>new</no> <class>feature</class>/<class>record</class>.
<no>Create.Link.Assign</no> <no>The</no> <no>tool</no> <no>shall</no> <no>allow</no> <no>the</no> <class>user</class> <no>to</no> <association>link</association> <no>multiple</no> <class>spatial</class> <class>features</class> <no>with</no> <no>a</no> <no>single</no> <class>species</class> <class>habitat</class>.  
<no>Create.Link.Unassign</no> <no>The</no> <no>tool</no> <no>shall</no> <no>allow</no> <no>the</no> <class>user</class> <no>to</no> <association>unlink</association> <class>spatial</class> <class>features</class> <no>that</no> <no>are</no> <no>linked</no> <no>with</no> <no>a</no> <class>species</class> <class>habitat</class> <class>record</class>. 
<no>Create.Link.Tracking</no> <no>The</no> <no>tool</no> <no>shall</no> <method>track</method> <no>the</no> <method>history</method> <no>of</no> <no>the</no> <method>linking</method> <no>and</no> <method>unlinking</method> <no>of</no> <class>spatial</class> <class>features</class> <no>to</no> <no>a</no> <class>species</class> <class>habitat</class> <class>record</class>. 
<no>Create.Verification.Enable</no> <no>The</no> <no>tool</no> <no>shall</no> <no>require</no> <no>the</no> <class>verification</class> <class>source</class> (<no>and</no> <no>if</no> <no>necessary</no> <no>names</no>) <no>be</no> <method>assigned</method> <no>whenever</no> <attribute>beginning</attribute> <no>and</no> <attribute>end dates</attribute>, <attribute>number of days</attribute>, <attribute>frequency</attribute> <no>and</no> <attribute>species</attribute> <attribute>classification</attribute> <no>are</no> <method>entered</method>. 
<no>Create.Dropdown.Values</no> <no>The</no> <no>tool</no> <no>shall</no> <no>automatically</no> <method>complete</method> <no>dropdown</no> <class>forms</class> <no>in</no> <no>the</no> <no>tool</no> <no>with</no> <method>values</method> <method>stored</method> <no>in</no> <no>application</no> <no>lookup</no> <no>tables</no>. 
<no>Create.Creation.Date</no> <no>The</no> <no>tool</no> <no>shall</no> <method>auto-populate</method> <no>the</no> <method>Creation</method> <method>Date</method> <no>field</no> <no>in</no> <no>the</no> <class>species</class> <class>habitat</class> <class>feature</class> <no>class</no>. 
<no>Create.Creation.By</no> <no>The</no> <no>tool</no> <no>shall</no> <method>auto-populate</method> <no>the</no> <method>Create By</method> <no>field</no> <no>in</no> <no>the</no> <class>species</class> <no>habitat</no> <no>tabular</no> <no>records</no> <no>and</no> <class>feature</class> <no>class</no>.  <no>The</no> <attribute>name</attribute> <no>should</no> <no>be</no> <method>retrieved</method> <no>from</no> <no>the</no> <no>system</no> <attribute>user name</attribute>. 
<no>Create.Modification.Date</no> <no>The</no> <no>tool</no> <no>shall</no> <method>auto-populate</method> <no>the</no> <method>Modification Date</method> <no>field</no> <no>in</no> <no>the</no> <class>species</class> <class>habitat</class> <no>tabular</no> <class>records</class> <no>and</no> <class>feature</class> <no>class</no>.  <no>This</no> <no>should</no> <no>be</no> <no>the</no> <no>same</no> <no>as</no> <no>the</no> <no>Creation</no> <no>Date</no> <no>field</no> <no>value</no> <no>when</no> <no>a</no> <class>feature</class> <no>is</no> <no>created</no>. 
<no>Create.Modifcation.By</no> <no>The</no> <no>tool</no> <no>shall</no> <method>auto-populate</method> <no>the</no> <method>Modification By</method> <no>field</no> <no>in</no> <no>the</no> <class>species habitat</class> <no>tabular</no> <class>records</class> <no>and</no> <class>feature</class> <no>class</no>.  <no>This</no> <no>should</no> <no>be</no> <no>the</no> <no>same</no> <no>as</no> <no>the</no> <no>Creation</no> <no>By</no> <no>field</no> <no>value</no> <no>when</no> <no>a</no> <class>feature</class> <no>is</no> <no>created</no>. 
<no>Create. Verification.Source</no> <no>The</no> <no>tool</no> <no>shall</no> <method>auto-populate</method> <no>and</no>/<no>or</no> <no>provide</no> <no>functionality</no> <no>for</no> <no>the</no> <class>user</class> <no>to</no> <method>reference</method> <no>the</no> <method>verification source</method> <no>for</no> <no>a</no> <class>species habitat</class>  <class>record</class>. 
<no>Create.Manage.Links</no> <no>The</no> <no>tool</no> <no>shall</no> <no>provide</no> <no>the</no> <class>user</class> <no>with</no> <no>the</no> <no>ability</no> <no>to</no> <method>identify</method> <class>records</class> <no>that</no> <no>do</no> <no>not</no> <no>have</no> <class>spatial</class> <class>features</class> <association>linked</association> <no>to</no> <no>a</no> <class>species habitat</class> <class>record</class>. 
<no>Create.Manage.Display</no> <no>The</no> <no>tool</no> <no>shall</no> <no>provide</no> <no>the</no> <class>user</class> <no>with</no> <no>the</no> <no>ability</no> <no>to</no> <no>see</no> <no>in</no> <no>the</no> <association>map</association> <no>frame</no> <class>spatial features</class> <no>that</no> <no>do</no> <no>not</no> <no>have</no> <class>species habitat</class> <class>records</class> <no>associated</no> <no>with</no> <no>them</no>. 
<no>Create.Manage.Copy</no> <no>The</no> <no>tool</no> <no>will</no> <no>provide</no> <no>an</no> <no>option</no> <no>to</no> <no>the</no> <class>user</class> <no>to</no> <association>copy</association> <no>attributes</no> <no>from</no> <no>the</no> <attribute>current</attribute> <association>record</association> <no>to</no> <no>a</no> <attribute>new</attribute> <class>record</class>. 
<no>Create.Requirement.Attributes</no> <no>The</no> <no>tool</no> <no>shall</no> <no>only</no> <no>allow</no> <no>the</no> <class>user</class> <no>to</no> <attribute>save</attribute> <no>and</no> <attribute>complete</attribute> <no>a</no> <class>species habitat</class> <class>record</class> <no>if</no> <no>all</no> <no>the</no> “<no>Required</no>” <no>attributes</no> <no>are</no> <no>completed</no>. 
<no>Create.Metadata.Configuration</no> <no>The</no> <class>tool</class> <no>shall</no> <method>gather</method> <method>metadata</method> <no>information</no> <no>from</no> <no>the</no> <no>layers</no> <no>specified</no> <no>in</no> <no>the</no> <no>configuration</no> <no>file</no>. 
<no>Create.Metadata.Records</no> <no>The</no> <no>tool</no> <no>shall</no> <no>post</no> <no>the</no> <method>selected</method> <class>feature</class> <no>information</no> <no>into</no> <no>the</no> <class>species habitat</class> <no>metadata</no> <no>table</no>. 
 
<no>4.2</no>. <method>Edit</method> <class>Species Habitat</class> <class>Features</class>  
<no>4.2.1</no>. <no>Description</no> <no>and</no> <no>Priority</no> 
<no>This</no> <no>section</no> <no>describes</no> <no>the</no> <method>editing</method> <no>of</no> <class>Species Habitat</class> <class>records</class> <no>and</no> <class>features</class> <no>in</no> <no>the</no> <class>Species Habitat</class> <no>Management</no> <no>Tool</no>.  <method>Edit</method>/<method>Create</method> <no>functionality</no> <no>found</no> <no>in</no> <no>the</no> <no>Create</no> <class>Species Habitat</class> <class>features</class> (<no>Section</no> <no>4.1</no>) <no>will</no> <no>also</no> <no>be</no> <no>available</no> <no>in</no> <no>an</no> <no>edit</no> <no>mode</no>. (<no>Mandatory</no>)  
<no>4.2.2</no>. <no>Stimulus</no>/<no>Response</no> <no>Sequences</no> 
<no>Stimulus</no>: <no>1</no> <no>The</no> <class>user</class> <no>starts</no> <no>the</no> <class>application</class> <no>from</no> <no>ArcMap</no>. 
<no>Response</no>: <no>The</no> <no>system</no> <method>loads</method> <no>the</no> <class>species habitat</class> <no>form</no>.  <no>The</no> <class>application</class> <association>prompts</association> <no>the</no> <class>user</class> <no>if</no> <method>database</method> <no>and</no>/<no>or</no> <class>feature</class> <no>layers</no> <no>in</no> <no>the</no> <class>MXD</class> <no>document</no> <no>are</no> <no>not</no> <method>connecting</method> <no>properly</no>.  

<no>Stimulus</no>: <no>2</no> <no>The</no> <class>user</class> <method>locates</method> <no>and</no> <method>sets</method> <no>the</no> <attribute>correct</attribute> <class>data</class> <no>paths</no> <no>for</no> <no>broken</no> <no>layer</no> <no>data</no> <no>sources</no>. 
<no>Response</no>: <no>The</no> <no>application</no> <no>will</no> <method>connect</method> <no>and</no> <method>refresh</method> <no>the</no> <class>MXD</class> <no>with</no> <no>the</no> <attribute>correct</attribute> <class>data source paths</class>.
  
<no>Stimulus</no>: <no>3</no> <no>The</no> <class>user</class> <association>queries</association> <no>the</no> <class>Species Habitat</class> <no>database</no> <no>through</no> <no>the</no> <class>application form</class>, <no>by</no> <association>selecting</association> <no>the</no> <class>species</class> <attribute>type</attribute>, <no>WLA</no>, <no>and</no>/<no>or</no> <no>other</no> <no>fields</no> <no>in</no> <no>the</no> <no>form</no>. 
<no>Response</no>: <no>The</no> <no>tool</no> <no>shall</no> <method>set</method> <no>the</no> <method>edit</method> <no>environment</no> <no>to</no> <no>the</no> <no>appropriate</no> <class>Species Habitat</class> <no>tabular</no> <class>record</class> <no>specified</no> <no>in</no> <no>the</no> <class>user</class><no>’s</no> <attribute>query</attribute>, <no>while</no> <no>displaying</no> <no>the</no> <no>form</no> <no>with</no> <no>the</no> <no>current</no> <no>selected</no> <class>record</class>. <no>In</no> <no>the</no> <no>event</no> <no>when</no> <no>more</no> <no>than</no> <no>one</no> <class>feature</class> <no>or</no> <class>record</class> <no>is</no> <method>selected</method>, <no>the</no> <no>form</no> <no>must</no> <no>provide</no> <no>a</no> <no>mechanism</no> <no>to</no> <method>navigate</method> <no>between</no> <class>records</class>.  <no>The</no> <no>application</no> <no>will</no> <no>also</no> <no>navigate</no> <no>to</no> <no>the</no> <no>WLA</no> <no>specified</no> <no>in</no> <no>the</no> <no>query</no>.  <no>If</no> <no>no</no> <no>WLA</no> <no>is</no> <no>selected</no>, <no>the</no> <no>map</no> <no>will</no> <no>not</no> <no>navigate</no> <no>to</no> <no>this</no> <no>location</no>. <class>User</class> <no>is</no> <no>prompted</no> <no>to</no> <method>update</method> <method>verification source</method> <no>information</no>.  

<no>Stimulus</no>: <no>4</no> <no>The</no> <class>user</class> <no>queries</no> <no>for</no> <no>a</no> <class>Species Habitat</class> <attribute>record</attribute> <no>to</no> <association>edit</association> <no>using</no> <no>the</no> <no>dropdowns</no> <no>and</no> <no>textboxes</no> <no>provided</no> <no>in</no> <no>the</no> <no>form</no>.  
<no>Response</no>: <no>The</no> <no>tool</no> <no>should</no> <no>provide</no> <no>tools</no> <no>for</no> <no>querying</no> <class>species habitat</class> <no>data</no> <no>and</no> <method>navigate</method> <no>to</no> <no>that</no> <method>query result</method>.  (<no>See</no> <no>section</no> <no>4.3</no>)   <no>The</no> <no>tool</no> <no>should</no> <no>set</no> <no>the</no> <method>edit</method> <class>feature</class> <no>to</no> <no>the</no> <attribute>selected</attribute> <class>Species Habitat</class> <class>Feature </class><no>Class</no> <no>type</no>.  

<no>Stimulus</no>:<no>5</no> <no>The</no> <class>user</class> <association>reviews</association> <no>the</no> <attribute>unverified</attribute> <class>record</class> <no>list</no>. 
<no>Response</no>: <no>The</no> <no>tool</no> <no>will</no> <method>display</method> <no>the</no> <no>current</no> <attribute>unverified</attribute> <class>records</class> <no>in</no> <no>a</no> <no>separate</no> <no>tool</no> <no>available</no> <no>in</no> <no>the</no> <class>Species Habitat</class> <no>Application</no>.  
<no>Stimulus</no>: <no>The</no> <class>user</class> <association>reviews</association> <no>the</no> <attribute>unlinked</attribute> <class>record</class> <no>list</no>. 
<no>Response</no>: <no>The</no> <no>tool</no> <no>will</no> <method>display</method> <no>the</no> <no>current</no> <attribute>unlinked</attribute> <class>records</class> <no>in</no> <no>a</no> <no>separate</no> <no>tool</no> <no>available</no> <no>in</no> <no>the</no> <class>Species Habitat</class> <no>Application</no>.  
<no>Stimulus</no>: <no>6</no> <no>The</no> <class>user</class> <association>verifies</association> <no>the</no> <class>Species Habitat</class> <class>record</class> <no>by</no> <no>clicking</no> <no>on</no> <no>a</no> <no>checkbox</no>.  
<no>Response</no>: <no>The</no> <no>system</no> <method>sets</method> <no>the</no> <class>Species Habitat</class> <class>record</class> <no>verification</no> <no>field</no> <no>to</no> <no>true</no>.  
 <no>Stimulus</no>: <no>7</no> <no>The</no> <class>user</class> <no>uses</no> <no>a</no> <no>standardized</no> <class>form</class> <no>to</no> <association>edit</association> <class>feature</class> <no>attribution</no>. 
<no>Response</no>: <no>The</no> <no>tool</no> <no>should</no> <no>allow</no> <no>the</no> <method>editing</method> <no>of</no> <no>a</no> <attribute>selected</attribute> <class>Species Habitat</class> <class>record</class> <no>attribute</no> <no>data</no> <no>in</no> <no>a</no> <no>standard</no> <no>form</no>.  
<no>Stimulus</no>: <class>User</class> <no>manually</no> <method>turns</method> <no>on</no> <no>WSDM</no>, <no>PHS</no>. <no>REGAP</no> <method>layer</method> <no>for</no> <no>the</no> <class>species</class>.
<no>Response</no>: <no>The</no> <no>tool</no> <method>displays</method> <attribute>selected</attribute><class> REGAP layer</class> <no>as</no> <no>a</no> <no>background</no> 
<no>Stimulus</no>: <no>8</no> <no>The</no> <class>user</class> <no>selects</no> <no>the</no> <no>option</no> <no>to</no> <association>digitize</association> <no>a</no> <class>spatial feature</class> <no>using</no> <class>spatial</class> <no>tools</no> <no>to</no> <no>create</no> <no>the</no> <class>spatial features</class> <no>of</no> <no>the</no> <class>Species Habitat</class> <class>record</class>. 
<no>Response</no>: <no>The</no> <no>tool</no> <no>should</no> <method>activate</method> <no>the</no> <class>ArcGIS Editing tools</class> <no>for</no> <no>the</no> <class>user</class>, <method>select</method> <no>the</no> <no>appropriate</no> <class>feature</class> <attribute>class type</attribute>, <no>and</no> <method>start</method> <no>the</no> <method>edit session</method>. <no>in</no> <no>ArcGIS</no> <no>environment</no>, <no>with</no>  <no>PHS</no>, <no>WSDM</no> <no>other</no> <no>background</no> <no>layers</no> <no>turned</no> <no>on</no> <no>or</no> <no>off</no> <no>by</no> <class>user</class> <no>from</no> <no>within</no> <no>the</no> <no>ArcGIS</no> <no>platform</no> 
 <no>Stimulus</no>: <class>User</class> <no>hits</no> <no>the</no> <no>link</no> <no>button</no>.
 <no>Response</no>: <class>Species Habitat</class> <class>Record</class> <attribute>ID</attribute> <no>is</no> <association>saved</association> <no>with</no> <class>spatial</class> <no>data</no> 
 <no>Stimulus</no>: <no>The</no> <class>user</class> <association>selects</association> <no>all</no> <class>features</class> <no>involved</no> <no>with</no> <no>the</no> <association>creation</association> <no>of</no> <no>the</no> <class>species habitat</class> <no>polygon</no> <no>and</no> <no>clicks</no> <no>on</no> <no>the</no> <method>generate</method> <method>metadata</method> <no>tool</no>. 
<no>Response</no>: <no>The</no> <no>tool</no> <no>should</no> <no>run</no> <no>a</no> <no>process</no> <no>that</no> <no>uses</no> <no>the</no> <no>configuration</no> <no>found</no> <no>in</no> <no>the</no> <no>application</no> <no>to</no> <no>gather</no> <class>feature</class> <no>metadata</no> <no>information</no> <no>from</no> <no>the</no> <no>selected</no> <class>feature</class> <no>classes</no> <no>and</no> <no>stores</no> <no>this</no> <no>metadata</no> <no>information</no> <no>into</no> <no>the</no> <no>appropriate</no> <no>table</no>. 
   
<no>4.2.3</no>. <no>Functional</no> <no>Requirements</no> 
 <no>Edit.Verify.Status</no> <no>The</no> <no>tool</no> <no>shall</no> <no>provide</no> <no>the</no> <class>user</class> <no>a</no> <no>list</no> <no>of</no> <class>records</class> <no>that</no> <no>have</no> <no>not</no> <no>been</no> <no>verified</no>.   
<no>Edit.Verify.Linked</no> <no>The</no> <no>tool</no> <no>shall</no> <no>provide</no> <no>the</no> <class>user</class> <no>with</no> <no>a</no> <no>list</no> <no>of</no> <class>spatial</class> <class>features</class> <no>that</no> <no>have</no> <no>not</no> <no>been</no> <no>linked</no>. 
<no>Edit.Functionality.Other</no> <no>The</no> <no>tool</no> <no>shall</no> <no>provide</no> <no>the</no> <no>same</no> <no>functionality</no> <no>found</no> <no>in</no> <no>the</no> <no>create</no> <class>feature</class> <no>functionality</no>. (<no>Specifically</no> <no>the</no> <no>functionalities</no> <no>found</no> <no>in</no> <no>Section</no> <no>4.1.3</no>)  
<no>Edit.Form.Functionality</no> <no>The</no> <no>tool</no> <no>shall</no> <no>allow</no> <no>the</no> <class>user</class> <no>to</no> <no>perform</no> <method>edits</method> <no>in</no> <no>the</no> <no>same</no> <no>form</no> <no>as</no> <method>adding</method> <no>and</no> <method>querying</method> <no>data</no>. 
<no>Edit.Select.Spatially</no> <no>The</no> <no>system</no> <no>shall</no> <no>provide</no> <no>the</no> <class>user</class> <no>with</no> <no>the</no> <no>ability</no> <no>to</no> <association>select</association> <class>species habitat</class> <class>features</class> <no>through</no> <no>a</no> <class>spatial</class> <no>enabled</no> <class>user</class> <no>interface</no>. 
<no>Edit.Select.Attribute</no> <no>The</no> <no>tool</no> <no>shall</no> <no>provide</no> <no>the</no> <class>user</class> <no>with</no> <no>a</no> <no>method</no> <no>to</no> <association>select</association> <no>a</no> <class>species habitat</class> <class>feature</class> <no>based</no> <no>upon</no> <no>its</no> <method>linked</method> <attribute>attribute</attribute> <no>values</no>. 
<no>Edit.Modification.Date</no> <no>The</no> <no>tool</no> <no>shall</no> <method>auto-populate</method> <no>the</no> <attribute>Modification Date</attribute> <no>field</no> <no>in</no> <no>the</no> <class>species habitat</class> <class>record</class>.   
<no>Edit.Modifcation.By</no> <no>The</no> <no>tool</no> <no>shall</no> <method>auto-populate</method> <no>the</no> <attribute>Modification By</attribute> <no>field</no> <no>in</no> <no>the</no> <class>species habitat</class> <class>record</class>.   
<no>Edit.Metadata.Configuration</no> <no>The</no> <no>tool</no> <no>shall</no> <no>gather</no> <no>metadata</no> <no>information</no> <no>from</no> <no>the</no> <no>layers</no> <no>specified</no> <no>in</no> <no>the</no> <no>configuration</no> <no>file</no>. 
<no>Edit.Metadata.Records</no> <no>The</no> <no>tool</no> <no>shall</no> <method>post</method> <no>the</no> <attribute>selected</attribute> <class>feature</class> <no>information</no> <no>into</no> <no>the</no> <class>species habitat</class> <no>metadata</no> <no>table</no>. 
 
<no>4.3</no>. <no>Query</no> <class>Species Habitat</class> <class>Features</class>  
<no>4.3.1</no>. <no>Description</no> <no>and</no> <no>Priority</no> 
<no>This</no> <no>section</no> <no>describes</no> <no>the</no> <no>query</no> <no>functionality</no> <no>required</no> <no>by</no> <no>the</no> <class>Species Habitat</class> <no>Management</no> <no>Tool</no>.  (<no>Mandatory</no>)  
<no>4.3.2</no>. <no>Stimulus</no>/<no>Response</no> <no>Sequences</no> 
<no>Stimulus</no>: <no>1</no> <no>The</no> <class>user</class> <method>selects</method> <method>values</method> <no>in</no> <no>the</no> <no>edit</no> <no>form</no>. 
<no>Response</no>: <no>The</no> <no>system</no> <no>will</no> <no>automatically</no> <attribute>filter</attribute> <no>the</no> <class>Species Habitat</class> <class>feature</class> <no>database</no> <no>with</no> <no>values</no> <no>selected</no> <no>by</no> <no>the</no> <class>user</class>.   
<no>Stimulus</no>: <no>2</no> <no>The</no> <class>user</class> <method>uses</method> <no>the</no> <method>location query tool</method> <no>to</no> <no>query</no> <no>data</no>. 
<no>Response</no>: <no>The</no> <no>system</no> <no>will</no> <no>automatically</no> <method>filter</method> <no>the</no> <class>Species Habitat</class> <no>form</no> <no>with</no> <no>the</no> <no>selected</no> <class>features</class>.   
<no>Stimulus</no>: <no>3</no> <no>The</no> <class>user</class> <no>may</no> <method>use</method> <no>the</no> <method>ArcGIS attribute query tool</method> <no>to</no> <no>query</no> <no>data</no>. <no>Response</no>: <no>The</no> <no>system</no> <no>will</no> <no>automatically</no> <method>filter</method> <no>the</no> <class>Species Habitat</class> <no>form</no> <no>with</no> <no>the</no> <no>selected</no> <class>features</class>.   
<no>Stimulus</no>: <no>4</no> <no>The</no> <class>user</class> <method>uses</method> <no>the</no> <method>ArcGIS spatial selection tool</method> <no>to</no> <no>query</no> <no>data</no>. <no>Response</no>: <no>The</no> <no>system</no> <no>will</no> <no>automatically</no> <method>filter</method> <no>the</no> <class>Species Habitat</class> <no>form</no> <no>with</no> <no>the</no> <no>selected</no> <class>features</class>.   
<no>Stimulus</no>: <no>5</no> <no>The</no> <class>user</class> <association>selects</association> <no>more</no> <no>than</no> <no>one</no> <class>feature</class> <no>or</no> <class>Species Habitat</class> <class>record</class>. <no>Response</no>: <no>The</no> <no>tool</no> <no>should</no> <no>provide</no> <method>basic VCR style</method> <class>record</class> <method>navigation</method>.  (<no>See</no> <no>section</no> <no>4.3</no>)  
 <no>Stimulus</no>: <no>6</no> <no>The</no> <class>user</class> <no>chooses</no> <no>a</no> <no>different</no> <no>species</no> <no>type</no> <no>in</no> <no>the</no> <no>edit</no> <no>window</no>. <no>Response</no>: <no>The</no> <no>tool</no> <no>should</no> <no>query</no> <no>and</no> <no>display</no> <no>the</no> <no>newly</no> <no>selected</no> <no>species</no> <no>type</no> <no>for</no> <no>all</no> <no>layers</no> <no>with</no> <no>species</no> <no>code</no> <no>values</no>.  
 
<no>4.3.3</no>. <no>Functional</no> <no>Requirements</no> 
 <no>Query.Form.Functionality</no> <no>The</no> <no>tool</no> <no>shall</no> <no>allow</no> <no>the</no> <class>user</class> <no>to</no> <no>perform</no> <no>queries</no> <no>in</no> <no>the</no> <no>same</no> <no>form</no> <no>used</no> <no>to</no> <method>create</method> <no>and</no> <method>edit</method> <method>data</method>. 
<no>Query.Controls.Query</no> <no>The</no> <no>tool</no> <no>shall</no> <no>perform</no> <no>a</no> <no>query</no> <no>of</no> <no>the</no> <class>species habitat</class> <no>data</no> <no>when</no> <no>a</no> <class>user</class> <method>selects</method> <no>a</no> <method>value</method> <no>from</no> <no>a</no> <method>dropdown</method> <method>list</method> <no>and</no> <no>when</no> <no>a</no> <class>user</class> <method>enters</method> <no>a</no> <no>value</no> <no>in</no> <no>a</no> <method>text box</method> <no>and</no> <no>then</no> <no>clicks</no> <no>on</no> <no>the</no> <no>query</no> <no>button</no>. 
<no>Query.Controls.Navigation</no> <no>The</no> <no>tool</no> <no>shall</no> <no>provide</no> <method>controls</method> <no>that</no> <no>provide</no> <no>the</no> <method>navigation</method> <no>of</no> <no>a</no> <no>selected</no> <no>set</no> <no>of</no> <class>records</class>. 
<no>Query.Controls.Feature</no> <no>The</no> <no>tool</no> <no>shall</no> <method>zoom to</method> <no>and</no> <method>highlight</method> <no>the</no> <attribute>current</attribute> <class>species habitat</class> <class>record</class> <no>displayed</no> <no>in</no> <no>the</no> <no>query</no>/<no>edit</no> <no>form</no> <no>if</no> <no>linked</no> <no>to</no> <class>spatial</class> <no>data</no> <no>and</no> <no>will</no> <no>prompt</no> <class>user</class> <no>when</no> <no>the</no> <class>species habitat</class> <class>record</class> <no>is</no> <no>not</no> <no>linked</no> <no>to</no> <no>any</no> <class>spatial</class> <no>data</no>. 
 
<no>4.4</no>. <method>Delete</method>/<method>Archive</method> <class>Species Habitat</class> <class>Features</class>  
<no>4.4.1</no>. <no>Description</no> <no>and</no> <no>Priority</no> 
<no>This</no> <no>section</no> <no>describes</no> <no>the</no> <method>deletion</method>/<method>archiving</method> <no>processes</no> <no>involved</no> <no>with</no> <no>the</no> <class>Species Habitat</class> <no>Management</no> <no>Tool</no>.  <no>For</no> <no>budget</no> <no>purposes</no>, <no>the</no> <no>tool</no> <no>will</no> <no>only</no> <no>provide</no> <no>archiving</no> <no>functionality</no>.  (<no>Mandatory</no>)  
<no>4.4.2</no>. <no>Stimulus</no>/<no>Response</no> <no>Sequences</no> 
<no>Stimulus</no>: <no>1</no> <no>The</no> <class>user</class> <no>clicks</no> <no>on</no> <no>a</no> <no>button</no> <no>to</no> <association>delete</association> <no>a</no> <class>record</class>. 
<no>Response</no>: <no>The</no> <no>system</no> <no>shall</no> <method>set</method> <no>the</no> <method>archive flag</method> <no>for</no> <no>the</no> <class>Species Habitat</class> <class>record</class>, <method>archives</method> <no>the</no> <method>associations</method>, <no>and</no> <method>archives</method> <no>the</no> <method>linked</method> <class>spatial</class> <class>features</class>.  <no>The</no> <method>result</method> <no>will</no> <no>be</no> <no>to</no> <method>prevent</method> <no>the</no> <class>record</class>/<class>feature</class> <no>from</no> <no>drawing</no> <no>or</no> <no>being</no> <no>captured</no> <no>by</no> <class>spatial</class> <no>and</no> <no>tabular</no> <no>queries</no>.  

<no>Stimulus</no>: <no>2</no> <no>The</no> <class>user</class> <association>deletes</association> <class>spatial</class> <class>feature</class> <no>during</no> <no>an</no> <no>edit</no> <no>session</no>. 
<no>Response</no>: <no>The</no> <no>system</no> <no>will</no> <method>set</method> <no>the</no> <method>archive flag</method> <no>for</no> <no>the</no> <class>spatial</class> <class>feature</class>.  <no>The</no> <no>result</no> <no>will</no> <no>be</no> <no>to</no> <no>prevent</no> <no>the</no> <class>feature</class> <no>from</no> <no>drawing</no> <no>or</no> <no>being</no> <no>captured</no> <no>by</no> <class>spatial</class> <no>and</no> <no>tabular</no> <no>queries</no>.  

<no>4.4.3</no>. <no>Functional</no> <no>Requirements</no> 
<no>Delete.Feature.Archive</no> <no>The</no> <no>tool</no> <no>shall</no> <method>change</method> <no>the</no> <method>archive field</method> <no>in</no> <no>the</no> <class>Species Habitat</class> <class>Feature</class> <no>and</no> <class>species habitat</class> <class>records</class> <no>to</no> <no>TRUE</no>. 
<no>Delete.Feature.Definition</no> <no>All</no> <class>Feature</class> <no>Layers</no> <no>shall</no> <no>have</no> <no>a</no> <no>Definition</no> <no>Query</no> <no>setup</no> <no>with</no> <no>the</no> <method>Archive set</method> <no>to</no> <no>FALSE</no>. 
<no>Delete.Feature.Unarchive</no> <no>The</no> <no>tool</no> <no>shall</no> <no>allow</no> <no>the</no> <method>unarchiving</method> <no>of</no> <class>Species Habitat</class> <class>records</class> <no>that</no> <no>meet</no> <no>specified</no> <no>criteria</no> (<no>i.e</no>. <no>not</no> <no>a</no> <no>mistake</no>). 
 
<no>4.5</no>. <method>Navigation</method> <class>Features</class>  
<no>4.5.1</no>. <no>Description</no> <no>and</no> <no>Priority</no> 
<no>This</no> <no>section</no> <no>describes</no> <no>the</no> <method>navigation</method> <class>features</class> <method>provided</method> <no>with</no> <no>the</no> <class>Species Habitat</class> <no>Management</no> <no>Tool</no>. <no>Mandatory</no>)  
<no>4.5.2</no>. <no>Stimulus</no>/<no>Response</no> <no>Sequences</no> 
<no>Stimulus</no>:<no>1</no> <no>The</no> <class>user</class> <association>navigates</association> <no>the</no> <association>map</association> <no>with</no> <class>spatial</class> <no>navigation</no> <no>tools</no>. 
<no>Response</no>: <no>The</no> <no>system</no> <no>will</no> <no>provide</no> <method>basic zoom</method> <no>and</no> <method>navigation tools</method> <no>found</no> <no>in</no> <no>ArcMap</no>.  
 <no>Stimulus</no>:<no>2</no> <no>The</no> <class>user</class> <association>navigates</association> <no>to</no> <class>features</class> <no>through</no> <no>the</no> <no>Attribute</no> <no>Form</no>. <no>Response</no>: <no>The</no> <no>system</no> <no>will</no> <no>query</no> <no>and</no> <method>navigate</method> <no>to</no> <no>the</no> <attribute>queried</attribute> <class>feature</class>. (<no>See</no> <no>section</no> <no>4.3.2</no>).   
<no>4.5.3</no>    <no>Functional</no> <no>Requirements</no> 
<no>Navigate.Map.Tools</no> <no>The</no> <no>tool</no> <no>shall</no> <no>provide</no> <method>access</method> <no>to</no> <no>basic</no> <method>navigation</method> <no>tools</no> <no>found</no> <no>in</no> <no>ArcGIS</no>. 
<no>Navigate.Map.Query</no> <no>The</no> <no>tool</no> <no>shall</no> <no>provide</no> <no>map</no> <method>navigation</method> <no>to</no> <no>select</no> <class>spatial</class> <class>features</class> <no>when</no> <no>a</no> <no>query</no> <no>is</no> <no>performed</no> <no>in</no> <no>the</no> <no>edit</no> <no>form</no>.  
<no>4.6</no>. <class>Disconnect</class> <class>Species Habitat</class> <no>Geodatabase</no> 
<no>4.6.1</no>. <no>Description</no> <no>and</no> <no>Priority</no> 
<no>This</no> <no>section</no> <no>describes</no> <no>the</no> <no>functionality</no> <no>of</no> <method>creating</method> <no>a</no> “<class>disconnected</class>” <class>Species Habitat</class> <no>Geodatabase</no> <no>for</no> <no>field</no> <no>use</no>.  <no>The</no> <no>tool</no> <no>should</no> <no>provide</no> <no>a</no> <method>disconnected</method> <no>Geodatabase</no>, <no>application</no> <no>specific</no> <no>database</no> <no>tables</no>, <no>and</no> <no>ArcGIS</no> <no>Map</no> <no>Document</no>.  (<no>Mandatory</no>)  
<no>4.6.2</no>. <no>Stimulus</no>/<no>Response</no> <no>Sequences</no> 
<no>Stimulus</no>:<no>1</no> <class>User</class> <no>clicks</no> <no>on</no> <no>button</no> <no>to</no> <method>create</method> <no>a</no> <class>disconnected</class> <class>database</class>. <no>Response</no>: <no>The</no> <no>system</no> <no>will</no> <method>prompt</method> <no>the</no> <class>user</class> <no>for</no> <no>the</no> <method>file directory location</method> <no>of</no> <no>the</no> <no>exported</no> <no>database</no>.  
<no>Stimulus</no>:<no>2</no> <class>User</class> <method>provides</method> <no>a</no> <attribute>name</attribute> <no>for</no> <no>the</no> <method>exported project</method>. 
<no>Response</no>: <no>The</no> <no>system</no> <no>will</no> <method>create</method> <no>a</no> <method>folder</method> <no>in</no> <no>the</no> <no>selected</no> <no>file</no> <no>directory</no> <no>with</no> <no>the</no> <attribute>name</attribute> <no>specified</no> <no>by</no> <no>the</no> <class>user</class>.  
<no>Stimulus</no>:<no>3</no> <class>User</class> <method>selects</method> <no>the</no> <attribute>location</attribute> <no>and</no> <no>clicks</no> <no>ok</no>. 
<no>Response</no>: <no>The</no> <no>system</no> <no>will</no> <method>run</method> <method>processes</method> <no>that</no> <no>will</no> <no>generate</no> <no>a</no> <class>disconnected</class> <no>environment</no> <no>of</no> <no>the</no> <class>Species Habitat</class> <no>Management</no> <no>tool</no> <no>based</no> <no>on</no> <no>the</no> <no>visual</no> <no>extent</no> <no>of</no> <no>the</no> <no>map</no> <no>displayed</no> <no>in</no> <no>ArcGIS</no>.   
<no>4.6.3</no>. <no>Functional</no> <no>Requirements</no> 
<no>Disconnect.Location.Directory</no> <no>The</no> <no>tool</no> <no>shall</no> <method>prompt</method> <no>the</no> <class>user</class> <no>for</no> <no>the</no> <method>output</method> <no>directory.Disconnect.Location.Folders</no> <no>The</no> <no>tool</no> <no>shall</no> <method>create</method> <no>a</no> <no>new</no> <method>folder</method> <no>in</no> <no>the</no> <no>output</no> <no>directory</no>.  
<no>The</no> <no>directory</no> <no>will</no> <no>have</no> <no>the</no> <no>name</no> <no>specified</no> <no>by</no> <no>the</no> <class>user</class> <no>as</no> <no>well</no> <no>as</no> <no>a</no> <no>date</no> <no>stamp</no>.  (<no>ex</no>. <no>MYPROJECT</no><no>_041007</no>) 
<no>Disconnect.Data.Geodatabase</no> <no>The</no> <no>tool</no> <no>shall</no> <method>create</method> <no>a</no> <method>copy</method> <no>of</no> <no>the</no> <method>Geodatabase</method> <no>data</no> <no>in</no> <no>a</no> <no>personal</no> <no>Geodatabase</no> <no>in</no> <no>the</no> <no>output</no> <no>folder</no> <no>location</no>.  
<no>Disconnect.Data.OtherTables</no> <no>The</no> <no>tool</no> <no>shall</no> <no>copy</no> <no>the</no> <no>primary</no> <no>and</no> <no>lookup</no> <no>tables</no> <no>in</no> <no>the</no> <class>Species Habitat</class> <no>database</no> <no>to</no> <no>the</no> <no>disconnected</no> <no>database</no>. 
<no>Disconnect.Data.BaseData</no> <no>The</no> <no>tools</no> <no>will</no> <no>not</no> <no>clip</no> <no>or</no> <no>select</no> <no>out</no> <no>base</no> <no>data</no> <no>provided</no> <no>in</no> <no>the</no> <no>ArcGIS</no> <no>Map</no> <no>Document</no> <no>that</no> <no>is</no> <no>not</no> <no>part</no> <no>of</no> <no>the</no> <class>Species Habitat</class> <no>Database</no>. <no>The</no> <class>user</class> <no>will</no> <no>be</no> <no>responsible</no> <no>for</no> <method>acquiring</method> <no>and</no> <method>copying</method> <no>base</no> <method>GIS data</method> <no>to</no> <no>the</no> <no>field</no> <no>work</no> <no>machine</no>. 
<no>Disconnect.Data.Taxonomy</no> <no>The</no> <no>tool</no> <no>will</no> <method>export</method> <no>out</no> <no>the</no> <method>Taxonomy View Table</method> <no>from</no> <no>the</no> <no>database</no>. 
<no>Disconnect.Data.Imagery</no> <no>The</no> <class>user</class> <no>shall</no> <no>be</no> <no>responsible</no> <no>for</no> <method>acquiring</method> <no>and</no> <method>copying</method> <no>imagery</no> (<no>aerial</no> <no>photos</no>) <no>to</no> <no>the</no> <no>project</no> <no>directory</no>. 
<no>Disconnect.Map.Document</no> <no>The</no> <no>tool</no> <no>shall</no> <method>make </method><no>a</no> <method>copy</method> <no>of</no> <no>the</no> <method>ArcGIS Map</method> <no>Document</no> <no>to</no> <no>the</no> <no>folder</no>. 
<no>Disconnect.Map.Connections</no> <no>The</no> <class>user</class> <no>shall</no> <method>reconnect</method> <method>map</method> <no>layers</no> <no>to</no> <no>the</no> <no>appropriate</no> <no>location</no> <no>of</no> <no>the</no> <no>disconnected</no> <no>data</no>. 
<no>Disconnect.Date.CheckedOut</no> <no>The</no> <no>tool</no> <no>shall</no> <method>track</method> <no>the</no> <method>checkout</method><attribute> date</attribute> <no>when</no> <no>the</no> <no>database</no> <no>has</no> <no>been</no> <no>disconnected</no>. 
  
<no>4.7</no>. <method>Reconnect</method> <class>Species Habitat</class> <no>Geodatabase</no>  <no>4.7.1</no>. <no>Description</no> <no>and</no> <no>Priority</no> 
<no>This</no> <no>section</no> <no>describes</no> <no>the</no> <no>import</no> <no>process</no> <no>of</no> <no>data</no> <no>collected</no> <no>in</no> <no>a</no> <no>disconnected</no> <no>environment</no>.  (<no>Mandatory</no>)  
<no>4.7.2</no>. <no>Stimulus</no>/<no>Response</no> <no>Sequences</no> 
<no>Stimulus</no>:<no>1</no> <class>User</class> <no>clicks</no> <no>on</no> <no>button</no> <no>to</no> <association>reconnect</association> <no>the</no> <no>disconnected</no> <no>database</no> <no>to</no> <no>the</no> <no>enterprise</no> <class>Species Habitat</class> <association>Database</association>. 
<no>Response</no>: <no>The</no> <no>system</no> <no>will</no> <method>prompt</method> <no>the</no> <class>user</class> <no>for</no> <no>the</no> <method>location</method> <no>of</no> <no>the</no> <no>disconnected</no> <no>project</no>.  
<no>Stimulus</no>:<no>2</no> <class>User</class> <method>selects</method> <no>the</no> <method>disconnected</method> <no>project</no> <no>directory</no>. 
<no>Response</no>: <no>The</no> <no>system</no> <no>will</no> <no>start</no> <no>the</no> <method>import</method> <method>process</method> <no>and</no> <method>prompt</method> <no>the</no> <class>user</class> <no>when</no> <method>complete</method>. 
 <no>Stimulus</no>:<no>3</no> <no>When</no> <no>the</no> <no>system</no> <method>detects</method> <attribute>identical</attribute> <class>record</class> <attribute>IDs</attribute> <no>with</no> <no>different</no> <no>modification</no> <no>dates</no> <no>in</no> <no>spatial</no> <no>and</no>/<no>or</no> <no>tabular</no> <class>records</class>, <no>the</no> <class>user</class> <no>will</no> <no>be</no> <association>prompted</association> <no>to</no> <association>reconcile</association> <no>the</no><attribute> modified</attribute> <class>records</class>.  
<no>Response</no>: <no>The</no> <no>system</no> <no>will</no> <method>post</method> <no>the</no> <method>selected data</method> <no>by</no> <no>the</no> <class>user</class> <no>to</no> <no>the</no> <no>enterprise</no> <no>database</no>.   
<no>4.7.3</no>. <no>Functional</no> <no>Requirements</no> 
<no>Reconnect.Folder.Location</no> <no>The</no> <no>tool</no> <no>should</no> <method>prompt</method> <no>the</no> <class>user</class> <no>for</no> <no>the</no> <method>location</method> <no>of</no> <no>the</no> <no>disconnected</no> <no>database</no>. 
<no>Reconnect.Data.Import</no> <no>The</no> <no>tool</no> <no>shall</no> <method>import</method> <no>any</no> <class>record</class> <no>that</no> <no>has</no> <no>been</no> <no>modified</no> <no>in</no> <no>the</no> <no>disconnected</no> <no>database</no>. 

<no>Reconnect.Data.Reconcile</no> <no>The</no> <no>tool</no> <no>shall</no> <method>prompt</method> <no>the</no> <class>user</class> <no>when</no> <no>a</no> <class>record</class><attribute> ID</attribute> <no>in</no> <no>the</no> <no>disconnected</no> <no>database</no> <no>and</no> <no>enterprise</no> <no>database</no> <no>has</no> <no>been</no> <no>modified</no>. (<no>see</no> <no>comment</no> <no>above</no> <no>in</no> <no>Stimulus</no>: <no>3</no>) 
<no>Reconnect.Data.ID</no> <no>s</no> <no>The</no> <no>tool</no> <no>should</no> <method>reconcile</method> <no>the</no> <method>IDs stored</method> <no>in</no> <no>the</no> <no>disconnected</no> <no>database</no> <no>with</no> <no>the</no> <no>IDs</no> <no>in</no> <no>the</no> <no>enterprise</no> <no>database</no>. 
<no>Reconnect.Data.Tables</no> <no>The</no> <no>tool</no> <no>will</no> <method>reconcile</method> <no>all</no> <method>table data</method> <no>from</no> <no>the</no> <no>disconnected</no> <no>database</no>.  <no>This</no> <no>includes</no> <class>lookup</class> <no>and</no> <no>relationship</no> <no>tables</no>. 
<no>Reconnect.Data.Obsolete</no> <no>The</no> <no>tool</no> <no>will</no> <method>reconcile</method> <method>data</method> <no>that</no> <no>has</no> <no>been</no> <no>flagged</no> <no>obsolete</no> (<no>no</no> <no>previous</no> <no>mention</no> <no>of</no> <no>this</no> <no>term</no>) <no>this</no> <no>needs</no> <no>more</no> <no>discussion</no> <no>in</no> <no>section</no> <no>4.4</no>. 
<no>Reconnect.Data.Spatial</no> <no>The</no> <no>tool</no> <no>will</no> <method>import</method> <no>all</no> <attribute>modified</attribute> <class>spatial</class> <class>features</class> <no>into</no> <no>the</no> <no>enterprise</no> <no>Geodatabase</no>.  <class>Spatial </class><no>data</no> <no>will</no> <no>be</no> <association>reconciled</association> <no>the</no> <no>same</no> <no>as</no> <no>tabular</no> <class>records</class>. 
<no>Reconnect.Document.Maps</no> <no>The</no> <no>tool</no> <no>will</no> <no>post</no> <no>a</no> <no>copy</no> <no>of</no> <no>the</no> <no>traveling</no> <no>or</no> <no>portable</no> <no>MXD</no> <no>to</no> <no>the</no> <no>system</no> <no>for</no> <no>the</no> <class>user</class> <no>to</no> <no>use</no>.  <no>It</no> <no>is</no> <no>expected</no> <no>that</no> <no>the</no> <no>MXD</no> <no>will</no> <no>contain</no> <no>graphics</no>/<no>digital</no> <no>links</no> <no>collected</no> <no>in</no> <no>the</no> <no>field</no>. 
 
<no>4.8</no>. <class>Lookup</class> <no>Table</no> <no>Management</no> 
<no>4.8.1</no>. <no>Description</no> <no>and</no> <no>Priority</no> 
<no>This</no> <no>section</no> <no>describes</no> <no>the</no> <no>management</no> <no>of</no> <no>lookup</no> <no>tables</no> <no>in</no> <no>the</no> <no>database</no>.  (<no>Mandatory</no>)  
<no>4.8.2</no>. <no>Stimulus</no>/<no>Response</no> <no>Sequences</no> 
<no>Stimulus</no>:<no>1</no> <no>The</no> <class>user</class> <association>clicks</association> <no>on</no> <no>the</no> <class>lookup</class> <no>management</no> <no>interface</no> <no>button</no>. <no>Response</no>: <no>The</no> <no>system</no> <no>will</no> <method>load</method> <no>a</no> <class>lookup</class> <no>table</no> <no>editing</no> <method>form</method>. 
 <no>Stimulus</no>:<no>2</no> <no>The</no> <class>user</class> <association>selects</association> <no>from</no> <no>a</no> <no>list</no> <no>the</no> <class>lookup</class> <no>table</no> <no>to</no> <method>modify</method>. 
<no>Response</no>: <no>The</no> <no>system</no> <no>will</no> <method>load</method> <no>the</no> <no>appropriate</no> <class>lookup</class> <no>table</no> <no>into</no> <no>an</no> <no>edit</no> <no>form</no>. 
 <no>Stimulus</no>:<no>3</no> <no>The</no> <class>user</class> <association>edits</association> <no>the</no> <class>lookup</class> <no>values</no> <no>in</no> <no>the</no> <no>form</no> (<no>Add</no>/<no>Modify</no>).  <no>Response</no>: <no>The</no> <no>system</no> <no>will</no> <method>modify</method> <no>the</no> <class>lookup</class> <no>table</no> <no>information</no>. 
 <no>Stimulus</no>:<no>4</no> <no>The</no> <class>user</class> <no>attempts</no> <no>to</no> <association>obsolete</association> <no>a</no> <class>lookup</class> <no>value</no>.  
<no>Response</no>: <no>The</no> <no>system</no> <no>will</no> <method>query</method> <no>the</no> <no>database</no> <no>for</no> <no>instances</no> <no>of</no> <no>the</no> <method>lookup</method> <no>value</no> <no>in</no> <no>use</no>.  <no>If</no> <no>found</no>, <no>the</no> <method>obsolete request</method> <no>will</no> <method>not</method> <no>be</no> <method>allowed</method>.     
<no>4.8.3</no>. <no>Functional</no> <no>Requirements</no> 
<no>Lookup.Form.Edit</no> <no>The</no> <no>tool</no> <no>shall</no> <method>provide</method> <no>a</no> <no>form</no> <no>for</no> <no>the</no> <method>editing</method> <no>of</no> <class>lookup</class> <no>table</no> <class>records</class>. 
<no>Lookup.Record.Obsolete</no> <no>The</no> <no>tool</no> <no>shall</no> <method>query</method> <no>the</no> <method>database</method> <no>for</no> <no>instances</no> <no>of</no> <no>the</no> <class>lookup</class> <no>value</no> <no>in</no> <no>use</no>.  <no>If</no> <no>found</no>, <no>the</no> <no>obsolete</no> <no>request</no> <no>will</no> <no>not</no> <no>be</no> <no>allowed</no>. 
<no>Lookup.Modification.Config</no> <no>The</no> <no>tool</no> <no>shall</no> <method>provide</method> <no>a</no> <method>configuration file </method><no>which</no> <no>will</no> <no>control</no> <no>the</no> <no>access</no> <no>of</no> <no>modification</no> <no>of</no> <class>lookup</class> <no>tables</no>. 
 
</document>
